static const uint8_t starblade_compute_metal[38961] =
{
	0x43, 0x53, 0x48, 0x0b, 0x00, 0x00, 0x00, 0x00, 0x00, 0x00, 0x00, 0x00, 0x0c, 0x00, 0x04, 0x62, // CSH............b
	0x69, 0x6e, 0x73, 0x01, 0x01, 0xff, 0xff, 0x01, 0x00, 0x00, 0x00, 0x00, 0x00, 0x07, 0x70, 0x61, // ins...........pa
	0x6c, 0x65, 0x74, 0x74, 0x65, 0x01, 0x01, 0xff, 0xff, 0x01, 0x00, 0x00, 0x00, 0x00, 0x00, 0x05, // lette...........
	0x73, 0x70, 0x61, 0x6e, 0x73, 0x01, 0x01, 0xff, 0xff, 0x01, 0x00, 0x00, 0x00, 0x00, 0x00, 0x0b, // spans...........
	0x77, 0x69, 0x64, 0x65, 0x53, 0x70, 0x72, 0x69, 0x74, 0x65, 0x73, 0x01, 0x01, 0xff, 0xff, 0x01, // wideSprites.....
	0x00, 0x00, 0x00, 0x00, 0x00, 0x07, 0x73, 0x70, 0x72, 0x69, 0x74, 0x65, 0x73, 0x01, 0x01, 0xff, // ......sprites...
	0xff, 0x01, 0x00, 0x00, 0x00, 0x00, 0x00, 0x08, 0x77, 0x69, 0x72, 0x65, 0x4d, 0x61, 0x73, 0x6b, // ........wireMask
	0x01, 0x01, 0xff, 0xff, 0x01, 0x00, 0x00, 0x00, 0x00, 0x00, 0x0b, 0x6f, 0x75, 0x74, 0x70, 0x75, // ...........outpu
	0x74, 0x49, 0x6d, 0x61, 0x67, 0x65, 0x01, 0x01, 0xff, 0xff, 0x01, 0x00, 0x00, 0x00, 0x00, 0x00, // tImage..........
	0x04, 0x62, 0x69, 0x6e, 0x73, 0x00, 0x00, 0x00, 0x00, 0x00, 0x00, 0x00, 0x00, 0x00, 0x00, 0x07, // .bins...........
	0x70, 0x61, 0x6c, 0x65, 0x74, 0x74, 0x65, 0x00, 0x00, 0x00, 0x00, 0x00, 0x00, 0x00, 0x00, 0x00, // palette.........
	0x00, 0x05, 0x73, 0x70, 0x61, 0x6e, 0x73, 0x00, 0x00, 0x00, 0x00, 0x00, 0x00, 0x00, 0x00, 0x00, // ..spans.........
	0x00, 0x0b, 0x77, 0x69, 0x64, 0x65, 0x53, 0x70, 0x72, 0x69, 0x74, 0x65, 0x73, 0x00, 0x00, 0x00, // ..wideSprites...
	0x00, 0x00, 0x00, 0x00, 0x00, 0x00, 0x00, 0x07, 0x73, 0x70, 0x72, 0x69, 0x74, 0x65, 0x73, 0x00, // ........sprites.
	0x00, 0x00, 0x00, 0x00, 0x00, 0x00, 0x00, 0x00, 0x00, 0x20, 0x00, 0x01, 0x00, 0x01, 0x00, 0x3a, // ......... .....:
	0x97, 0x00, 0x00, 0x23, 0x69, 0x6e, 0x63, 0x6c, 0x75, 0x64, 0x65, 0x20, 0x3c, 0x6d, 0x65, 0x74, // ...#include <met
	0x61, 0x6c, 0x5f, 0x73, 0x74, 0x64, 0x6c, 0x69, 0x62, 0x3e, 0x0a, 0x23, 0x69, 0x6e, 0x63, 0x6c, // al_stdlib>.#incl
	0x75, 0x64, 0x65, 0x20, 0x3c, 0x73, 0x69, 0x6d, 0x64, 0x2f, 0x73, 0x69, 0x6d, 0x64, 0x2e, 0x68, // ude <simd/simd.h
	0x3e, 0x0a, 0x0a, 0x75, 0x73, 0x69, 0x6e, 0x67, 0x20, 0x6e, 0x61, 0x6d, 0x65, 0x73, 0x70, 0x61, // >..using namespa
	0x63, 0x65, 0x20, 0x6d, 0x65, 0x74, 0x61, 0x6c, 0x3b, 0x0a, 0x0a, 0x6b, 0x65, 0x72, 0x6e, 0x65, // ce metal;..kerne
	0x6c, 0x20, 0x76, 0x6f, 0x69, 0x64, 0x20, 0x78, 0x6c, 0x61, 0x74, 0x4d, 0x74, 0x6c, 0x4d, 0x61, // l void xlatMtlMa
	0x69, 0x6e, 0x28, 0x74, 0x65, 0x78, 0x74, 0x75, 0x72, 0x65, 0x32, 0x64, 0x3c, 0x75, 0x69, 0x6e, // in(texture2d<uin
	0x74, 0x3e, 0x20, 0x73, 0x70, 0x61, 0x6e, 0x73, 0x20, 0x5b, 0x5b, 0x74, 0x65, 0x78, 0x74, 0x75, // t> spans [[textu
	0x72, 0x65, 0x28, 0x30, 0x29, 0x5d, 0x5d, 0x2c, 0x20, 0x74, 0x65, 0x78, 0x74, 0x75, 0x72, 0x65, // re(0)]], texture
	0x32, 0x64, 0x3c, 0x75, 0x69, 0x6e, 0x74, 0x3e, 0x20, 0x62, 0x69, 0x6e, 0x73, 0x20, 0x5b, 0x5b, // 2d<uint> bins [[
	0x74, 0x65, 0x78, 0x74, 0x75, 0x72, 0x65, 0x28, 0x31, 0x29, 0x5d, 0x5d, 0x2c, 0x20, 0x74, 0x65, // texture(1)]], te
	0x78, 0x74, 0x75, 0x72, 0x65, 0x32, 0x64, 0x3c, 0x75, 0x69, 0x6e, 0x74, 0x3e, 0x20, 0x73, 0x70, // xture2d<uint> sp
	0x72, 0x69, 0x74, 0x65, 0x73, 0x20, 0x5b, 0x5b, 0x74, 0x65, 0x78, 0x74, 0x75, 0x72, 0x65, 0x28, // rites [[texture(
	0x32, 0x29, 0x5d, 0x5d, 0x2c, 0x20, 0x74, 0x65, 0x78, 0x74, 0x75, 0x72, 0x65, 0x32, 0x64, 0x3c, // 2)]], texture2d<
	0x75, 0x69, 0x6e, 0x74, 0x3e, 0x20, 0x77, 0x69, 0x64, 0x65, 0x53, 0x70, 0x72, 0x69, 0x74, 0x65, // uint> wideSprite
	0x73, 0x20, 0x5b, 0x5b, 0x74, 0x65, 0x78, 0x74, 0x75, 0x72, 0x65, 0x28, 0x33, 0x29, 0x5d, 0x5d, // s [[texture(3)]]
	0x2c, 0x20, 0x74, 0x65, 0x78, 0x74, 0x75, 0x72, 0x65, 0x32, 0x64, 0x3c, 0x75, 0x69, 0x6e, 0x74, // , texture2d<uint
	0x3e, 0x20, 0x70, 0x61, 0x6c, 0x65, 0x74, 0x74, 0x65, 0x20, 0x5b, 0x5b, 0x74, 0x65, 0x78, 0x74, // > palette [[text
	0x75, 0x72, 0x65, 0x28, 0x34, 0x29, 0x5d, 0x5d, 0x2c, 0x20, 0x74, 0x65, 0x78, 0x74, 0x75, 0x72, // ure(4)]], textur
	0x65, 0x32, 0x64, 0x3c, 0x66, 0x6c, 0x6f, 0x61, 0x74, 0x2c, 0x20, 0x61, 0x63, 0x63, 0x65, 0x73, // e2d<float, acces
	0x73, 0x3a, 0x3a, 0x77, 0x72, 0x69, 0x74, 0x65, 0x3e, 0x20, 0x6f, 0x75, 0x74, 0x70, 0x75, 0x74, // s::write> output
	0x49, 0x6d, 0x61, 0x67, 0x65, 0x20, 0x5b, 0x5b, 0x74, 0x65, 0x78, 0x74, 0x75, 0x72, 0x65, 0x28, // Image [[texture(
	0x35, 0x29, 0x5d, 0x5d, 0x2c, 0x20, 0x74, 0x65, 0x78, 0x74, 0x75, 0x72, 0x65, 0x32, 0x64, 0x3c, // 5)]], texture2d<
	0x66, 0x6c, 0x6f, 0x61, 0x74, 0x2c, 0x20, 0x61, 0x63, 0x63, 0x65, 0x73, 0x73, 0x3a, 0x3a, 0x77, // float, access::w
	0x72, 0x69, 0x74, 0x65, 0x3e, 0x20, 0x77, 0x69, 0x72, 0x65, 0x4d, 0x61, 0x73, 0x6b, 0x20, 0x5b, // rite> wireMask [
	0x5b, 0x74, 0x65, 0x78, 0x74, 0x75, 0x72, 0x65, 0x28, 0x36, 0x29, 0x5d, 0x5d, 0x2c, 0x20, 0x75, // [texture(6)]], u
	0x69, 0x6e, 0x74, 0x33, 0x20, 0x67, 0x6c, 0x5f, 0x47, 0x6c, 0x6f, 0x62, 0x61, 0x6c, 0x49, 0x6e, // int3 gl_GlobalIn
	0x76, 0x6f, 0x63, 0x61, 0x74, 0x69, 0x6f, 0x6e, 0x49, 0x44, 0x20, 0x5b, 0x5b, 0x74, 0x68, 0x72, // vocationID [[thr
	0x65, 0x61, 0x64, 0x5f, 0x70, 0x6f, 0x73, 0x69, 0x74, 0x69, 0x6f, 0x6e, 0x5f, 0x69, 0x6e, 0x5f, // ead_position_in_
	0x67, 0x72, 0x69, 0x64, 0x5d, 0x5d, 0x29, 0x0a, 0x7b, 0x0a, 0x20, 0x20, 0x20, 0x20, 0x64, 0x6f, // grid]]).{.    do
	0x0a, 0x20, 0x20, 0x20, 0x20, 0x7b, 0x0a, 0x20, 0x20, 0x20, 0x20, 0x20, 0x20, 0x20, 0x20, 0x75, // .    {.        u
	0x69, 0x6e, 0x74, 0x34, 0x20, 0x5f, 0x31, 0x33, 0x30, 0x38, 0x20, 0x3d, 0x20, 0x70, 0x61, 0x6c, // int4 _1308 = pal
	0x65, 0x74, 0x74, 0x65, 0x2e, 0x72, 0x65, 0x61, 0x64, 0x28, 0x75, 0x69, 0x6e, 0x74, 0x32, 0x28, // ette.read(uint2(
	0x69, 0x6e, 0x74, 0x32, 0x28, 0x31, 0x37, 0x2c, 0x20, 0x31, 0x34, 0x34, 0x29, 0x29, 0x2c, 0x20, // int2(17, 144)),
	0x30, 0x29, 0x3b, 0x0a, 0x20, 0x20, 0x20, 0x20, 0x20, 0x20, 0x20, 0x20, 0x75, 0x69, 0x6e, 0x74, // 0);.        uint
	0x20, 0x5f, 0x31, 0x33, 0x30, 0x39, 0x20, 0x3d, 0x20, 0x5f, 0x31, 0x33, 0x30, 0x38, 0x2e, 0x78, //  _1309 = _1308.x
	0x3b, 0x0a, 0x20, 0x20, 0x20, 0x20, 0x20, 0x20, 0x20, 0x20, 0x75, 0x69, 0x6e, 0x74, 0x20, 0x5f, // ;.        uint _
	0x31, 0x31, 0x39, 0x39, 0x20, 0x3d, 0x20, 0x75, 0x69, 0x6e, 0x74, 0x28, 0x69, 0x6e, 0x74, 0x33, // 1199 = uint(int3
	0x28, 0x67, 0x6c, 0x5f, 0x47, 0x6c, 0x6f, 0x62, 0x61, 0x6c, 0x49, 0x6e, 0x76, 0x6f, 0x63, 0x61, // (gl_GlobalInvoca
	0x74, 0x69, 0x6f, 0x6e, 0x49, 0x44, 0x29, 0x2e, 0x78, 0x29, 0x3b, 0x0a, 0x20, 0x20, 0x20, 0x20, // tionID).x);.
	0x20, 0x20, 0x20, 0x20, 0x75, 0x69, 0x6e, 0x74, 0x20, 0x5f, 0x31, 0x32, 0x30, 0x32, 0x20, 0x3d, //     uint _1202 =
	0x20, 0x75, 0x69, 0x6e, 0x74, 0x28, 0x69, 0x6e, 0x74, 0x33, 0x28, 0x67, 0x6c, 0x5f, 0x47, 0x6c, //  uint(int3(gl_Gl
	0x6f, 0x62, 0x61, 0x6c, 0x49, 0x6e, 0x76, 0x6f, 0x63, 0x61, 0x74, 0x69, 0x6f, 0x6e, 0x49, 0x44, // obalInvocationID
	0x29, 0x2e, 0x79, 0x29, 0x3b, 0x0a, 0x20, 0x20, 0x20, 0x20, 0x20, 0x20, 0x20, 0x20, 0x69, 0x66, // ).y);.        if
	0x20, 0x28, 0x28, 0x5f, 0x31, 0x31, 0x39, 0x39, 0x20, 0x3e, 0x3d, 0x20, 0x5f, 0x31, 0x33, 0x30, //  ((_1199 >= _130
	0x39, 0x29, 0x20, 0x7c, 0x7c, 0x20, 0x28, 0x5f, 0x31, 0x32, 0x30, 0x32, 0x20, 0x3e, 0x3d, 0x20, // 9) || (_1202 >=
	0x31, 0x30, 0x38, 0x30, 0x75, 0x29, 0x29, 0x0a, 0x20, 0x20, 0x20, 0x20, 0x20, 0x20, 0x20, 0x20, // 1080u)).
	0x7b, 0x0a, 0x20, 0x20, 0x20, 0x20, 0x20, 0x20, 0x20, 0x20, 0x20, 0x20, 0x20, 0x20, 0x62, 0x72, // {.            br
	0x65, 0x61, 0x6b, 0x3b, 0x0a, 0x20, 0x20, 0x20, 0x20, 0x20, 0x20, 0x20, 0x20, 0x7d, 0x0a, 0x20, // eak;.        }.
	0x20, 0x20, 0x20, 0x20, 0x20, 0x20, 0x20, 0x62, 0x6f, 0x6f, 0x6c, 0x20, 0x5f, 0x31, 0x32, 0x31, //        bool _121
	0x34, 0x20, 0x3d, 0x20, 0x70, 0x61, 0x6c, 0x65, 0x74, 0x74, 0x65, 0x2e, 0x72, 0x65, 0x61, 0x64, // 4 = palette.read
	0x28, 0x75, 0x69, 0x6e, 0x74, 0x32, 0x28, 0x69, 0x6e, 0x74, 0x32, 0x28, 0x32, 0x36, 0x2c, 0x20, // (uint2(int2(26,
	0x31, 0x34, 0x34, 0x29, 0x29, 0x2c, 0x20, 0x30, 0x29, 0x2e, 0x78, 0x20, 0x21, 0x3d, 0x20, 0x30, // 144)), 0).x != 0
	0x75, 0x3b, 0x0a, 0x20, 0x20, 0x20, 0x20, 0x20, 0x20, 0x20, 0x20, 0x75, 0x69, 0x6e, 0x74, 0x20, // u;.        uint
	0x5f, 0x31, 0x32, 0x32, 0x34, 0x20, 0x3d, 0x20, 0x5f, 0x31, 0x32, 0x31, 0x34, 0x20, 0x3f, 0x20, // _1224 = _1214 ?
	0x28, 0x28, 0x28, 0x28, 0x5f, 0x31, 0x33, 0x30, 0x39, 0x20, 0x2a, 0x20, 0x32, 0x30, 0x39, 0x75, // ((((_1309 * 209u
	0x29, 0x20, 0x2f, 0x20, 0x32, 0x75, 0x29, 0x20, 0x2b, 0x20, 0x28, 0x5f, 0x31, 0x31, 0x39, 0x39, // ) / 2u) + (_1199
	0x20, 0x2a, 0x20, 0x38, 0x37, 0x31, 0x75, 0x29, 0x29, 0x20, 0x2f, 0x20, 0x31, 0x30, 0x38, 0x30, //  * 871u)) / 1080
	0x75, 0x29, 0x20, 0x3a, 0x20, 0x5f, 0x31, 0x31, 0x39, 0x39, 0x3b, 0x0a, 0x20, 0x20, 0x20, 0x20, // u) : _1199;.
	0x20, 0x20, 0x20, 0x20, 0x75, 0x69, 0x6e, 0x74, 0x20, 0x5f, 0x31, 0x32, 0x33, 0x31, 0x20, 0x3d, //     uint _1231 =
	0x20, 0x5f, 0x31, 0x32, 0x31, 0x34, 0x20, 0x3f, 0x20, 0x28, 0x32, 0x30, 0x39, 0x75, 0x20, 0x2b, //  _1214 ? (209u +
	0x20, 0x28, 0x28, 0x5f, 0x31, 0x32, 0x30, 0x32, 0x20, 0x2a, 0x20, 0x38, 0x37, 0x31, 0x75, 0x29, //  ((_1202 * 871u)
	0x20, 0x2f, 0x20, 0x31, 0x30, 0x38, 0x30, 0x75, 0x29, 0x29, 0x20, 0x3a, 0x20, 0x5f, 0x31, 0x32, //  / 1080u)) : _12
	0x30, 0x32, 0x3b, 0x0a, 0x20, 0x20, 0x20, 0x20, 0x20, 0x20, 0x20, 0x20, 0x75, 0x69, 0x6e, 0x74, // 02;.        uint
	0x34, 0x20, 0x5f, 0x32, 0x30, 0x34, 0x38, 0x20, 0x3d, 0x20, 0x70, 0x61, 0x6c, 0x65, 0x74, 0x74, // 4 _2048 = palett
	0x65, 0x2e, 0x72, 0x65, 0x61, 0x64, 0x28, 0x75, 0x69, 0x6e, 0x74, 0x32, 0x28, 0x69, 0x6e, 0x74, // e.read(uint2(int
	0x32, 0x28, 0x30, 0x2c, 0x20, 0x31, 0x34, 0x34, 0x29, 0x29, 0x2c, 0x20, 0x30, 0x29, 0x3b, 0x0a, // 2(0, 144)), 0);.
	0x20, 0x20, 0x20, 0x20, 0x20, 0x20, 0x20, 0x20, 0x75, 0x69, 0x6e, 0x74, 0x20, 0x5f, 0x32, 0x30, //         uint _20
	0x34, 0x39, 0x20, 0x3d, 0x20, 0x5f, 0x32, 0x30, 0x34, 0x38, 0x2e, 0x78, 0x3b, 0x0a, 0x20, 0x20, // 49 = _2048.x;.
	0x20, 0x20, 0x20, 0x20, 0x20, 0x20, 0x75, 0x69, 0x6e, 0x74, 0x34, 0x20, 0x5f, 0x32, 0x30, 0x35, //       uint4 _205
	0x35, 0x20, 0x3d, 0x20, 0x70, 0x61, 0x6c, 0x65, 0x74, 0x74, 0x65, 0x2e, 0x72, 0x65, 0x61, 0x64, // 5 = palette.read
	0x28, 0x75, 0x69, 0x6e, 0x74, 0x32, 0x28, 0x69, 0x6e, 0x74, 0x32, 0x28, 0x31, 0x37, 0x2c, 0x20, // (uint2(int2(17,
	0x31, 0x34, 0x34, 0x29, 0x29, 0x2c, 0x20, 0x30, 0x29, 0x3b, 0x0a, 0x20, 0x20, 0x20, 0x20, 0x20, // 144)), 0);.
	0x20, 0x20, 0x20, 0x75, 0x69, 0x6e, 0x74, 0x20, 0x5f, 0x32, 0x30, 0x35, 0x36, 0x20, 0x3d, 0x20, //    uint _2056 =
	0x5f, 0x32, 0x30, 0x35, 0x35, 0x2e, 0x78, 0x3b, 0x0a, 0x20, 0x20, 0x20, 0x20, 0x20, 0x20, 0x20, // _2055.x;.
	0x20, 0x75, 0x69, 0x6e, 0x74, 0x20, 0x5f, 0x31, 0x34, 0x35, 0x32, 0x20, 0x3d, 0x20, 0x28, 0x28, //  uint _1452 = ((
	0x5f, 0x31, 0x32, 0x33, 0x31, 0x20, 0x2a, 0x20, 0x28, 0x28, 0x5f, 0x32, 0x30, 0x35, 0x36, 0x20, // _1231 * ((_2056
	0x2b, 0x20, 0x33, 0x31, 0x75, 0x29, 0x20, 0x2f, 0x20, 0x33, 0x32, 0x75, 0x29, 0x29, 0x20, 0x2b, // + 31u) / 32u)) +
	0x20, 0x28, 0x5f, 0x31, 0x32, 0x32, 0x34, 0x20, 0x2f, 0x20, 0x33, 0x32, 0x75, 0x29, 0x29, 0x20, //  (_1224 / 32u))
	0x2a, 0x20, 0x32, 0x75, 0x3b, 0x0a, 0x20, 0x20, 0x20, 0x20, 0x20, 0x20, 0x20, 0x20, 0x75, 0x69, // * 2u;.        ui
	0x6e, 0x74, 0x34, 0x20, 0x5f, 0x32, 0x30, 0x39, 0x30, 0x20, 0x3d, 0x20, 0x62, 0x69, 0x6e, 0x73, // nt4 _2090 = bins
	0x2e, 0x72, 0x65, 0x61, 0x64, 0x28, 0x75, 0x69, 0x6e, 0x74, 0x32, 0x28, 0x69, 0x6e, 0x74, 0x32, // .read(uint2(int2
	0x28, 0x69, 0x6e, 0x74, 0x28, 0x5f, 0x31, 0x34, 0x35, 0x32, 0x20, 0x25, 0x20, 0x32, 0x30, 0x34, // (int(_1452 % 204
	0x38, 0x75, 0x29, 0x2c, 0x20, 0x69, 0x6e, 0x74, 0x28, 0x5f, 0x31, 0x34, 0x35, 0x32, 0x20, 0x2f, // 8u), int(_1452 /
	0x20, 0x32, 0x30, 0x34, 0x38, 0x75, 0x29, 0x29, 0x29, 0x2c, 0x20, 0x30, 0x29, 0x3b, 0x0a, 0x20, //  2048u))), 0);.
	0x20, 0x20, 0x20, 0x20, 0x20, 0x20, 0x20, 0x75, 0x69, 0x6e, 0x74, 0x20, 0x5f, 0x32, 0x30, 0x39, //        uint _209
	0x31, 0x20, 0x3d, 0x20, 0x5f, 0x32, 0x30, 0x39, 0x30, 0x2e, 0x78, 0x3b, 0x0a, 0x20, 0x20, 0x20, // 1 = _2090.x;.
	0x20, 0x20, 0x20, 0x20, 0x20, 0x75, 0x69, 0x6e, 0x74, 0x20, 0x5f, 0x31, 0x34, 0x35, 0x36, 0x20, //      uint _1456
	0x3d, 0x20, 0x5f, 0x31, 0x34, 0x35, 0x32, 0x20, 0x2b, 0x20, 0x31, 0x75, 0x3b, 0x0a, 0x20, 0x20, // = _1452 + 1u;.
	0x20, 0x20, 0x20, 0x20, 0x20, 0x20, 0x75, 0x69, 0x6e, 0x74, 0x34, 0x20, 0x5f, 0x32, 0x31, 0x31, //       uint4 _211
	0x31, 0x20, 0x3d, 0x20, 0x62, 0x69, 0x6e, 0x73, 0x2e, 0x72, 0x65, 0x61, 0x64, 0x28, 0x75, 0x69, // 1 = bins.read(ui
	0x6e, 0x74, 0x32, 0x28, 0x69, 0x6e, 0x74, 0x32, 0x28, 0x69, 0x6e, 0x74, 0x28, 0x5f, 0x31, 0x34, // nt2(int2(int(_14
	0x35, 0x36, 0x20, 0x25, 0x20, 0x32, 0x30, 0x34, 0x38, 0x75, 0x29, 0x2c, 0x20, 0x69, 0x6e, 0x74, // 56 % 2048u), int
	0x28, 0x5f, 0x31, 0x34, 0x35, 0x36, 0x20, 0x2f, 0x20, 0x32, 0x30, 0x34, 0x38, 0x75, 0x29, 0x29, // (_1456 / 2048u))
	0x29, 0x2c, 0x20, 0x30, 0x29, 0x3b, 0x0a, 0x20, 0x20, 0x20, 0x20, 0x20, 0x20, 0x20, 0x20, 0x75, // ), 0);.        u
	0x69, 0x6e, 0x74, 0x20, 0x5f, 0x32, 0x31, 0x31, 0x32, 0x20, 0x3d, 0x20, 0x5f, 0x32, 0x31, 0x31, // int _2112 = _211
	0x31, 0x2e, 0x78, 0x3b, 0x0a, 0x20, 0x20, 0x20, 0x20, 0x20, 0x20, 0x20, 0x20, 0x75, 0x69, 0x6e, // 1.x;.        uin
	0x74, 0x20, 0x5f, 0x33, 0x39, 0x33, 0x31, 0x3b, 0x0a, 0x20, 0x20, 0x20, 0x20, 0x20, 0x20, 0x20, // t _3931;.
	0x20, 0x75, 0x69, 0x6e, 0x74, 0x20, 0x5f, 0x33, 0x39, 0x33, 0x32, 0x3b, 0x0a, 0x20, 0x20, 0x20, //  uint _3932;.
	0x20, 0x20, 0x20, 0x20, 0x20, 0x75, 0x69, 0x6e, 0x74, 0x20, 0x5f, 0x33, 0x39, 0x33, 0x33, 0x3b, //      uint _3933;
	0x0a, 0x20, 0x20, 0x20, 0x20, 0x20, 0x20, 0x20, 0x20, 0x75, 0x69, 0x6e, 0x74, 0x20, 0x5f, 0x33, // .        uint _3
	0x39, 0x35, 0x35, 0x3b, 0x0a, 0x20, 0x20, 0x20, 0x20, 0x20, 0x20, 0x20, 0x20, 0x75, 0x69, 0x6e, // 955;.        uin
	0x74, 0x20, 0x5f, 0x34, 0x30, 0x37, 0x36, 0x3b, 0x0a, 0x20, 0x20, 0x20, 0x20, 0x20, 0x20, 0x20, // t _4076;.
	0x20, 0x5f, 0x34, 0x30, 0x37, 0x36, 0x20, 0x3d, 0x20, 0x30, 0x75, 0x3b, 0x0a, 0x20, 0x20, 0x20, //  _4076 = 0u;.
	0x20, 0x20, 0x20, 0x20, 0x20, 0x5f, 0x33, 0x39, 0x35, 0x35, 0x20, 0x3d, 0x20, 0x30, 0x75, 0x3b, //      _3955 = 0u;
	0x0a, 0x20, 0x20, 0x20, 0x20, 0x20, 0x20, 0x20, 0x20, 0x5f, 0x33, 0x39, 0x33, 0x33, 0x20, 0x3d, // .        _3933 =
	0x20, 0x33, 0x32, 0x37, 0x36, 0x38, 0x75, 0x3b, 0x0a, 0x20, 0x20, 0x20, 0x20, 0x20, 0x20, 0x20, //  32768u;.
	0x20, 0x5f, 0x33, 0x39, 0x33, 0x32, 0x20, 0x3d, 0x20, 0x33, 0x32, 0x37, 0x36, 0x38, 0x75, 0x3b, //  _3932 = 32768u;
	0x0a, 0x20, 0x20, 0x20, 0x20, 0x20, 0x20, 0x20, 0x20, 0x5f, 0x33, 0x39, 0x33, 0x31, 0x20, 0x3d, // .        _3931 =
	0x20, 0x30, 0x75, 0x3b, 0x0a, 0x20, 0x20, 0x20, 0x20, 0x20, 0x20, 0x20, 0x20, 0x75, 0x69, 0x6e, //  0u;.        uin
	0x74, 0x20, 0x5f, 0x34, 0x34, 0x30, 0x34, 0x3b, 0x0a, 0x20, 0x20, 0x20, 0x20, 0x20, 0x20, 0x20, // t _4404;.
	0x20, 0x75, 0x69, 0x6e, 0x74, 0x20, 0x5f, 0x34, 0x34, 0x31, 0x32, 0x3b, 0x0a, 0x20, 0x20, 0x20, //  uint _4412;.
	0x20, 0x20, 0x20, 0x20, 0x20, 0x75, 0x69, 0x6e, 0x74, 0x20, 0x5f, 0x34, 0x34, 0x31, 0x36, 0x3b, //      uint _4416;
	0x0a, 0x20, 0x20, 0x20, 0x20, 0x20, 0x20, 0x20, 0x20, 0x75, 0x69, 0x6e, 0x74, 0x20, 0x5f, 0x34, // .        uint _4
	0x34, 0x32, 0x30, 0x3b, 0x0a, 0x20, 0x20, 0x20, 0x20, 0x20, 0x20, 0x20, 0x20, 0x75, 0x69, 0x6e, // 420;.        uin
	0x74, 0x20, 0x5f, 0x34, 0x34, 0x32, 0x38, 0x3b, 0x0a, 0x20, 0x20, 0x20, 0x20, 0x20, 0x20, 0x20, // t _4428;.
	0x20, 0x66, 0x6f, 0x72, 0x20, 0x28, 0x75, 0x69, 0x6e, 0x74, 0x20, 0x5f, 0x33, 0x39, 0x33, 0x30, //  for (uint _3930
	0x20, 0x3d, 0x20, 0x30, 0x75, 0x3b, 0x20, 0x5f, 0x33, 0x39, 0x33, 0x30, 0x20, 0x3c, 0x20, 0x5f, //  = 0u; _3930 < _
	0x32, 0x31, 0x31, 0x32, 0x3b, 0x20, 0x5f, 0x34, 0x30, 0x37, 0x36, 0x20, 0x3d, 0x20, 0x5f, 0x34, // 2112; _4076 = _4
	0x34, 0x32, 0x38, 0x2c, 0x20, 0x5f, 0x33, 0x39, 0x35, 0x35, 0x20, 0x3d, 0x20, 0x5f, 0x34, 0x34, // 428, _3955 = _44
	0x32, 0x30, 0x2c, 0x20, 0x5f, 0x33, 0x39, 0x33, 0x33, 0x20, 0x3d, 0x20, 0x5f, 0x34, 0x34, 0x31, // 20, _3933 = _441
	0x36, 0x2c, 0x20, 0x5f, 0x33, 0x39, 0x33, 0x32, 0x20, 0x3d, 0x20, 0x5f, 0x34, 0x34, 0x31, 0x32, // 6, _3932 = _4412
	0x2c, 0x20, 0x5f, 0x33, 0x39, 0x33, 0x31, 0x20, 0x3d, 0x20, 0x5f, 0x34, 0x34, 0x30, 0x34, 0x2c, // , _3931 = _4404,
	0x20, 0x5f, 0x33, 0x39, 0x33, 0x30, 0x2b, 0x2b, 0x29, 0x0a, 0x20, 0x20, 0x20, 0x20, 0x20, 0x20, //  _3930++).
	0x20, 0x20, 0x7b, 0x0a, 0x20, 0x20, 0x20, 0x20, 0x20, 0x20, 0x20, 0x20, 0x20, 0x20, 0x20, 0x20, //   {.
	0x75, 0x69, 0x6e, 0x74, 0x20, 0x5f, 0x31, 0x34, 0x36, 0x36, 0x20, 0x3d, 0x20, 0x5f, 0x32, 0x30, // uint _1466 = _20
	0x39, 0x31, 0x20, 0x2b, 0x20, 0x5f, 0x33, 0x39, 0x33, 0x30, 0x3b, 0x0a, 0x20, 0x20, 0x20, 0x20, // 91 + _3930;.
	0x20, 0x20, 0x20, 0x20, 0x20, 0x20, 0x20, 0x20, 0x75, 0x69, 0x6e, 0x74, 0x34, 0x20, 0x5f, 0x32, //         uint4 _2
	0x31, 0x33, 0x32, 0x20, 0x3d, 0x20, 0x62, 0x69, 0x6e, 0x73, 0x2e, 0x72, 0x65, 0x61, 0x64, 0x28, // 132 = bins.read(
	0x75, 0x69, 0x6e, 0x74, 0x32, 0x28, 0x69, 0x6e, 0x74, 0x32, 0x28, 0x69, 0x6e, 0x74, 0x28, 0x5f, // uint2(int2(int(_
	0x31, 0x34, 0x36, 0x36, 0x20, 0x25, 0x20, 0x32, 0x30, 0x34, 0x38, 0x75, 0x29, 0x2c, 0x20, 0x69, // 1466 % 2048u), i
	0x6e, 0x74, 0x28, 0x5f, 0x31, 0x34, 0x36, 0x36, 0x20, 0x2f, 0x20, 0x32, 0x30, 0x34, 0x38, 0x75, // nt(_1466 / 2048u
	0x29, 0x29, 0x29, 0x2c, 0x20, 0x30, 0x29, 0x3b, 0x0a, 0x20, 0x20, 0x20, 0x20, 0x20, 0x20, 0x20, // ))), 0);.
	0x20, 0x20, 0x20, 0x20, 0x20, 0x75, 0x69, 0x6e, 0x74, 0x20, 0x5f, 0x32, 0x31, 0x33, 0x33, 0x20, //      uint _2133
	0x3d, 0x20, 0x5f, 0x32, 0x31, 0x33, 0x32, 0x2e, 0x78, 0x3b, 0x0a, 0x20, 0x20, 0x20, 0x20, 0x20, // = _2132.x;.
	0x20, 0x20, 0x20, 0x20, 0x20, 0x20, 0x20, 0x75, 0x69, 0x6e, 0x74, 0x34, 0x20, 0x5f, 0x32, 0x31, //        uint4 _21
	0x33, 0x39, 0x20, 0x3d, 0x20, 0x73, 0x70, 0x61, 0x6e, 0x73, 0x2e, 0x72, 0x65, 0x61, 0x64, 0x28, // 39 = spans.read(
	0x75, 0x69, 0x6e, 0x74, 0x32, 0x28, 0x69, 0x6e, 0x74, 0x32, 0x28, 0x69, 0x6e, 0x74, 0x28, 0x5f, // uint2(int2(int(_
	0x32, 0x31, 0x33, 0x33, 0x20, 0x25, 0x20, 0x32, 0x30, 0x34, 0x38, 0x75, 0x29, 0x2c, 0x20, 0x69, // 2133 % 2048u), i
	0x6e, 0x74, 0x28, 0x5f, 0x32, 0x31, 0x33, 0x33, 0x20, 0x2f, 0x20, 0x32, 0x30, 0x34, 0x38, 0x75, // nt(_2133 / 2048u
	0x29, 0x29, 0x29, 0x2c, 0x20, 0x30, 0x29, 0x3b, 0x0a, 0x20, 0x20, 0x20, 0x20, 0x20, 0x20, 0x20, // ))), 0);.
	0x20, 0x20, 0x20, 0x20, 0x20, 0x75, 0x69, 0x6e, 0x74, 0x20, 0x5f, 0x34, 0x33, 0x39, 0x31, 0x3b, //      uint _4391;
	0x0a, 0x20, 0x20, 0x20, 0x20, 0x20, 0x20, 0x20, 0x20, 0x20, 0x20, 0x20, 0x20, 0x69, 0x66, 0x20, // .            if
	0x28, 0x28, 0x5f, 0x32, 0x31, 0x33, 0x39, 0x2e, 0x7a, 0x20, 0x26, 0x20, 0x33, 0x32, 0x32, 0x31, // ((_2139.z & 3221
	0x32, 0x32, 0x35, 0x34, 0x37, 0x32, 0x75, 0x29, 0x20, 0x3d, 0x3d, 0x20, 0x33, 0x32, 0x32, 0x31, // 225472u) == 3221
	0x32, 0x32, 0x35, 0x34, 0x37, 0x32, 0x75, 0x29, 0x0a, 0x20, 0x20, 0x20, 0x20, 0x20, 0x20, 0x20, // 225472u).
	0x20, 0x20, 0x20, 0x20, 0x20, 0x7b, 0x0a, 0x20, 0x20, 0x20, 0x20, 0x20, 0x20, 0x20, 0x20, 0x20, //      {.
	0x20, 0x20, 0x20, 0x20, 0x20, 0x20, 0x20, 0x75, 0x69, 0x6e, 0x74, 0x34, 0x20, 0x5f, 0x32, 0x31, //        uint4 _21
	0x34, 0x34, 0x20, 0x3d, 0x20, 0x73, 0x70, 0x61, 0x6e, 0x73, 0x2e, 0x72, 0x65, 0x61, 0x64, 0x28, // 44 = spans.read(
	0x75, 0x69, 0x6e, 0x74, 0x32, 0x28, 0x69, 0x6e, 0x74, 0x32, 0x28, 0x69, 0x6e, 0x74, 0x28, 0x28, // uint2(int2(int((
	0x5f, 0x32, 0x31, 0x33, 0x33, 0x20, 0x2b, 0x20, 0x31, 0x75, 0x29, 0x20, 0x25, 0x20, 0x32, 0x30, // _2133 + 1u) % 20
	0x34, 0x38, 0x75, 0x29, 0x2c, 0x20, 0x69, 0x6e, 0x74, 0x28, 0x28, 0x5f, 0x32, 0x31, 0x33, 0x33, // 48u), int((_2133
	0x20, 0x2b, 0x20, 0x31, 0x75, 0x29, 0x20, 0x2f, 0x20, 0x32, 0x30, 0x34, 0x38, 0x75, 0x29, 0x29, //  + 1u) / 2048u))
	0x29, 0x2c, 0x20, 0x30, 0x29, 0x3b, 0x0a, 0x20, 0x20, 0x20, 0x20, 0x20, 0x20, 0x20, 0x20, 0x20, // ), 0);.
	0x20, 0x20, 0x20, 0x20, 0x20, 0x20, 0x20, 0x66, 0x6c, 0x6f, 0x61, 0x74, 0x32, 0x20, 0x5f, 0x32, //        float2 _2
	0x31, 0x34, 0x38, 0x20, 0x3d, 0x20, 0x61, 0x73, 0x5f, 0x74, 0x79, 0x70, 0x65, 0x3c, 0x66, 0x6c, // 148 = as_type<fl
	0x6f, 0x61, 0x74, 0x32, 0x3e, 0x28, 0x5f, 0x32, 0x31, 0x33, 0x39, 0x2e, 0x78, 0x79, 0x29, 0x3b, // oat2>(_2139.xy);
	0x0a, 0x20, 0x20, 0x20, 0x20, 0x20, 0x20, 0x20, 0x20, 0x20, 0x20, 0x20, 0x20, 0x20, 0x20, 0x20, // .
	0x20, 0x66, 0x6c, 0x6f, 0x61, 0x74, 0x32, 0x20, 0x5f, 0x31, 0x35, 0x30, 0x34, 0x20, 0x3d, 0x20, //  float2 _1504 =
	0x61, 0x73, 0x5f, 0x74, 0x79, 0x70, 0x65, 0x3c, 0x66, 0x6c, 0x6f, 0x61, 0x74, 0x32, 0x3e, 0x28, // as_type<float2>(
	0x5f, 0x32, 0x31, 0x34, 0x34, 0x2e, 0x78, 0x79, 0x29, 0x20, 0x2d, 0x20, 0x5f, 0x32, 0x31, 0x34, // _2144.xy) - _214
	0x38, 0x3b, 0x0a, 0x20, 0x20, 0x20, 0x20, 0x20, 0x20, 0x20, 0x20, 0x20, 0x20, 0x20, 0x20, 0x20, // 8;.
	0x20, 0x20, 0x20, 0x66, 0x6c, 0x6f, 0x61, 0x74, 0x32, 0x20, 0x5f, 0x31, 0x35, 0x31, 0x33, 0x20, //    float2 _1513
	0x3d, 0x20, 0x28, 0x66, 0x6c, 0x6f, 0x61, 0x74, 0x32, 0x28, 0x66, 0x6c, 0x6f, 0x61, 0x74, 0x28, // = (float2(float(
	0x5f, 0x31, 0x32, 0x32, 0x34, 0x29, 0x2c, 0x20, 0x66, 0x6c, 0x6f, 0x61, 0x74, 0x28, 0x5f, 0x31, // _1224), float(_1
	0x32, 0x33, 0x31, 0x29, 0x29, 0x20, 0x2b, 0x20, 0x66, 0x6c, 0x6f, 0x61, 0x74, 0x32, 0x28, 0x30, // 231)) + float2(0
	0x2e, 0x35, 0x29, 0x29, 0x20, 0x2d, 0x20, 0x5f, 0x32, 0x31, 0x34, 0x38, 0x3b, 0x0a, 0x20, 0x20, // .5)) - _2148;.
	0x20, 0x20, 0x20, 0x20, 0x20, 0x20, 0x20, 0x20, 0x20, 0x20, 0x20, 0x20, 0x20, 0x20, 0x66, 0x6c, //               fl
	0x6f, 0x61, 0x74, 0x20, 0x5f, 0x31, 0x35, 0x31, 0x36, 0x20, 0x3d, 0x20, 0x64, 0x6f, 0x74, 0x28, // oat _1516 = dot(
	0x5f, 0x31, 0x35, 0x30, 0x34, 0x2c, 0x20, 0x5f, 0x31, 0x35, 0x30, 0x34, 0x29, 0x3b, 0x0a, 0x20, // _1504, _1504);.
	0x20, 0x20, 0x20, 0x20, 0x20, 0x20, 0x20, 0x20, 0x20, 0x20, 0x20, 0x20, 0x20, 0x20, 0x20, 0x66, //                f
	0x6c, 0x6f, 0x61, 0x74, 0x20, 0x5f, 0x31, 0x35, 0x31, 0x39, 0x20, 0x3d, 0x20, 0x64, 0x6f, 0x74, // loat _1519 = dot
	0x28, 0x5f, 0x31, 0x35, 0x31, 0x33, 0x2c, 0x20, 0x5f, 0x31, 0x35, 0x30, 0x34, 0x29, 0x3b, 0x0a, // (_1513, _1504);.
	0x20, 0x20, 0x20, 0x20, 0x20, 0x20, 0x20, 0x20, 0x20, 0x20, 0x20, 0x20, 0x20, 0x20, 0x20, 0x20, //
	0x66, 0x6c, 0x6f, 0x61, 0x74, 0x20, 0x5f, 0x31, 0x35, 0x33, 0x30, 0x20, 0x3d, 0x20, 0x66, 0x6d, // float _1530 = fm
	0x61, 0x28, 0x5f, 0x31, 0x35, 0x31, 0x33, 0x2e, 0x78, 0x2c, 0x20, 0x5f, 0x31, 0x35, 0x30, 0x34, // a(_1513.x, _1504
	0x2e, 0x79, 0x2c, 0x20, 0x2d, 0x28, 0x5f, 0x31, 0x35, 0x31, 0x33, 0x2e, 0x79, 0x20, 0x2a, 0x20, // .y, -(_1513.y *
	0x5f, 0x31, 0x35, 0x30, 0x34, 0x2e, 0x78, 0x29, 0x29, 0x3b, 0x0a, 0x20, 0x20, 0x20, 0x20, 0x20, // _1504.x));.
	0x20, 0x20, 0x20, 0x20, 0x20, 0x20, 0x20, 0x20, 0x20, 0x20, 0x20, 0x66, 0x6c, 0x6f, 0x61, 0x74, //            float
	0x32, 0x20, 0x5f, 0x31, 0x35, 0x33, 0x33, 0x20, 0x3d, 0x20, 0x5f, 0x31, 0x35, 0x31, 0x33, 0x20, // 2 _1533 = _1513
	0x2d, 0x20, 0x5f, 0x31, 0x35, 0x30, 0x34, 0x3b, 0x0a, 0x20, 0x20, 0x20, 0x20, 0x20, 0x20, 0x20, // - _1504;.
	0x20, 0x20, 0x20, 0x20, 0x20, 0x20, 0x20, 0x20, 0x20, 0x66, 0x6c, 0x6f, 0x61, 0x74, 0x20, 0x5f, //          float _
	0x31, 0x35, 0x35, 0x31, 0x20, 0x3d, 0x20, 0x28, 0x5f, 0x31, 0x35, 0x31, 0x39, 0x20, 0x3c, 0x3d, // 1551 = (_1519 <=
	0x20, 0x30, 0x2e, 0x30, 0x29, 0x20, 0x3f, 0x20, 0x64, 0x6f, 0x74, 0x28, 0x5f, 0x31, 0x35, 0x31, //  0.0) ? dot(_151
	0x33, 0x2c, 0x20, 0x5f, 0x31, 0x35, 0x31, 0x33, 0x29, 0x20, 0x3a, 0x20, 0x28, 0x28, 0x5f, 0x31, // 3, _1513) : ((_1
	0x35, 0x31, 0x39, 0x20, 0x3e, 0x3d, 0x20, 0x5f, 0x31, 0x35, 0x31, 0x36, 0x29, 0x20, 0x3f, 0x20, // 519 >= _1516) ?
	0x64, 0x6f, 0x74, 0x28, 0x5f, 0x31, 0x35, 0x33, 0x33, 0x2c, 0x20, 0x5f, 0x31, 0x35, 0x33, 0x33, // dot(_1533, _1533
	0x29, 0x20, 0x3a, 0x20, 0x28, 0x28, 0x5f, 0x31, 0x35, 0x33, 0x30, 0x20, 0x2a, 0x20, 0x5f, 0x31, // ) : ((_1530 * _1
	0x35, 0x33, 0x30, 0x29, 0x20, 0x2f, 0x20, 0x5f, 0x31, 0x35, 0x31, 0x36, 0x29, 0x29, 0x3b, 0x0a, // 530) / _1516));.
	0x20, 0x20, 0x20, 0x20, 0x20, 0x20, 0x20, 0x20, 0x20, 0x20, 0x20, 0x20, 0x20, 0x20, 0x20, 0x20, //
	0x66, 0x6c, 0x6f, 0x61, 0x74, 0x20, 0x5f, 0x34, 0x33, 0x38, 0x30, 0x3b, 0x0a, 0x20, 0x20, 0x20, // float _4380;.
	0x20, 0x20, 0x20, 0x20, 0x20, 0x20, 0x20, 0x20, 0x20, 0x20, 0x20, 0x20, 0x20, 0x69, 0x66, 0x20, //              if
	0x28, 0x28, 0x5f, 0x31, 0x35, 0x31, 0x39, 0x20, 0x3e, 0x20, 0x30, 0x2e, 0x30, 0x29, 0x20, 0x26, // ((_1519 > 0.0) &
	0x26, 0x20, 0x28, 0x5f, 0x31, 0x35, 0x31, 0x39, 0x20, 0x3c, 0x20, 0x5f, 0x31, 0x35, 0x31, 0x36, // & (_1519 < _1516
	0x29, 0x29, 0x0a, 0x20, 0x20, 0x20, 0x20, 0x20, 0x20, 0x20, 0x20, 0x20, 0x20, 0x20, 0x20, 0x20, // )).
	0x20, 0x20, 0x20, 0x7b, 0x0a, 0x20, 0x20, 0x20, 0x20, 0x20, 0x20, 0x20, 0x20, 0x20, 0x20, 0x20, //    {.
	0x20, 0x20, 0x20, 0x20, 0x20, 0x20, 0x20, 0x20, 0x20, 0x66, 0x6c, 0x6f, 0x61, 0x74, 0x20, 0x5f, //          float _
	0x34, 0x33, 0x38, 0x31, 0x3b, 0x0a, 0x20, 0x20, 0x20, 0x20, 0x20, 0x20, 0x20, 0x20, 0x20, 0x20, // 4381;.
	0x20, 0x20, 0x20, 0x20, 0x20, 0x20, 0x20, 0x20, 0x20, 0x20, 0x69, 0x66, 0x20, 0x28, 0x5f, 0x31, //           if (_1
	0x35, 0x30, 0x34, 0x2e, 0x79, 0x20, 0x3d, 0x3d, 0x20, 0x30, 0x2e, 0x30, 0x29, 0x0a, 0x20, 0x20, // 504.y == 0.0).
	0x20, 0x20, 0x20, 0x20, 0x20, 0x20, 0x20, 0x20, 0x20, 0x20, 0x20, 0x20, 0x20, 0x20, 0x20, 0x20, //
	0x20, 0x20, 0x7b, 0x0a, 0x20, 0x20, 0x20, 0x20, 0x20, 0x20, 0x20, 0x20, 0x20, 0x20, 0x20, 0x20, //   {.
	0x20, 0x20, 0x20, 0x20, 0x20, 0x20, 0x20, 0x20, 0x20, 0x20, 0x20, 0x20, 0x5f, 0x34, 0x33, 0x38, //             _438
	0x31, 0x20, 0x3d, 0x20, 0x5f, 0x31, 0x35, 0x31, 0x33, 0x2e, 0x79, 0x20, 0x2a, 0x20, 0x5f, 0x31, // 1 = _1513.y * _1
	0x35, 0x31, 0x33, 0x2e, 0x79, 0x3b, 0x0a, 0x20, 0x20, 0x20, 0x20, 0x20, 0x20, 0x20, 0x20, 0x20, // 513.y;.
	0x20, 0x20, 0x20, 0x20, 0x20, 0x20, 0x20, 0x20, 0x20, 0x20, 0x20, 0x7d, 0x0a, 0x20, 0x20, 0x20, //            }.
	0x20, 0x20, 0x20, 0x20, 0x20, 0x20, 0x20, 0x20, 0x20, 0x20, 0x20, 0x20, 0x20, 0x20, 0x20, 0x20, //
	0x20, 0x65, 0x6c, 0x73, 0x65, 0x0a, 0x20, 0x20, 0x20, 0x20, 0x20, 0x20, 0x20, 0x20, 0x20, 0x20, //  else.
	0x20, 0x20, 0x20, 0x20, 0x20, 0x20, 0x20, 0x20, 0x20, 0x20, 0x7b, 0x0a, 0x20, 0x20, 0x20, 0x20, //           {.
	0x20, 0x20, 0x20, 0x20, 0x20, 0x20, 0x20, 0x20, 0x20, 0x20, 0x20, 0x20, 0x20, 0x20, 0x20, 0x20, //
	0x20, 0x20, 0x20, 0x20, 0x66, 0x6c, 0x6f, 0x61, 0x74, 0x20, 0x5f, 0x34, 0x33, 0x38, 0x32, 0x3b, //     float _4382;
	0x0a, 0x20, 0x20, 0x20, 0x20, 0x20, 0x20, 0x20, 0x20, 0x20, 0x20, 0x20, 0x20, 0x20, 0x20, 0x20, // .
	0x20, 0x20, 0x20, 0x20, 0x20, 0x20, 0x20, 0x20, 0x20, 0x69, 0x66, 0x20, 0x28, 0x5f, 0x31, 0x35, //          if (_15
	0x30, 0x34, 0x2e, 0x78, 0x20, 0x3d, 0x3d, 0x20, 0x30, 0x2e, 0x30, 0x29, 0x0a, 0x20, 0x20, 0x20, // 04.x == 0.0).
	0x20, 0x20, 0x20, 0x20, 0x20, 0x20, 0x20, 0x20, 0x20, 0x20, 0x20, 0x20, 0x20, 0x20, 0x20, 0x20, //
	0x20, 0x20, 0x20, 0x20, 0x20, 0x7b, 0x0a, 0x20, 0x20, 0x20, 0x20, 0x20, 0x20, 0x20, 0x20, 0x20, //      {.
	0x20, 0x20, 0x20, 0x20, 0x20, 0x20, 0x20, 0x20, 0x20, 0x20, 0x20, 0x20, 0x20, 0x20, 0x20, 0x20, //
	0x20, 0x20, 0x20, 0x5f, 0x34, 0x33, 0x38, 0x32, 0x20, 0x3d, 0x20, 0x5f, 0x31, 0x35, 0x31, 0x33, //    _4382 = _1513
	0x2e, 0x78, 0x20, 0x2a, 0x20, 0x5f, 0x31, 0x35, 0x31, 0x33, 0x2e, 0x78, 0x3b, 0x0a, 0x20, 0x20, // .x * _1513.x;.
	0x20, 0x20, 0x20, 0x20, 0x20, 0x20, 0x20, 0x20, 0x20, 0x20, 0x20, 0x20, 0x20, 0x20, 0x20, 0x20, //
	0x20, 0x20, 0x20, 0x20, 0x20, 0x20, 0x7d, 0x0a, 0x20, 0x20, 0x20, 0x20, 0x20, 0x20, 0x20, 0x20, //       }.
	0x20, 0x20, 0x20, 0x20, 0x20, 0x20, 0x20, 0x20, 0x20, 0x20, 0x20, 0x20, 0x20, 0x20, 0x20, 0x20, //
	0x65, 0x6c, 0x73, 0x65, 0x0a, 0x20, 0x20, 0x20, 0x20, 0x20, 0x20, 0x20, 0x20, 0x20, 0x20, 0x20, // else.
	0x20, 0x20, 0x20, 0x20, 0x20, 0x20, 0x20, 0x20, 0x20, 0x20, 0x20, 0x20, 0x20, 0x7b, 0x0a, 0x20, //              {.
	0x20, 0x20, 0x20, 0x20, 0x20, 0x20, 0x20, 0x20, 0x20, 0x20, 0x20, 0x20, 0x20, 0x20, 0x20, 0x20, //
	0x20, 0x20, 0x20, 0x20, 0x20, 0x20, 0x20, 0x20, 0x20, 0x20, 0x20, 0x5f, 0x34, 0x33, 0x38, 0x32, //            _4382
	0x20, 0x3d, 0x20, 0x5f, 0x31, 0x35, 0x35, 0x31, 0x3b, 0x0a, 0x20, 0x20, 0x20, 0x20, 0x20, 0x20, //  = _1551;.
	0x20, 0x20, 0x20, 0x20, 0x20, 0x20, 0x20, 0x20, 0x20, 0x20, 0x20, 0x20, 0x20, 0x20, 0x20, 0x20, //
	0x20, 0x20, 0x7d, 0x0a, 0x20, 0x20, 0x20, 0x20, 0x20, 0x20, 0x20, 0x20, 0x20, 0x20, 0x20, 0x20, //   }.
	0x20, 0x20, 0x20, 0x20, 0x20, 0x20, 0x20, 0x20, 0x20, 0x20, 0x20, 0x20, 0x5f, 0x34, 0x33, 0x38, //             _438
	0x31, 0x20, 0x3d, 0x20, 0x5f, 0x34, 0x33, 0x38, 0x32, 0x3b, 0x0a, 0x20, 0x20, 0x20, 0x20, 0x20, // 1 = _4382;.
	0x20, 0x20, 0x20, 0x20, 0x20, 0x20, 0x20, 0x20, 0x20, 0x20, 0x20, 0x20, 0x20, 0x20, 0x20, 0x7d, //                }
	0x0a, 0x20, 0x20, 0x20, 0x20, 0x20, 0x20, 0x20, 0x20, 0x20, 0x20, 0x20, 0x20, 0x20, 0x20, 0x20, // .
	0x20, 0x20, 0x20, 0x20, 0x20, 0x5f, 0x34, 0x33, 0x38, 0x30, 0x20, 0x3d, 0x20, 0x5f, 0x34, 0x33, //      _4380 = _43
	0x38, 0x31, 0x3b, 0x0a, 0x20, 0x20, 0x20, 0x20, 0x20, 0x20, 0x20, 0x20, 0x20, 0x20, 0x20, 0x20, // 81;.
	0x20, 0x20, 0x20, 0x20, 0x7d, 0x0a, 0x20, 0x20, 0x20, 0x20, 0x20, 0x20, 0x20, 0x20, 0x20, 0x20, //     }.
	0x20, 0x20, 0x20, 0x20, 0x20, 0x20, 0x65, 0x6c, 0x73, 0x65, 0x0a, 0x20, 0x20, 0x20, 0x20, 0x20, //       else.
	0x20, 0x20, 0x20, 0x20, 0x20, 0x20, 0x20, 0x20, 0x20, 0x20, 0x20, 0x7b, 0x0a, 0x20, 0x20, 0x20, //            {.
	0x20, 0x20, 0x20, 0x20, 0x20, 0x20, 0x20, 0x20, 0x20, 0x20, 0x20, 0x20, 0x20, 0x20, 0x20, 0x20, //
	0x20, 0x5f, 0x34, 0x33, 0x38, 0x30, 0x20, 0x3d, 0x20, 0x5f, 0x31, 0x35, 0x35, 0x31, 0x3b, 0x0a, //  _4380 = _1551;.
	0x20, 0x20, 0x20, 0x20, 0x20, 0x20, 0x20, 0x20, 0x20, 0x20, 0x20, 0x20, 0x20, 0x20, 0x20, 0x20, //
	0x7d, 0x0a, 0x20, 0x20, 0x20, 0x20, 0x20, 0x20, 0x20, 0x20, 0x20, 0x20, 0x20, 0x20, 0x20, 0x20, // }.
	0x20, 0x20, 0x75, 0x69, 0x6e, 0x74, 0x20, 0x5f, 0x31, 0x35, 0x39, 0x33, 0x20, 0x3d, 0x20, 0x75, //   uint _1593 = u
	0x69, 0x6e, 0x74, 0x28, 0x66, 0x6c, 0x6f, 0x6f, 0x72, 0x28, 0x66, 0x6d, 0x61, 0x28, 0x32, 0x35, // int(floor(fma(25
	0x35, 0x2e, 0x30, 0x2c, 0x20, 0x66, 0x61, 0x73, 0x74, 0x3a, 0x3a, 0x63, 0x6c, 0x61, 0x6d, 0x70, // 5.0, fast::clamp
	0x28, 0x66, 0x6d, 0x61, 0x28, 0x61, 0x73, 0x5f, 0x74, 0x79, 0x70, 0x65, 0x3c, 0x66, 0x6c, 0x6f, // (fma(as_type<flo
	0x61, 0x74, 0x3e, 0x28, 0x5f, 0x32, 0x31, 0x34, 0x34, 0x2e, 0x7a, 0x29, 0x2c, 0x20, 0x30, 0x2e, // at>(_2144.z), 0.
	0x35, 0x2c, 0x20, 0x30, 0x2e, 0x35, 0x29, 0x20, 0x2d, 0x20, 0x73, 0x71, 0x72, 0x74, 0x28, 0x5f, // 5, 0.5) - sqrt(_
	0x34, 0x33, 0x38, 0x30, 0x29, 0x2c, 0x20, 0x30, 0x2e, 0x30, 0x2c, 0x20, 0x31, 0x2e, 0x30, 0x29, // 4380), 0.0, 1.0)
	0x2c, 0x20, 0x30, 0x2e, 0x35, 0x29, 0x29, 0x29, 0x3b, 0x0a, 0x20, 0x20, 0x20, 0x20, 0x20, 0x20, // , 0.5)));.
	0x20, 0x20, 0x20, 0x20, 0x20, 0x20, 0x20, 0x20, 0x20, 0x20, 0x69, 0x66, 0x20, 0x28, 0x5f, 0x31, //           if (_1
	0x35, 0x39, 0x33, 0x20, 0x3d, 0x3d, 0x20, 0x30, 0x75, 0x29, 0x0a, 0x20, 0x20, 0x20, 0x20, 0x20, // 593 == 0u).
	0x20, 0x20, 0x20, 0x20, 0x20, 0x20, 0x20, 0x20, 0x20, 0x20, 0x20, 0x7b, 0x0a, 0x20, 0x20, 0x20, //            {.
	0x20, 0x20, 0x20, 0x20, 0x20, 0x20, 0x20, 0x20, 0x20, 0x20, 0x20, 0x20, 0x20, 0x20, 0x20, 0x20, //
	0x20, 0x5f, 0x34, 0x34, 0x32, 0x38, 0x20, 0x3d, 0x20, 0x5f, 0x34, 0x30, 0x37, 0x36, 0x3b, 0x0a, //  _4428 = _4076;.
	0x20, 0x20, 0x20, 0x20, 0x20, 0x20, 0x20, 0x20, 0x20, 0x20, 0x20, 0x20, 0x20, 0x20, 0x20, 0x20, //
	0x20, 0x20, 0x20, 0x20, 0x5f, 0x34, 0x34, 0x32, 0x30, 0x20, 0x3d, 0x20, 0x5f, 0x33, 0x39, 0x35, //     _4420 = _395
	0x35, 0x3b, 0x0a, 0x20, 0x20, 0x20, 0x20, 0x20, 0x20, 0x20, 0x20, 0x20, 0x20, 0x20, 0x20, 0x20, // 5;.
	0x20, 0x20, 0x20, 0x20, 0x20, 0x20, 0x20, 0x5f, 0x34, 0x34, 0x31, 0x36, 0x20, 0x3d, 0x20, 0x5f, //        _4416 = _
	0x33, 0x39, 0x33, 0x33, 0x3b, 0x0a, 0x20, 0x20, 0x20, 0x20, 0x20, 0x20, 0x20, 0x20, 0x20, 0x20, // 3933;.
	0x20, 0x20, 0x20, 0x20, 0x20, 0x20, 0x20, 0x20, 0x20, 0x20, 0x5f, 0x34, 0x34, 0x31, 0x32, 0x20, //           _4412
	0x3d, 0x20, 0x5f, 0x33, 0x39, 0x33, 0x32, 0x3b, 0x0a, 0x20, 0x20, 0x20, 0x20, 0x20, 0x20, 0x20, // = _3932;.
	0x20, 0x20, 0x20, 0x20, 0x20, 0x20, 0x20, 0x20, 0x20, 0x20, 0x20, 0x20, 0x20, 0x5f, 0x34, 0x34, //              _44
	0x30, 0x34, 0x20, 0x3d, 0x20, 0x5f, 0x33, 0x39, 0x33, 0x31, 0x3b, 0x0a, 0x20, 0x20, 0x20, 0x20, // 04 = _3931;.
	0x20, 0x20, 0x20, 0x20, 0x20, 0x20, 0x20, 0x20, 0x20, 0x20, 0x20, 0x20, 0x20, 0x20, 0x20, 0x20, //
	0x63, 0x6f, 0x6e, 0x74, 0x69, 0x6e, 0x75, 0x65, 0x3b, 0x0a, 0x20, 0x20, 0x20, 0x20, 0x20, 0x20, // continue;.
	0x20, 0x20, 0x20, 0x20, 0x20, 0x20, 0x20, 0x20, 0x20, 0x20, 0x7d, 0x0a, 0x20, 0x20, 0x20, 0x20, //           }.
	0x20, 0x20, 0x20, 0x20, 0x20, 0x20, 0x20, 0x20, 0x20, 0x20, 0x20, 0x20, 0x5f, 0x34, 0x33, 0x39, //             _439
	0x31, 0x20, 0x3d, 0x20, 0x5f, 0x31, 0x35, 0x39, 0x33, 0x3b, 0x0a, 0x20, 0x20, 0x20, 0x20, 0x20, // 1 = _1593;.
	0x20, 0x20, 0x20, 0x20, 0x20, 0x20, 0x20, 0x7d, 0x0a, 0x20, 0x20, 0x20, 0x20, 0x20, 0x20, 0x20, //        }.
	0x20, 0x20, 0x20, 0x20, 0x20, 0x65, 0x6c, 0x73, 0x65, 0x0a, 0x20, 0x20, 0x20, 0x20, 0x20, 0x20, //      else.
	0x20, 0x20, 0x20, 0x20, 0x20, 0x20, 0x7b, 0x0a, 0x20, 0x20, 0x20, 0x20, 0x20, 0x20, 0x20, 0x20, //       {.
	0x20, 0x20, 0x20, 0x20, 0x20, 0x20, 0x20, 0x20, 0x69, 0x66, 0x20, 0x28, 0x28, 0x5f, 0x31, 0x32, //         if ((_12
	0x32, 0x34, 0x20, 0x3c, 0x20, 0x5f, 0x32, 0x31, 0x33, 0x39, 0x2e, 0x78, 0x29, 0x20, 0x7c, 0x7c, // 24 < _2139.x) ||
	0x20, 0x28, 0x5f, 0x31, 0x32, 0x32, 0x34, 0x20, 0x3e, 0x3d, 0x20, 0x5f, 0x32, 0x31, 0x33, 0x39, //  (_1224 >= _2139
	0x2e, 0x79, 0x29, 0x29, 0x0a, 0x20, 0x20, 0x20, 0x20, 0x20, 0x20, 0x20, 0x20, 0x20, 0x20, 0x20, // .y)).
	0x20, 0x20, 0x20, 0x20, 0x20, 0x7b, 0x0a, 0x20, 0x20, 0x20, 0x20, 0x20, 0x20, 0x20, 0x20, 0x20, //      {.
	0x20, 0x20, 0x20, 0x20, 0x20, 0x20, 0x20, 0x20, 0x20, 0x20, 0x20, 0x5f, 0x34, 0x34, 0x32, 0x38, //            _4428
	0x20, 0x3d, 0x20, 0x5f, 0x34, 0x30, 0x37, 0x36, 0x3b, 0x0a, 0x20, 0x20, 0x20, 0x20, 0x20, 0x20, //  = _4076;.
	0x20, 0x20, 0x20, 0x20, 0x20, 0x20, 0x20, 0x20, 0x20, 0x20, 0x20, 0x20, 0x20, 0x20, 0x5f, 0x34, //               _4
	0x34, 0x32, 0x30, 0x20, 0x3d, 0x20, 0x5f, 0x33, 0x39, 0x35, 0x35, 0x3b, 0x0a, 0x20, 0x20, 0x20, // 420 = _3955;.
	0x20, 0x20, 0x20, 0x20, 0x20, 0x20, 0x20, 0x20, 0x20, 0x20, 0x20, 0x20, 0x20, 0x20, 0x20, 0x20, //
	0x20, 0x5f, 0x34, 0x34, 0x31, 0x36, 0x20, 0x3d, 0x20, 0x5f, 0x33, 0x39, 0x33, 0x33, 0x3b, 0x0a, //  _4416 = _3933;.
	0x20, 0x20, 0x20, 0x20, 0x20, 0x20, 0x20, 0x20, 0x20, 0x20, 0x20, 0x20, 0x20, 0x20, 0x20, 0x20, //
	0x20, 0x20, 0x20, 0x20, 0x5f, 0x34, 0x34, 0x31, 0x32, 0x20, 0x3d, 0x20, 0x5f, 0x33, 0x39, 0x33, //     _4412 = _393
	0x32, 0x3b, 0x0a, 0x20, 0x20, 0x20, 0x20, 0x20, 0x20, 0x20, 0x20, 0x20, 0x20, 0x20, 0x20, 0x20, // 2;.
	0x20, 0x20, 0x20, 0x20, 0x20, 0x20, 0x20, 0x5f, 0x34, 0x34, 0x30, 0x34, 0x20, 0x3d, 0x20, 0x5f, //        _4404 = _
	0x33, 0x39, 0x33, 0x31, 0x3b, 0x0a, 0x20, 0x20, 0x20, 0x20, 0x20, 0x20, 0x20, 0x20, 0x20, 0x20, // 3931;.
	0x20, 0x20, 0x20, 0x20, 0x20, 0x20, 0x20, 0x20, 0x20, 0x20, 0x63, 0x6f, 0x6e, 0x74, 0x69, 0x6e, //           contin
	0x75, 0x65, 0x3b, 0x0a, 0x20, 0x20, 0x20, 0x20, 0x20, 0x20, 0x20, 0x20, 0x20, 0x20, 0x20, 0x20, // ue;.
	0x20, 0x20, 0x20, 0x20, 0x7d, 0x0a, 0x20, 0x20, 0x20, 0x20, 0x20, 0x20, 0x20, 0x20, 0x20, 0x20, //     }.
	0x20, 0x20, 0x20, 0x20, 0x20, 0x20, 0x5f, 0x34, 0x33, 0x39, 0x31, 0x20, 0x3d, 0x20, 0x28, 0x5f, //       _4391 = (_
	0x32, 0x31, 0x33, 0x39, 0x2e, 0x7a, 0x20, 0x3e, 0x3e, 0x20, 0x75, 0x69, 0x6e, 0x74, 0x28, 0x31, // 2139.z >> uint(1
	0x36, 0x29, 0x29, 0x20, 0x26, 0x20, 0x32, 0x35, 0x35, 0x75, 0x3b, 0x0a, 0x20, 0x20, 0x20, 0x20, // 6)) & 255u;.
	0x20, 0x20, 0x20, 0x20, 0x20, 0x20, 0x20, 0x20, 0x7d, 0x0a, 0x20, 0x20, 0x20, 0x20, 0x20, 0x20, //         }.
	0x20, 0x20, 0x20, 0x20, 0x20, 0x20, 0x75, 0x69, 0x6e, 0x74, 0x20, 0x5f, 0x34, 0x34, 0x30, 0x38, //       uint _4408
	0x3b, 0x0a, 0x20, 0x20, 0x20, 0x20, 0x20, 0x20, 0x20, 0x20, 0x20, 0x20, 0x20, 0x20, 0x75, 0x69, // ;.            ui
	0x6e, 0x74, 0x20, 0x5f, 0x34, 0x34, 0x31, 0x33, 0x3b, 0x0a, 0x20, 0x20, 0x20, 0x20, 0x20, 0x20, // nt _4413;.
	0x20, 0x20, 0x20, 0x20, 0x20, 0x20, 0x75, 0x69, 0x6e, 0x74, 0x20, 0x5f, 0x34, 0x34, 0x31, 0x37, //       uint _4417
	0x3b, 0x0a, 0x20, 0x20, 0x20, 0x20, 0x20, 0x20, 0x20, 0x20, 0x20, 0x20, 0x20, 0x20, 0x75, 0x69, // ;.            ui
	0x6e, 0x74, 0x20, 0x5f, 0x34, 0x34, 0x32, 0x34, 0x3b, 0x0a, 0x20, 0x20, 0x20, 0x20, 0x20, 0x20, // nt _4424;.
	0x20, 0x20, 0x20, 0x20, 0x20, 0x20, 0x75, 0x69, 0x6e, 0x74, 0x20, 0x5f, 0x34, 0x34, 0x32, 0x39, //       uint _4429
	0x3b, 0x0a, 0x20, 0x20, 0x20, 0x20, 0x20, 0x20, 0x20, 0x20, 0x20, 0x20, 0x20, 0x20, 0x69, 0x66, // ;.            if
	0x20, 0x28, 0x28, 0x5f, 0x32, 0x31, 0x33, 0x39, 0x2e, 0x7a, 0x20, 0x26, 0x20, 0x32, 0x31, 0x34, //  ((_2139.z & 214
	0x37, 0x34, 0x38, 0x33, 0x36, 0x34, 0x38, 0x75, 0x29, 0x20, 0x21, 0x3d, 0x20, 0x30, 0x75, 0x29, // 7483648u) != 0u)
	0x0a, 0x20, 0x20, 0x20, 0x20, 0x20, 0x20, 0x20, 0x20, 0x20, 0x20, 0x20, 0x20, 0x7b, 0x0a, 0x20, // .            {.
	0x20, 0x20, 0x20, 0x20, 0x20, 0x20, 0x20, 0x20, 0x20, 0x20, 0x20, 0x20, 0x20, 0x20, 0x20, 0x62, //                b
	0x6f, 0x6f, 0x6c, 0x20, 0x5f, 0x31, 0x36, 0x32, 0x38, 0x20, 0x3d, 0x20, 0x28, 0x5f, 0x32, 0x31, // ool _1628 = (_21
	0x33, 0x39, 0x2e, 0x77, 0x20, 0x3c, 0x20, 0x5f, 0x33, 0x39, 0x33, 0x32, 0x29, 0x20, 0x7c, 0x7c, // 39.w < _3932) ||
	0x20, 0x28, 0x28, 0x5f, 0x32, 0x31, 0x33, 0x39, 0x2e, 0x77, 0x20, 0x3d, 0x3d, 0x20, 0x5f, 0x33, //  ((_2139.w == _3
	0x39, 0x33, 0x32, 0x29, 0x20, 0x26, 0x26, 0x20, 0x28, 0x5f, 0x34, 0x33, 0x39, 0x31, 0x20, 0x3e, // 932) && (_4391 >
	0x20, 0x5f, 0x34, 0x30, 0x37, 0x36, 0x29, 0x29, 0x3b, 0x0a, 0x20, 0x20, 0x20, 0x20, 0x20, 0x20, //  _4076));.
	0x20, 0x20, 0x20, 0x20, 0x20, 0x20, 0x20, 0x20, 0x20, 0x20, 0x75, 0x69, 0x6e, 0x74, 0x20, 0x5f, //           uint _
	0x34, 0x34, 0x30, 0x39, 0x3b, 0x0a, 0x20, 0x20, 0x20, 0x20, 0x20, 0x20, 0x20, 0x20, 0x20, 0x20, // 4409;.
	0x20, 0x20, 0x20, 0x20, 0x20, 0x20, 0x75, 0x69, 0x6e, 0x74, 0x20, 0x5f, 0x34, 0x34, 0x31, 0x34, //       uint _4414
	0x3b, 0x0a, 0x20, 0x20, 0x20, 0x20, 0x20, 0x20, 0x20, 0x20, 0x20, 0x20, 0x20, 0x20, 0x20, 0x20, // ;.
	0x20, 0x20, 0x69, 0x66, 0x20, 0x28, 0x5f, 0x31, 0x36, 0x32, 0x38, 0x29, 0x0a, 0x20, 0x20, 0x20, //   if (_1628).
	0x20, 0x20, 0x20, 0x20, 0x20, 0x20, 0x20, 0x20, 0x20, 0x20, 0x20, 0x20, 0x20, 0x7b, 0x0a, 0x20, //              {.
	0x20, 0x20, 0x20, 0x20, 0x20, 0x20, 0x20, 0x20, 0x20, 0x20, 0x20, 0x20, 0x20, 0x20, 0x20, 0x20, //
	0x20, 0x20, 0x20, 0x5f, 0x34, 0x34, 0x31, 0x34, 0x20, 0x3d, 0x20, 0x5f, 0x32, 0x31, 0x33, 0x39, //    _4414 = _2139
	0x2e, 0x77, 0x3b, 0x0a, 0x20, 0x20, 0x20, 0x20, 0x20, 0x20, 0x20, 0x20, 0x20, 0x20, 0x20, 0x20, // .w;.
	0x20, 0x20, 0x20, 0x20, 0x20, 0x20, 0x20, 0x20, 0x5f, 0x34, 0x34, 0x30, 0x39, 0x20, 0x3d, 0x20, //         _4409 =
	0x5f, 0x32, 0x31, 0x33, 0x39, 0x2e, 0x7a, 0x20, 0x26, 0x20, 0x36, 0x35, 0x35, 0x33, 0x35, 0x75, // _2139.z & 65535u
	0x3b, 0x0a, 0x20, 0x20, 0x20, 0x20, 0x20, 0x20, 0x20, 0x20, 0x20, 0x20, 0x20, 0x20, 0x20, 0x20, // ;.
	0x20, 0x20, 0x7d, 0x0a, 0x20, 0x20, 0x20, 0x20, 0x20, 0x20, 0x20, 0x20, 0x20, 0x20, 0x20, 0x20, //   }.
	0x20, 0x20, 0x20, 0x20, 0x65, 0x6c, 0x73, 0x65, 0x0a, 0x20, 0x20, 0x20, 0x20, 0x20, 0x20, 0x20, //     else.
	0x20, 0x20, 0x20, 0x20, 0x20, 0x20, 0x20, 0x20, 0x20, 0x7b, 0x0a, 0x20, 0x20, 0x20, 0x20, 0x20, //          {.
	0x20, 0x20, 0x20, 0x20, 0x20, 0x20, 0x20, 0x20, 0x20, 0x20, 0x20, 0x20, 0x20, 0x20, 0x20, 0x5f, //                _
	0x34, 0x34, 0x31, 0x34, 0x20, 0x3d, 0x20, 0x5f, 0x33, 0x39, 0x33, 0x32, 0x3b, 0x0a, 0x20, 0x20, // 4414 = _3932;.
	0x20, 0x20, 0x20, 0x20, 0x20, 0x20, 0x20, 0x20, 0x20, 0x20, 0x20, 0x20, 0x20, 0x20, 0x20, 0x20, //
	0x20, 0x20, 0x5f, 0x34, 0x34, 0x30, 0x39, 0x20, 0x3d, 0x20, 0x5f, 0x33, 0x39, 0x33, 0x31, 0x3b, //   _4409 = _3931;
	0x0a, 0x20, 0x20, 0x20, 0x20, 0x20, 0x20, 0x20, 0x20, 0x20, 0x20, 0x20, 0x20, 0x20, 0x20, 0x20, // .
	0x20, 0x7d, 0x0a, 0x20, 0x20, 0x20, 0x20, 0x20, 0x20, 0x20, 0x20, 0x20, 0x20, 0x20, 0x20, 0x20, //  }.
	0x20, 0x20, 0x20, 0x5f, 0x34, 0x34, 0x32, 0x39, 0x20, 0x3d, 0x20, 0x5f, 0x31, 0x36, 0x32, 0x38, //    _4429 = _1628
	0x20, 0x3f, 0x20, 0x5f, 0x34, 0x33, 0x39, 0x31, 0x20, 0x3a, 0x20, 0x5f, 0x34, 0x30, 0x37, 0x36, //  ? _4391 : _4076
	0x3b, 0x0a, 0x20, 0x20, 0x20, 0x20, 0x20, 0x20, 0x20, 0x20, 0x20, 0x20, 0x20, 0x20, 0x20, 0x20, // ;.
	0x20, 0x20, 0x5f, 0x34, 0x34, 0x32, 0x34, 0x20, 0x3d, 0x20, 0x5f, 0x33, 0x39, 0x35, 0x35, 0x3b, //   _4424 = _3955;
	0x0a, 0x20, 0x20, 0x20, 0x20, 0x20, 0x20, 0x20, 0x20, 0x20, 0x20, 0x20, 0x20, 0x20, 0x20, 0x20, // .
	0x20, 0x5f, 0x34, 0x34, 0x31, 0x37, 0x20, 0x3d, 0x20, 0x5f, 0x33, 0x39, 0x33, 0x33, 0x3b, 0x0a, //  _4417 = _3933;.
	0x20, 0x20, 0x20, 0x20, 0x20, 0x20, 0x20, 0x20, 0x20, 0x20, 0x20, 0x20, 0x20, 0x20, 0x20, 0x20, //
	0x5f, 0x34, 0x34, 0x31, 0x33, 0x20, 0x3d, 0x20, 0x5f, 0x34, 0x34, 0x31, 0x34, 0x3b, 0x0a, 0x20, // _4413 = _4414;.
	0x20, 0x20, 0x20, 0x20, 0x20, 0x20, 0x20, 0x20, 0x20, 0x20, 0x20, 0x20, 0x20, 0x20, 0x20, 0x5f, //                _
	0x34, 0x34, 0x30, 0x38, 0x20, 0x3d, 0x20, 0x5f, 0x34, 0x34, 0x30, 0x39, 0x3b, 0x0a, 0x20, 0x20, // 4408 = _4409;.
	0x20, 0x20, 0x20, 0x20, 0x20, 0x20, 0x20, 0x20, 0x20, 0x20, 0x7d, 0x0a, 0x20, 0x20, 0x20, 0x20, //           }.
	0x20, 0x20, 0x20, 0x20, 0x20, 0x20, 0x20, 0x20, 0x65, 0x6c, 0x73, 0x65, 0x0a, 0x20, 0x20, 0x20, //         else.
	0x20, 0x20, 0x20, 0x20, 0x20, 0x20, 0x20, 0x20, 0x20, 0x7b, 0x0a, 0x20, 0x20, 0x20, 0x20, 0x20, //          {.
	0x20, 0x20, 0x20, 0x20, 0x20, 0x20, 0x20, 0x20, 0x20, 0x20, 0x20, 0x75, 0x69, 0x6e, 0x74, 0x20, //            uint
	0x5f, 0x34, 0x34, 0x31, 0x39, 0x3b, 0x0a, 0x20, 0x20, 0x20, 0x20, 0x20, 0x20, 0x20, 0x20, 0x20, // _4419;.
	0x20, 0x20, 0x20, 0x20, 0x20, 0x20, 0x20, 0x75, 0x69, 0x6e, 0x74, 0x20, 0x5f, 0x34, 0x34, 0x32, //        uint _442
	0x37, 0x3b, 0x0a, 0x20, 0x20, 0x20, 0x20, 0x20, 0x20, 0x20, 0x20, 0x20, 0x20, 0x20, 0x20, 0x20, // 7;.
	0x20, 0x20, 0x20, 0x69, 0x66, 0x20, 0x28, 0x5f, 0x32, 0x31, 0x33, 0x39, 0x2e, 0x77, 0x20, 0x3c, //    if (_2139.w <
	0x20, 0x5f, 0x33, 0x39, 0x33, 0x33, 0x29, 0x0a, 0x20, 0x20, 0x20, 0x20, 0x20, 0x20, 0x20, 0x20, //  _3933).
	0x20, 0x20, 0x20, 0x20, 0x20, 0x20, 0x20, 0x20, 0x7b, 0x0a, 0x20, 0x20, 0x20, 0x20, 0x20, 0x20, //         {.
	0x20, 0x20, 0x20, 0x20, 0x20, 0x20, 0x20, 0x20, 0x20, 0x20, 0x20, 0x20, 0x20, 0x20, 0x5f, 0x34, //               _4
	0x34, 0x32, 0x37, 0x20, 0x3d, 0x20, 0x5f, 0x32, 0x31, 0x33, 0x39, 0x2e, 0x7a, 0x3b, 0x0a, 0x20, // 427 = _2139.z;.
	0x20, 0x20, 0x20, 0x20, 0x20, 0x20, 0x20, 0x20, 0x20, 0x20, 0x20, 0x20, 0x20, 0x20, 0x20, 0x20, //
	0x20, 0x20, 0x20, 0x5f, 0x34, 0x34, 0x31, 0x39, 0x20, 0x3d, 0x20, 0x5f, 0x32, 0x31, 0x33, 0x39, //    _4419 = _2139
	0x2e, 0x77, 0x3b, 0x0a, 0x20, 0x20, 0x20, 0x20, 0x20, 0x20, 0x20, 0x20, 0x20, 0x20, 0x20, 0x20, // .w;.
	0x20, 0x20, 0x20, 0x20, 0x7d, 0x0a, 0x20, 0x20, 0x20, 0x20, 0x20, 0x20, 0x20, 0x20, 0x20, 0x20, //     }.
	0x20, 0x20, 0x20, 0x20, 0x20, 0x20, 0x65, 0x6c, 0x73, 0x65, 0x0a, 0x20, 0x20, 0x20, 0x20, 0x20, //       else.
	0x20, 0x20, 0x20, 0x20, 0x20, 0x20, 0x20, 0x20, 0x20, 0x20, 0x20, 0x7b, 0x0a, 0x20, 0x20, 0x20, //            {.
	0x20, 0x20, 0x20, 0x20, 0x20, 0x20, 0x20, 0x20, 0x20, 0x20, 0x20, 0x20, 0x20, 0x20, 0x20, 0x20, //
	0x20, 0x5f, 0x34, 0x34, 0x32, 0x37, 0x20, 0x3d, 0x20, 0x5f, 0x33, 0x39, 0x35, 0x35, 0x3b, 0x0a, //  _4427 = _3955;.
	0x20, 0x20, 0x20, 0x20, 0x20, 0x20, 0x20, 0x20, 0x20, 0x20, 0x20, 0x20, 0x20, 0x20, 0x20, 0x20, //
	0x20, 0x20, 0x20, 0x20, 0x5f, 0x34, 0x34, 0x31, 0x39, 0x20, 0x3d, 0x20, 0x5f, 0x33, 0x39, 0x33, //     _4419 = _393
	0x33, 0x3b, 0x0a, 0x20, 0x20, 0x20, 0x20, 0x20, 0x20, 0x20, 0x20, 0x20, 0x20, 0x20, 0x20, 0x20, // 3;.
	0x20, 0x20, 0x20, 0x7d, 0x0a, 0x20, 0x20, 0x20, 0x20, 0x20, 0x20, 0x20, 0x20, 0x20, 0x20, 0x20, //    }.
	0x20, 0x20, 0x20, 0x20, 0x20, 0x5f, 0x34, 0x34, 0x32, 0x39, 0x20, 0x3d, 0x20, 0x5f, 0x34, 0x30, //      _4429 = _40
	0x37, 0x36, 0x3b, 0x0a, 0x20, 0x20, 0x20, 0x20, 0x20, 0x20, 0x20, 0x20, 0x20, 0x20, 0x20, 0x20, // 76;.
	0x20, 0x20, 0x20, 0x20, 0x5f, 0x34, 0x34, 0x32, 0x34, 0x20, 0x3d, 0x20, 0x5f, 0x34, 0x34, 0x32, //     _4424 = _442
	0x37, 0x3b, 0x0a, 0x20, 0x20, 0x20, 0x20, 0x20, 0x20, 0x20, 0x20, 0x20, 0x20, 0x20, 0x20, 0x20, // 7;.
	0x20, 0x20, 0x20, 0x5f, 0x34, 0x34, 0x31, 0x37, 0x20, 0x3d, 0x20, 0x5f, 0x34, 0x34, 0x31, 0x39, //    _4417 = _4419
	0x3b, 0x0a, 0x20, 0x20, 0x20, 0x20, 0x20, 0x20, 0x20, 0x20, 0x20, 0x20, 0x20, 0x20, 0x20, 0x20, // ;.
	0x20, 0x20, 0x5f, 0x34, 0x34, 0x31, 0x33, 0x20, 0x3d, 0x20, 0x5f, 0x33, 0x39, 0x33, 0x32, 0x3b, //   _4413 = _3932;
	0x0a, 0x20, 0x20, 0x20, 0x20, 0x20, 0x20, 0x20, 0x20, 0x20, 0x20, 0x20, 0x20, 0x20, 0x20, 0x20, // .
	0x20, 0x5f, 0x34, 0x34, 0x30, 0x38, 0x20, 0x3d, 0x20, 0x5f, 0x33, 0x39, 0x33, 0x31, 0x3b, 0x0a, //  _4408 = _3931;.
	0x20, 0x20, 0x20, 0x20, 0x20, 0x20, 0x20, 0x20, 0x20, 0x20, 0x20, 0x20, 0x7d, 0x0a, 0x20, 0x20, //             }.
	0x20, 0x20, 0x20, 0x20, 0x20, 0x20, 0x20, 0x20, 0x20, 0x20, 0x5f, 0x34, 0x34, 0x32, 0x38, 0x20, //           _4428
	0x3d, 0x20, 0x5f, 0x34, 0x34, 0x32, 0x39, 0x3b, 0x0a, 0x20, 0x20, 0x20, 0x20, 0x20, 0x20, 0x20, // = _4429;.
	0x20, 0x20, 0x20, 0x20, 0x20, 0x5f, 0x34, 0x34, 0x32, 0x30, 0x20, 0x3d, 0x20, 0x5f, 0x34, 0x34, //      _4420 = _44
	0x32, 0x34, 0x3b, 0x0a, 0x20, 0x20, 0x20, 0x20, 0x20, 0x20, 0x20, 0x20, 0x20, 0x20, 0x20, 0x20, // 24;.
	0x5f, 0x34, 0x34, 0x31, 0x36, 0x20, 0x3d, 0x20, 0x5f, 0x34, 0x34, 0x31, 0x37, 0x3b, 0x0a, 0x20, // _4416 = _4417;.
	0x20, 0x20, 0x20, 0x20, 0x20, 0x20, 0x20, 0x20, 0x20, 0x20, 0x20, 0x5f, 0x34, 0x34, 0x31, 0x32, //            _4412
	0x20, 0x3d, 0x20, 0x5f, 0x34, 0x34, 0x31, 0x33, 0x3b, 0x0a, 0x20, 0x20, 0x20, 0x20, 0x20, 0x20, //  = _4413;.
	0x20, 0x20, 0x20, 0x20, 0x20, 0x20, 0x5f, 0x34, 0x34, 0x30, 0x34, 0x20, 0x3d, 0x20, 0x5f, 0x34, //       _4404 = _4
	0x34, 0x30, 0x38, 0x3b, 0x0a, 0x20, 0x20, 0x20, 0x20, 0x20, 0x20, 0x20, 0x20, 0x7d, 0x0a, 0x20, // 408;.        }.
	0x20, 0x20, 0x20, 0x20, 0x20, 0x20, 0x20, 0x62, 0x6f, 0x6f, 0x6c, 0x20, 0x5f, 0x31, 0x36, 0x36, //        bool _166
	0x33, 0x20, 0x3d, 0x20, 0x28, 0x28, 0x70, 0x61, 0x6c, 0x65, 0x74, 0x74, 0x65, 0x2e, 0x72, 0x65, // 3 = ((palette.re
	0x61, 0x64, 0x28, 0x75, 0x69, 0x6e, 0x74, 0x32, 0x28, 0x69, 0x6e, 0x74, 0x32, 0x28, 0x32, 0x33, // ad(uint2(int2(23
	0x2c, 0x20, 0x31, 0x34, 0x34, 0x29, 0x29, 0x2c, 0x20, 0x30, 0x29, 0x2e, 0x78, 0x20, 0x21, 0x3d, // , 144)), 0).x !=
	0x20, 0x30, 0x75, 0x29, 0x20, 0x26, 0x26, 0x20, 0x28, 0x5f, 0x33, 0x39, 0x33, 0x31, 0x20, 0x21, //  0u) && (_3931 !
	0x3d, 0x20, 0x30, 0x75, 0x29, 0x29, 0x20, 0x26, 0x26, 0x20, 0x28, 0x5f, 0x33, 0x39, 0x33, 0x32, // = 0u)) && (_3932
	0x20, 0x3e, 0x20, 0x5f, 0x33, 0x39, 0x33, 0x33, 0x29, 0x3b, 0x0a, 0x20, 0x20, 0x20, 0x20, 0x20, //  > _3933);.
	0x20, 0x20, 0x20, 0x75, 0x69, 0x6e, 0x74, 0x20, 0x5f, 0x34, 0x34, 0x36, 0x39, 0x20, 0x3d, 0x20, //    uint _4469 =
	0x28, 0x28, 0x5f, 0x33, 0x39, 0x33, 0x32, 0x20, 0x3c, 0x3d, 0x20, 0x5f, 0x33, 0x39, 0x33, 0x33, // ((_3932 <= _3933
	0x29, 0x20, 0x7c, 0x7c, 0x20, 0x5f, 0x31, 0x36, 0x36, 0x33, 0x29, 0x20, 0x3f, 0x20, 0x5f, 0x33, // ) || _1663) ? _3
	0x39, 0x33, 0x31, 0x20, 0x3a, 0x20, 0x5f, 0x33, 0x39, 0x35, 0x35, 0x3b, 0x0a, 0x20, 0x20, 0x20, // 931 : _3955;.
	0x20, 0x20, 0x20, 0x20, 0x20, 0x75, 0x69, 0x6e, 0x74, 0x20, 0x5f, 0x31, 0x36, 0x37, 0x34, 0x20, //      uint _1674
	0x3d, 0x20, 0x28, 0x5f, 0x31, 0x32, 0x33, 0x31, 0x20, 0x2a, 0x20, 0x34, 0x38, 0x30, 0x75, 0x29, // = (_1231 * 480u)
	0x20, 0x2f, 0x20, 0x31, 0x30, 0x38, 0x30, 0x75, 0x3b, 0x0a, 0x20, 0x20, 0x20, 0x20, 0x20, 0x20, //  / 1080u;.
	0x20, 0x20, 0x75, 0x69, 0x6e, 0x74, 0x20, 0x5f, 0x31, 0x36, 0x38, 0x35, 0x20, 0x3d, 0x20, 0x75, //   uint _1685 = u
	0x69, 0x6e, 0x74, 0x28, 0x63, 0x6c, 0x61, 0x6d, 0x70, 0x28, 0x28, 0x28, 0x69, 0x6e, 0x74, 0x28, // int(clamp(((int(
	0x5f, 0x31, 0x32, 0x32, 0x34, 0x29, 0x20, 0x2d, 0x20, 0x69, 0x6e, 0x74, 0x28, 0x70, 0x61, 0x6c, // _1224) - int(pal
	0x65, 0x74, 0x74, 0x65, 0x2e, 0x72, 0x65, 0x61, 0x64, 0x28, 0x75, 0x69, 0x6e, 0x74, 0x32, 0x28, // ette.read(uint2(
	0x69, 0x6e, 0x74, 0x32, 0x28, 0x31, 0x38, 0x2c, 0x20, 0x31, 0x34, 0x34, 0x29, 0x29, 0x2c, 0x20, // int2(18, 144)),
	0x30, 0x29, 0x2e, 0x78, 0x29, 0x29, 0x20, 0x2a, 0x20, 0x34, 0x39, 0x36, 0x29, 0x20, 0x2f, 0x20, // 0).x)) * 496) /
	0x31, 0x34, 0x34, 0x30, 0x2c, 0x20, 0x30, 0x2c, 0x20, 0x69, 0x6e, 0x74, 0x28, 0x70, 0x61, 0x6c, // 1440, 0, int(pal
	0x65, 0x74, 0x74, 0x65, 0x2e, 0x72, 0x65, 0x61, 0x64, 0x28, 0x75, 0x69, 0x6e, 0x74, 0x32, 0x28, // ette.read(uint2(
	0x69, 0x6e, 0x74, 0x32, 0x28, 0x31, 0x39, 0x2c, 0x20, 0x31, 0x34, 0x34, 0x29, 0x29, 0x2c, 0x20, // int2(19, 144)),
	0x30, 0x29, 0x2e, 0x78, 0x29, 0x20, 0x2d, 0x20, 0x31, 0x29, 0x29, 0x3b, 0x0a, 0x20, 0x20, 0x20, // 0).x) - 1));.
	0x20, 0x20, 0x20, 0x20, 0x20, 0x75, 0x69, 0x6e, 0x74, 0x20, 0x5f, 0x31, 0x37, 0x30, 0x30, 0x20, //      uint _1700
	0x3d, 0x20, 0x28, 0x77, 0x69, 0x64, 0x65, 0x53, 0x70, 0x72, 0x69, 0x74, 0x65, 0x73, 0x2e, 0x72, // = (wideSprites.r
	0x65, 0x61, 0x64, 0x28, 0x75, 0x69, 0x6e, 0x74, 0x32, 0x28, 0x69, 0x6e, 0x74, 0x32, 0x28, 0x69, // ead(uint2(int2(i
	0x6e, 0x74, 0x28, 0x5f, 0x31, 0x36, 0x38, 0x35, 0x20, 0x2f, 0x20, 0x32, 0x75, 0x29, 0x2c, 0x20, // nt(_1685 / 2u),
	0x69, 0x6e, 0x74, 0x28, 0x5f, 0x31, 0x36, 0x37, 0x34, 0x29, 0x29, 0x29, 0x2c, 0x20, 0x30, 0x29, // int(_1674))), 0)
	0x2e, 0x78, 0x20, 0x3e, 0x3e, 0x20, 0x28, 0x28, 0x5f, 0x31, 0x36, 0x38, 0x35, 0x20, 0x26, 0x20, // .x >> ((_1685 &
	0x31, 0x75, 0x29, 0x20, 0x2a, 0x20, 0x31, 0x36, 0x75, 0x29, 0x29, 0x20, 0x26, 0x20, 0x36, 0x35, // 1u) * 16u)) & 65
	0x35, 0x33, 0x35, 0x75, 0x3b, 0x0a, 0x20, 0x20, 0x20, 0x20, 0x20, 0x20, 0x20, 0x20, 0x75, 0x69, // 535u;.        ui
	0x6e, 0x74, 0x20, 0x5f, 0x31, 0x37, 0x30, 0x33, 0x20, 0x3d, 0x20, 0x28, 0x5f, 0x32, 0x30, 0x35, // nt _1703 = (_205
	0x36, 0x20, 0x2d, 0x20, 0x31, 0x34, 0x34, 0x30, 0x75, 0x29, 0x20, 0x2f, 0x20, 0x32, 0x75, 0x3b, // 6 - 1440u) / 2u;
	0x0a, 0x20, 0x20, 0x20, 0x20, 0x20, 0x20, 0x20, 0x20, 0x75, 0x69, 0x6e, 0x74, 0x34, 0x20, 0x5f, // .        uint4 _
	0x32, 0x31, 0x37, 0x35, 0x20, 0x3d, 0x20, 0x73, 0x70, 0x72, 0x69, 0x74, 0x65, 0x73, 0x2e, 0x72, // 2175 = sprites.r
	0x65, 0x61, 0x64, 0x28, 0x75, 0x69, 0x6e, 0x74, 0x32, 0x28, 0x69, 0x6e, 0x74, 0x32, 0x28, 0x69, // ead(uint2(int2(i
	0x6e, 0x74, 0x28, 0x28, 0x5f, 0x31, 0x32, 0x32, 0x34, 0x20, 0x3c, 0x20, 0x5f, 0x31, 0x37, 0x30, // nt((_1224 < _170
	0x33, 0x29, 0x20, 0x3f, 0x20, 0x30, 0x75, 0x20, 0x3a, 0x20, 0x28, 0x28, 0x5f, 0x31, 0x32, 0x32, // 3) ? 0u : ((_122
	0x34, 0x20, 0x3e, 0x3d, 0x20, 0x28, 0x5f, 0x31, 0x37, 0x30, 0x33, 0x20, 0x2b, 0x20, 0x31, 0x34, // 4 >= (_1703 + 14
	0x34, 0x30, 0x75, 0x29, 0x29, 0x20, 0x3f, 0x20, 0x34, 0x39, 0x35, 0x75, 0x20, 0x3a, 0x20, 0x28, // 40u)) ? 495u : (
	0x28, 0x28, 0x5f, 0x31, 0x32, 0x32, 0x34, 0x20, 0x2d, 0x20, 0x5f, 0x31, 0x37, 0x30, 0x33, 0x29, // ((_1224 - _1703)
	0x20, 0x2a, 0x20, 0x34, 0x39, 0x36, 0x75, 0x29, 0x20, 0x2f, 0x20, 0x31, 0x34, 0x34, 0x30, 0x75, //  * 496u) / 1440u
	0x29, 0x29, 0x29, 0x2c, 0x20, 0x69, 0x6e, 0x74, 0x28, 0x5f, 0x31, 0x36, 0x37, 0x34, 0x29, 0x29, // ))), int(_1674))
	0x29, 0x2c, 0x20, 0x30, 0x29, 0x3b, 0x0a, 0x20, 0x20, 0x20, 0x20, 0x20, 0x20, 0x20, 0x20, 0x75, // ), 0);.        u
	0x69, 0x6e, 0x74, 0x20, 0x5f, 0x32, 0x31, 0x37, 0x36, 0x20, 0x3d, 0x20, 0x5f, 0x32, 0x31, 0x37, // int _2176 = _217
	0x35, 0x2e, 0x78, 0x3b, 0x0a, 0x20, 0x20, 0x20, 0x20, 0x20, 0x20, 0x20, 0x20, 0x75, 0x69, 0x6e, // 5.x;.        uin
	0x74, 0x20, 0x5f, 0x31, 0x37, 0x33, 0x35, 0x20, 0x3d, 0x20, 0x5f, 0x32, 0x31, 0x37, 0x36, 0x20, // t _1735 = _2176
	0x26, 0x20, 0x36, 0x35, 0x35, 0x33, 0x35, 0x75, 0x3b, 0x0a, 0x20, 0x20, 0x20, 0x20, 0x20, 0x20, // & 65535u;.
	0x20, 0x20, 0x75, 0x69, 0x6e, 0x74, 0x20, 0x5f, 0x31, 0x37, 0x33, 0x37, 0x20, 0x3d, 0x20, 0x5f, //   uint _1737 = _
	0x32, 0x31, 0x37, 0x36, 0x20, 0x3e, 0x3e, 0x20, 0x75, 0x69, 0x6e, 0x74, 0x28, 0x31, 0x36, 0x29, // 2176 >> uint(16)
	0x3b, 0x0a, 0x20, 0x20, 0x20, 0x20, 0x20, 0x20, 0x20, 0x20, 0x75, 0x69, 0x6e, 0x74, 0x20, 0x5f, // ;.        uint _
	0x33, 0x39, 0x33, 0x38, 0x3b, 0x0a, 0x20, 0x20, 0x20, 0x20, 0x20, 0x20, 0x20, 0x20, 0x69, 0x66, // 3938;.        if
	0x20, 0x28, 0x5f, 0x33, 0x39, 0x33, 0x33, 0x20, 0x3d, 0x3d, 0x20, 0x33, 0x32, 0x37, 0x36, 0x38, //  (_3933 == 32768
	0x75, 0x29, 0x0a, 0x20, 0x20, 0x20, 0x20, 0x20, 0x20, 0x20, 0x20, 0x7b, 0x0a, 0x20, 0x20, 0x20, // u).        {.
	0x20, 0x20, 0x20, 0x20, 0x20, 0x20, 0x20, 0x20, 0x20, 0x75, 0x69, 0x6e, 0x74, 0x20, 0x5f, 0x33, //          uint _3
	0x39, 0x33, 0x35, 0x3b, 0x0a, 0x20, 0x20, 0x20, 0x20, 0x20, 0x20, 0x20, 0x20, 0x20, 0x20, 0x20, // 935;.
	0x20, 0x64, 0x6f, 0x0a, 0x20, 0x20, 0x20, 0x20, 0x20, 0x20, 0x20, 0x20, 0x20, 0x20, 0x20, 0x20, //  do.
	0x7b, 0x0a, 0x20, 0x20, 0x20, 0x20, 0x20, 0x20, 0x20, 0x20, 0x20, 0x20, 0x20, 0x20, 0x20, 0x20, // {.
	0x20, 0x20, 0x69, 0x66, 0x20, 0x28, 0x28, 0x5f, 0x31, 0x37, 0x30, 0x30, 0x20, 0x3d, 0x3d, 0x20, //   if ((_1700 ==
	0x36, 0x35, 0x35, 0x33, 0x35, 0x75, 0x29, 0x20, 0x7c, 0x7c, 0x20, 0x28, 0x28, 0x28, 0x5f, 0x31, // 65535u) || (((_1
	0x37, 0x30, 0x30, 0x20, 0x3e, 0x3e, 0x20, 0x75, 0x69, 0x6e, 0x74, 0x28, 0x31, 0x32, 0x29, 0x29, // 700 >> uint(12))
	0x20, 0x26, 0x20, 0x33, 0x75, 0x29, 0x20, 0x21, 0x3d, 0x20, 0x32, 0x75, 0x29, 0x29, 0x0a, 0x20, //  & 3u) != 2u)).
	0x20, 0x20, 0x20, 0x20, 0x20, 0x20, 0x20, 0x20, 0x20, 0x20, 0x20, 0x20, 0x20, 0x20, 0x20, 0x7b, //                {
	0x0a, 0x20, 0x20, 0x20, 0x20, 0x20, 0x20, 0x20, 0x20, 0x20, 0x20, 0x20, 0x20, 0x20, 0x20, 0x20, // .
	0x20, 0x20, 0x20, 0x20, 0x20, 0x5f, 0x33, 0x39, 0x33, 0x35, 0x20, 0x3d, 0x20, 0x32, 0x35, 0x35, //      _3935 = 255
	0x75, 0x3b, 0x0a, 0x20, 0x20, 0x20, 0x20, 0x20, 0x20, 0x20, 0x20, 0x20, 0x20, 0x20, 0x20, 0x20, // u;.
	0x20, 0x20, 0x20, 0x20, 0x20, 0x20, 0x20, 0x62, 0x72, 0x65, 0x61, 0x6b, 0x3b, 0x0a, 0x20, 0x20, //        break;.
	0x20, 0x20, 0x20, 0x20, 0x20, 0x20, 0x20, 0x20, 0x20, 0x20, 0x20, 0x20, 0x20, 0x20, 0x7d, 0x0a, //               }.
	0x20, 0x20, 0x20, 0x20, 0x20, 0x20, 0x20, 0x20, 0x20, 0x20, 0x20, 0x20, 0x20, 0x20, 0x20, 0x20, //
	0x75, 0x69, 0x6e, 0x74, 0x20, 0x5f, 0x32, 0x31, 0x39, 0x36, 0x20, 0x3d, 0x20, 0x28, 0x5f, 0x31, // uint _2196 = (_1
	0x37, 0x30, 0x30, 0x20, 0x26, 0x20, 0x34, 0x30, 0x39, 0x35, 0x75, 0x29, 0x20, 0x5e, 0x20, 0x33, // 700 & 4095u) ^ 3
	0x38, 0x34, 0x30, 0x75, 0x3b, 0x0a, 0x20, 0x20, 0x20, 0x20, 0x20, 0x20, 0x20, 0x20, 0x20, 0x20, // 840u;.
	0x20, 0x20, 0x20, 0x20, 0x20, 0x20, 0x75, 0x69, 0x6e, 0x74, 0x20, 0x5f, 0x33, 0x39, 0x33, 0x36, //       uint _3936
	0x3b, 0x0a, 0x20, 0x20, 0x20, 0x20, 0x20, 0x20, 0x20, 0x20, 0x20, 0x20, 0x20, 0x20, 0x20, 0x20, // ;.
	0x20, 0x20, 0x69, 0x66, 0x20, 0x28, 0x28, 0x5f, 0x32, 0x31, 0x39, 0x36, 0x20, 0x26, 0x20, 0x32, //   if ((_2196 & 2
	0x35, 0x35, 0x75, 0x29, 0x20, 0x3d, 0x3d, 0x20, 0x32, 0x35, 0x35, 0x75, 0x29, 0x0a, 0x20, 0x20, // 55u) == 255u).
	0x20, 0x20, 0x20, 0x20, 0x20, 0x20, 0x20, 0x20, 0x20, 0x20, 0x20, 0x20, 0x20, 0x20, 0x7b, 0x0a, //               {.
	0x20, 0x20, 0x20, 0x20, 0x20, 0x20, 0x20, 0x20, 0x20, 0x20, 0x20, 0x20, 0x20, 0x20, 0x20, 0x20, //
	0x20, 0x20, 0x20, 0x20, 0x5f, 0x33, 0x39, 0x33, 0x36, 0x20, 0x3d, 0x20, 0x5f, 0x32, 0x31, 0x39, //     _3936 = _219
	0x36, 0x3b, 0x0a, 0x20, 0x20, 0x20, 0x20, 0x20, 0x20, 0x20, 0x20, 0x20, 0x20, 0x20, 0x20, 0x20, // 6;.
	0x20, 0x20, 0x20, 0x7d, 0x0a, 0x20, 0x20, 0x20, 0x20, 0x20, 0x20, 0x20, 0x20, 0x20, 0x20, 0x20, //    }.
	0x20, 0x20, 0x20, 0x20, 0x20, 0x65, 0x6c, 0x73, 0x65, 0x0a, 0x20, 0x20, 0x20, 0x20, 0x20, 0x20, //      else.
	0x20, 0x20, 0x20, 0x20, 0x20, 0x20, 0x20, 0x20, 0x20, 0x20, 0x7b, 0x0a, 0x20, 0x20, 0x20, 0x20, //           {.
	0x20, 0x20, 0x20, 0x20, 0x20, 0x20, 0x20, 0x20, 0x20, 0x20, 0x20, 0x20, 0x20, 0x20, 0x20, 0x20, //
	0x75, 0x69, 0x6e, 0x74, 0x20, 0x5f, 0x33, 0x39, 0x33, 0x37, 0x3b, 0x0a, 0x20, 0x20, 0x20, 0x20, // uint _3937;.
	0x20, 0x20, 0x20, 0x20, 0x20, 0x20, 0x20, 0x20, 0x20, 0x20, 0x20, 0x20, 0x20, 0x20, 0x20, 0x20, //
	0x69, 0x66, 0x20, 0x28, 0x28, 0x5f, 0x32, 0x31, 0x39, 0x36, 0x20, 0x26, 0x20, 0x32, 0x35, 0x35, // if ((_2196 & 255
	0x75, 0x29, 0x20, 0x3c, 0x20, 0x32, 0x75, 0x29, 0x0a, 0x20, 0x20, 0x20, 0x20, 0x20, 0x20, 0x20, // u) < 2u).
	0x20, 0x20, 0x20, 0x20, 0x20, 0x20, 0x20, 0x20, 0x20, 0x20, 0x20, 0x20, 0x20, 0x7b, 0x0a, 0x20, //              {.
	0x20, 0x20, 0x20, 0x20, 0x20, 0x20, 0x20, 0x20, 0x20, 0x20, 0x20, 0x20, 0x20, 0x20, 0x20, 0x20, //
	0x20, 0x20, 0x20, 0x20, 0x20, 0x20, 0x20, 0x5f, 0x33, 0x39, 0x33, 0x37, 0x20, 0x3d, 0x20, 0x5f, //        _3937 = _
	0x32, 0x31, 0x39, 0x36, 0x3b, 0x0a, 0x20, 0x20, 0x20, 0x20, 0x20, 0x20, 0x20, 0x20, 0x20, 0x20, // 2196;.
	0x20, 0x20, 0x20, 0x20, 0x20, 0x20, 0x20, 0x20, 0x20, 0x20, 0x7d, 0x0a, 0x20, 0x20, 0x20, 0x20, //           }.
	0x20, 0x20, 0x20, 0x20, 0x20, 0x20, 0x20, 0x20, 0x20, 0x20, 0x20, 0x20, 0x20, 0x20, 0x20, 0x20, //
	0x65, 0x6c, 0x73, 0x65, 0x0a, 0x20, 0x20, 0x20, 0x20, 0x20, 0x20, 0x20, 0x20, 0x20, 0x20, 0x20, // else.
	0x20, 0x20, 0x20, 0x20, 0x20, 0x20, 0x20, 0x20, 0x20, 0x7b, 0x0a, 0x20, 0x20, 0x20, 0x20, 0x20, //          {.
	0x20, 0x20, 0x20, 0x20, 0x20, 0x20, 0x20, 0x20, 0x20, 0x20, 0x20, 0x20, 0x20, 0x20, 0x20, 0x20, //
	0x20, 0x20, 0x20, 0x5f, 0x33, 0x39, 0x33, 0x37, 0x20, 0x3d, 0x20, 0x34, 0x30, 0x39, 0x36, 0x75, //    _3937 = 4096u
	0x20, 0x7c, 0x20, 0x5f, 0x32, 0x31, 0x39, 0x36, 0x3b, 0x0a, 0x20, 0x20, 0x20, 0x20, 0x20, 0x20, //  | _2196;.
	0x20, 0x20, 0x20, 0x20, 0x20, 0x20, 0x20, 0x20, 0x20, 0x20, 0x20, 0x20, 0x20, 0x20, 0x7d, 0x0a, //               }.
	0x20, 0x20, 0x20, 0x20, 0x20, 0x20, 0x20, 0x20, 0x20, 0x20, 0x20, 0x20, 0x20, 0x20, 0x20, 0x20, //
	0x20, 0x20, 0x20, 0x20, 0x5f, 0x33, 0x39, 0x33, 0x36, 0x20, 0x3d, 0x20, 0x5f, 0x33, 0x39, 0x33, //     _3936 = _393
	0x37, 0x3b, 0x0a, 0x20, 0x20, 0x20, 0x20, 0x20, 0x20, 0x20, 0x20, 0x20, 0x20, 0x20, 0x20, 0x20, // 7;.
	0x20, 0x20, 0x20, 0x7d, 0x0a, 0x20, 0x20, 0x20, 0x20, 0x20, 0x20, 0x20, 0x20, 0x20, 0x20, 0x20, //    }.
	0x20, 0x20, 0x20, 0x20, 0x20, 0x5f, 0x33, 0x39, 0x33, 0x35, 0x20, 0x3d, 0x20, 0x5f, 0x33, 0x39, //      _3935 = _39
	0x33, 0x36, 0x3b, 0x0a, 0x20, 0x20, 0x20, 0x20, 0x20, 0x20, 0x20, 0x20, 0x20, 0x20, 0x20, 0x20, // 36;.
	0x20, 0x20, 0x20, 0x20, 0x62, 0x72, 0x65, 0x61, 0x6b, 0x3b, 0x0a, 0x20, 0x20, 0x20, 0x20, 0x20, //     break;.
	0x20, 0x20, 0x20, 0x20, 0x20, 0x20, 0x20, 0x7d, 0x20, 0x77, 0x68, 0x69, 0x6c, 0x65, 0x28, 0x66, //        } while(f
	0x61, 0x6c, 0x73, 0x65, 0x29, 0x3b, 0x0a, 0x20, 0x20, 0x20, 0x20, 0x20, 0x20, 0x20, 0x20, 0x20, // alse);.
	0x20, 0x20, 0x20, 0x5f, 0x33, 0x39, 0x33, 0x38, 0x20, 0x3d, 0x20, 0x5f, 0x33, 0x39, 0x33, 0x35, //    _3938 = _3935
	0x3b, 0x0a, 0x20, 0x20, 0x20, 0x20, 0x20, 0x20, 0x20, 0x20, 0x7d, 0x0a, 0x20, 0x20, 0x20, 0x20, // ;.        }.
	0x20, 0x20, 0x20, 0x20, 0x65, 0x6c, 0x73, 0x65, 0x0a, 0x20, 0x20, 0x20, 0x20, 0x20, 0x20, 0x20, //     else.
	0x20, 0x7b, 0x0a, 0x20, 0x20, 0x20, 0x20, 0x20, 0x20, 0x20, 0x20, 0x20, 0x20, 0x20, 0x20, 0x5f, //  {.            _
	0x33, 0x39, 0x33, 0x38, 0x20, 0x3d, 0x20, 0x32, 0x35, 0x35, 0x75, 0x3b, 0x0a, 0x20, 0x20, 0x20, // 3938 = 255u;.
	0x20, 0x20, 0x20, 0x20, 0x20, 0x7d, 0x0a, 0x20, 0x20, 0x20, 0x20, 0x20, 0x20, 0x20, 0x20, 0x62, //      }.        b
	0x6f, 0x6f, 0x6c, 0x20, 0x5f, 0x31, 0x37, 0x35, 0x34, 0x20, 0x3d, 0x20, 0x28, 0x28, 0x5f, 0x33, // ool _1754 = ((_3
	0x39, 0x33, 0x32, 0x20, 0x3c, 0x3d, 0x20, 0x5f, 0x33, 0x39, 0x33, 0x33, 0x29, 0x20, 0x7c, 0x7c, // 932 <= _3933) ||
	0x20, 0x5f, 0x31, 0x36, 0x36, 0x33, 0x29, 0x20, 0x26, 0x26, 0x20, 0x28, 0x5f, 0x33, 0x39, 0x33, //  _1663) && (_393
	0x31, 0x20, 0x21, 0x3d, 0x20, 0x30, 0x75, 0x29, 0x3b, 0x0a, 0x20, 0x20, 0x20, 0x20, 0x20, 0x20, // 1 != 0u);.
	0x20, 0x20, 0x75, 0x69, 0x6e, 0x74, 0x20, 0x5f, 0x34, 0x34, 0x37, 0x30, 0x20, 0x3d, 0x20, 0x28, //   uint _4470 = (
	0x5f, 0x34, 0x34, 0x36, 0x39, 0x20, 0x21, 0x3d, 0x20, 0x30, 0x75, 0x29, 0x20, 0x3f, 0x20, 0x5f, // _4469 != 0u) ? _
	0x34, 0x34, 0x36, 0x39, 0x20, 0x3a, 0x20, 0x5f, 0x33, 0x39, 0x33, 0x38, 0x3b, 0x0a, 0x20, 0x20, // 4469 : _3938;.
	0x20, 0x20, 0x20, 0x20, 0x20, 0x20, 0x62, 0x6f, 0x6f, 0x6c, 0x20, 0x5f, 0x33, 0x39, 0x36, 0x30, //       bool _3960
	0x3b, 0x0a, 0x20, 0x20, 0x20, 0x20, 0x20, 0x20, 0x20, 0x20, 0x75, 0x69, 0x6e, 0x74, 0x20, 0x5f, // ;.        uint _
	0x33, 0x39, 0x36, 0x31, 0x3b, 0x0a, 0x20, 0x20, 0x20, 0x20, 0x20, 0x20, 0x20, 0x20, 0x64, 0x6f, // 3961;.        do
	0x0a, 0x20, 0x20, 0x20, 0x20, 0x20, 0x20, 0x20, 0x20, 0x7b, 0x0a, 0x20, 0x20, 0x20, 0x20, 0x20, // .        {.
	0x20, 0x20, 0x20, 0x20, 0x20, 0x20, 0x20, 0x69, 0x66, 0x20, 0x28, 0x28, 0x5f, 0x31, 0x37, 0x30, //        if ((_170
	0x30, 0x20, 0x3d, 0x3d, 0x20, 0x36, 0x35, 0x35, 0x33, 0x35, 0x75, 0x29, 0x20, 0x7c, 0x7c, 0x20, // 0 == 65535u) ||
	0x28, 0x28, 0x28, 0x5f, 0x31, 0x37, 0x30, 0x30, 0x20, 0x3e, 0x3e, 0x20, 0x75, 0x69, 0x6e, 0x74, // (((_1700 >> uint
	0x28, 0x31, 0x32, 0x29, 0x29, 0x20, 0x26, 0x20, 0x33, 0x75, 0x29, 0x20, 0x21, 0x3d, 0x20, 0x30, // (12)) & 3u) != 0
	0x75, 0x29, 0x29, 0x0a, 0x20, 0x20, 0x20, 0x20, 0x20, 0x20, 0x20, 0x20, 0x20, 0x20, 0x20, 0x20, // u)).
	0x7b, 0x0a, 0x20, 0x20, 0x20, 0x20, 0x20, 0x20, 0x20, 0x20, 0x20, 0x20, 0x20, 0x20, 0x20, 0x20, // {.
	0x20, 0x20, 0x5f, 0x33, 0x39, 0x36, 0x31, 0x20, 0x3d, 0x20, 0x5f, 0x34, 0x34, 0x37, 0x30, 0x3b, //   _3961 = _4470;
	0x0a, 0x20, 0x20, 0x20, 0x20, 0x20, 0x20, 0x20, 0x20, 0x20, 0x20, 0x20, 0x20, 0x20, 0x20, 0x20, // .
	0x20, 0x5f, 0x33, 0x39, 0x36, 0x30, 0x20, 0x3d, 0x20, 0x66, 0x61, 0x6c, 0x73, 0x65, 0x3b, 0x0a, //  _3960 = false;.
	0x20, 0x20, 0x20, 0x20, 0x20, 0x20, 0x20, 0x20, 0x20, 0x20, 0x20, 0x20, 0x20, 0x20, 0x20, 0x20, //
	0x62, 0x72, 0x65, 0x61, 0x6b, 0x3b, 0x0a, 0x20, 0x20, 0x20, 0x20, 0x20, 0x20, 0x20, 0x20, 0x20, // break;.
	0x20, 0x20, 0x20, 0x7d, 0x0a, 0x20, 0x20, 0x20, 0x20, 0x20, 0x20, 0x20, 0x20, 0x20, 0x20, 0x20, //    }.
	0x20, 0x75, 0x69, 0x6e, 0x74, 0x20, 0x5f, 0x32, 0x32, 0x34, 0x38, 0x20, 0x3d, 0x20, 0x28, 0x5f, //  uint _2248 = (_
	0x31, 0x37, 0x30, 0x30, 0x20, 0x26, 0x20, 0x34, 0x30, 0x39, 0x35, 0x75, 0x29, 0x20, 0x5e, 0x20, // 1700 & 4095u) ^
	0x33, 0x38, 0x34, 0x30, 0x75, 0x3b, 0x0a, 0x20, 0x20, 0x20, 0x20, 0x20, 0x20, 0x20, 0x20, 0x20, // 3840u;.
	0x20, 0x20, 0x20, 0x75, 0x69, 0x6e, 0x74, 0x20, 0x5f, 0x33, 0x39, 0x36, 0x32, 0x3b, 0x0a, 0x20, //    uint _3962;.
	0x20, 0x20, 0x20, 0x20, 0x20, 0x20, 0x20, 0x20, 0x20, 0x20, 0x20, 0x69, 0x66, 0x20, 0x28, 0x28, //            if ((
	0x5f, 0x32, 0x32, 0x34, 0x38, 0x20, 0x26, 0x20, 0x32, 0x35, 0x35, 0x75, 0x29, 0x20, 0x3d, 0x3d, // _2248 & 255u) ==
	0x20, 0x32, 0x35, 0x35, 0x75, 0x29, 0x0a, 0x20, 0x20, 0x20, 0x20, 0x20, 0x20, 0x20, 0x20, 0x20, //  255u).
	0x20, 0x20, 0x20, 0x7b, 0x0a, 0x20, 0x20, 0x20, 0x20, 0x20, 0x20, 0x20, 0x20, 0x20, 0x20, 0x20, //    {.
	0x20, 0x20, 0x20, 0x20, 0x20, 0x69, 0x66, 0x20, 0x28, 0x5f, 0x34, 0x34, 0x37, 0x30, 0x20, 0x21, //      if (_4470 !
	0x3d, 0x20, 0x32, 0x35, 0x35, 0x75, 0x29, 0x0a, 0x20, 0x20, 0x20, 0x20, 0x20, 0x20, 0x20, 0x20, // = 255u).
	0x20, 0x20, 0x20, 0x20, 0x20, 0x20, 0x20, 0x20, 0x7b, 0x0a, 0x20, 0x20, 0x20, 0x20, 0x20, 0x20, //         {.
	0x20, 0x20, 0x20, 0x20, 0x20, 0x20, 0x20, 0x20, 0x20, 0x20, 0x20, 0x20, 0x20, 0x20, 0x5f, 0x33, //               _3
	0x39, 0x36, 0x31, 0x20, 0x3d, 0x20, 0x5f, 0x34, 0x34, 0x37, 0x30, 0x3b, 0x0a, 0x20, 0x20, 0x20, // 961 = _4470;.
	0x20, 0x20, 0x20, 0x20, 0x20, 0x20, 0x20, 0x20, 0x20, 0x20, 0x20, 0x20, 0x20, 0x20, 0x20, 0x20, //
	0x20, 0x5f, 0x33, 0x39, 0x36, 0x30, 0x20, 0x3d, 0x20, 0x66, 0x61, 0x6c, 0x73, 0x65, 0x3b, 0x0a, //  _3960 = false;.
	0x20, 0x20, 0x20, 0x20, 0x20, 0x20, 0x20, 0x20, 0x20, 0x20, 0x20, 0x20, 0x20, 0x20, 0x20, 0x20, //
	0x20, 0x20, 0x20, 0x20, 0x62, 0x72, 0x65, 0x61, 0x6b, 0x3b, 0x0a, 0x20, 0x20, 0x20, 0x20, 0x20, //     break;.
	0x20, 0x20, 0x20, 0x20, 0x20, 0x20, 0x20, 0x20, 0x20, 0x20, 0x20, 0x7d, 0x0a, 0x20, 0x20, 0x20, //            }.
	0x20, 0x20, 0x20, 0x20, 0x20, 0x20, 0x20, 0x20, 0x20, 0x20, 0x20, 0x20, 0x20, 0x5f, 0x33, 0x39, //              _39
	0x36, 0x32, 0x20, 0x3d, 0x20, 0x5f, 0x32, 0x32, 0x34, 0x38, 0x3b, 0x0a, 0x20, 0x20, 0x20, 0x20, // 62 = _2248;.
	0x20, 0x20, 0x20, 0x20, 0x20, 0x20, 0x20, 0x20, 0x7d, 0x0a, 0x20, 0x20, 0x20, 0x20, 0x20, 0x20, //         }.
	0x20, 0x20, 0x20, 0x20, 0x20, 0x20, 0x65, 0x6c, 0x73, 0x65, 0x0a, 0x20, 0x20, 0x20, 0x20, 0x20, //       else.
	0x20, 0x20, 0x20, 0x20, 0x20, 0x20, 0x20, 0x7b, 0x0a, 0x20, 0x20, 0x20, 0x20, 0x20, 0x20, 0x20, //        {.
	0x20, 0x20, 0x20, 0x20, 0x20, 0x20, 0x20, 0x20, 0x20, 0x75, 0x69, 0x6e, 0x74, 0x20, 0x5f, 0x33, //          uint _3
	0x39, 0x36, 0x33, 0x3b, 0x0a, 0x20, 0x20, 0x20, 0x20, 0x20, 0x20, 0x20, 0x20, 0x20, 0x20, 0x20, // 963;.
	0x20, 0x20, 0x20, 0x20, 0x20, 0x69, 0x66, 0x20, 0x28, 0x28, 0x5f, 0x32, 0x32, 0x34, 0x38, 0x20, //      if ((_2248
	0x26, 0x20, 0x32, 0x35, 0x35, 0x75, 0x29, 0x20, 0x3c, 0x20, 0x32, 0x75, 0x29, 0x0a, 0x20, 0x20, // & 255u) < 2u).
	0x20, 0x20, 0x20, 0x20, 0x20, 0x20, 0x20, 0x20, 0x20, 0x20, 0x20, 0x20, 0x20, 0x20, 0x7b, 0x0a, //               {.
	0x20, 0x20, 0x20, 0x20, 0x20, 0x20, 0x20, 0x20, 0x20, 0x20, 0x20, 0x20, 0x20, 0x20, 0x20, 0x20, //
	0x20, 0x20, 0x20, 0x20, 0x5f, 0x33, 0x39, 0x36, 0x33, 0x20, 0x3d, 0x20, 0x28, 0x5f, 0x34, 0x34, //     _3963 = (_44
	0x37, 0x30, 0x20, 0x21, 0x3d, 0x20, 0x32, 0x35, 0x35, 0x75, 0x29, 0x20, 0x3f, 0x20, 0x28, 0x75, // 70 != 255u) ? (u
	0x69, 0x6e, 0x74, 0x28, 0x28, 0x28, 0x5f, 0x32, 0x32, 0x34, 0x38, 0x20, 0x26, 0x20, 0x31, 0x75, // int(((_2248 & 1u
	0x29, 0x20, 0x21, 0x3d, 0x20, 0x30, 0x75, 0x29, 0x20, 0x3f, 0x20, 0x32, 0x34, 0x35, 0x37, 0x36, // ) != 0u) ? 24576
	0x20, 0x3a, 0x20, 0x31, 0x36, 0x33, 0x38, 0x34, 0x29, 0x20, 0x7c, 0x20, 0x28, 0x5f, 0x34, 0x34, //  : 16384) | (_44
	0x37, 0x30, 0x20, 0x26, 0x20, 0x38, 0x31, 0x39, 0x31, 0x75, 0x29, 0x29, 0x20, 0x3a, 0x20, 0x5f, // 70 & 8191u)) : _
	0x32, 0x32, 0x34, 0x38, 0x3b, 0x0a, 0x20, 0x20, 0x20, 0x20, 0x20, 0x20, 0x20, 0x20, 0x20, 0x20, // 2248;.
	0x20, 0x20, 0x20, 0x20, 0x20, 0x20, 0x7d, 0x0a, 0x20, 0x20, 0x20, 0x20, 0x20, 0x20, 0x20, 0x20, //       }.
	0x20, 0x20, 0x20, 0x20, 0x20, 0x20, 0x20, 0x20, 0x65, 0x6c, 0x73, 0x65, 0x0a, 0x20, 0x20, 0x20, //         else.
	0x20, 0x20, 0x20, 0x20, 0x20, 0x20, 0x20, 0x20, 0x20, 0x20, 0x20, 0x20, 0x20, 0x7b, 0x0a, 0x20, //              {.
	0x20, 0x20, 0x20, 0x20, 0x20, 0x20, 0x20, 0x20, 0x20, 0x20, 0x20, 0x20, 0x20, 0x20, 0x20, 0x20, //
	0x20, 0x20, 0x20, 0x5f, 0x33, 0x39, 0x36, 0x33, 0x20, 0x3d, 0x20, 0x34, 0x30, 0x39, 0x36, 0x75, //    _3963 = 4096u
	0x20, 0x7c, 0x20, 0x5f, 0x32, 0x32, 0x34, 0x38, 0x3b, 0x0a, 0x20, 0x20, 0x20, 0x20, 0x20, 0x20, //  | _2248;.
	0x20, 0x20, 0x20, 0x20, 0x20, 0x20, 0x20, 0x20, 0x20, 0x20, 0x7d, 0x0a, 0x20, 0x20, 0x20, 0x20, //           }.
	0x20, 0x20, 0x20, 0x20, 0x20, 0x20, 0x20, 0x20, 0x20, 0x20, 0x20, 0x20, 0x5f, 0x33, 0x39, 0x36, //             _396
	0x32, 0x20, 0x3d, 0x20, 0x5f, 0x33, 0x39, 0x36, 0x33, 0x3b, 0x0a, 0x20, 0x20, 0x20, 0x20, 0x20, // 2 = _3963;.
	0x20, 0x20, 0x20, 0x20, 0x20, 0x20, 0x20, 0x7d, 0x0a, 0x20, 0x20, 0x20, 0x20, 0x20, 0x20, 0x20, //        }.
	0x20, 0x20, 0x20, 0x20, 0x20, 0x5f, 0x33, 0x39, 0x36, 0x31, 0x20, 0x3d, 0x20, 0x5f, 0x33, 0x39, //      _3961 = _39
	0x36, 0x32, 0x3b, 0x0a, 0x20, 0x20, 0x20, 0x20, 0x20, 0x20, 0x20, 0x20, 0x20, 0x20, 0x20, 0x20, // 62;.
	0x5f, 0x33, 0x39, 0x36, 0x30, 0x20, 0x3d, 0x20, 0x74, 0x72, 0x75, 0x65, 0x3b, 0x0a, 0x20, 0x20, // _3960 = true;.
	0x20, 0x20, 0x20, 0x20, 0x20, 0x20, 0x20, 0x20, 0x20, 0x20, 0x62, 0x72, 0x65, 0x61, 0x6b, 0x3b, //           break;
	0x0a, 0x20, 0x20, 0x20, 0x20, 0x20, 0x20, 0x20, 0x20, 0x7d, 0x20, 0x77, 0x68, 0x69, 0x6c, 0x65, // .        } while
	0x28, 0x66, 0x61, 0x6c, 0x73, 0x65, 0x29, 0x3b, 0x0a, 0x20, 0x20, 0x20, 0x20, 0x20, 0x20, 0x20, // (false);.
	0x20, 0x75, 0x69, 0x6e, 0x74, 0x20, 0x5f, 0x33, 0x39, 0x38, 0x35, 0x3b, 0x0a, 0x20, 0x20, 0x20, //  uint _3985;.
	0x20, 0x20, 0x20, 0x20, 0x20, 0x62, 0x6f, 0x6f, 0x6c, 0x20, 0x5f, 0x34, 0x30, 0x34, 0x30, 0x3b, //      bool _4040;
	0x0a, 0x20, 0x20, 0x20, 0x20, 0x20, 0x20, 0x20, 0x20, 0x62, 0x6f, 0x6f, 0x6c, 0x20, 0x5f, 0x34, // .        bool _4
	0x31, 0x31, 0x36, 0x3b, 0x0a, 0x20, 0x20, 0x20, 0x20, 0x20, 0x20, 0x20, 0x20, 0x69, 0x66, 0x20, // 116;.        if
	0x28, 0x5f, 0x33, 0x39, 0x36, 0x30, 0x29, 0x0a, 0x20, 0x20, 0x20, 0x20, 0x20, 0x20, 0x20, 0x20, // (_3960).
	0x7b, 0x0a, 0x20, 0x20, 0x20, 0x20, 0x20, 0x20, 0x20, 0x20, 0x20, 0x20, 0x20, 0x20, 0x62, 0x6f, // {.            bo
	0x6f, 0x6c, 0x20, 0x5f, 0x31, 0x37, 0x38, 0x38, 0x20, 0x3d, 0x20, 0x28, 0x28, 0x28, 0x5f, 0x32, // ol _1788 = (((_2
	0x30, 0x34, 0x39, 0x20, 0x26, 0x20, 0x31, 0x75, 0x29, 0x20, 0x3d, 0x3d, 0x20, 0x30, 0x75, 0x29, // 049 & 1u) == 0u)
	0x20, 0x7c, 0x7c, 0x20, 0x28, 0x28, 0x28, 0x5f, 0x33, 0x39, 0x36, 0x31, 0x20, 0x26, 0x20, 0x32, //  || (((_3961 & 2
	0x30, 0x34, 0x38, 0x30, 0x75, 0x29, 0x20, 0x21, 0x3d, 0x20, 0x30, 0x75, 0x29, 0x20, 0x26, 0x26, // 0480u) != 0u) &&
	0x20, 0x28, 0x70, 0x61, 0x6c, 0x65, 0x74, 0x74, 0x65, 0x2e, 0x72, 0x65, 0x61, 0x64, 0x28, 0x75, //  (palette.read(u
	0x69, 0x6e, 0x74, 0x32, 0x28, 0x69, 0x6e, 0x74, 0x32, 0x28, 0x69, 0x6e, 0x74, 0x28, 0x31, 0x75, // int2(int2(int(1u
	0x20, 0x2b, 0x20, 0x28, 0x28, 0x5f, 0x33, 0x39, 0x36, 0x31, 0x20, 0x3e, 0x3e, 0x20, 0x75, 0x69, //  + ((_3961 >> ui
	0x6e, 0x74, 0x28, 0x38, 0x29, 0x29, 0x20, 0x26, 0x20, 0x31, 0x35, 0x75, 0x29, 0x29, 0x2c, 0x20, // nt(8)) & 15u)),
	0x31, 0x34, 0x34, 0x29, 0x29, 0x2c, 0x20, 0x30, 0x29, 0x2e, 0x78, 0x20, 0x3c, 0x3d, 0x20, 0x5f, // 144)), 0).x <= _
	0x33, 0x39, 0x33, 0x33, 0x29, 0x29, 0x29, 0x20, 0x7c, 0x7c, 0x20, 0x28, 0x5f, 0x33, 0x39, 0x36, // 3933))) || (_396
	0x31, 0x20, 0x3c, 0x20, 0x34, 0x30, 0x39, 0x36, 0x75, 0x29, 0x3b, 0x0a, 0x20, 0x20, 0x20, 0x20, // 1 < 4096u);.
	0x20, 0x20, 0x20, 0x20, 0x20, 0x20, 0x20, 0x20, 0x5f, 0x34, 0x31, 0x31, 0x36, 0x20, 0x3d, 0x20, //         _4116 =
	0x5f, 0x31, 0x37, 0x38, 0x38, 0x20, 0x3f, 0x20, 0x74, 0x72, 0x75, 0x65, 0x20, 0x3a, 0x20, 0x66, // _1788 ? true : f
	0x61, 0x6c, 0x73, 0x65, 0x3b, 0x0a, 0x20, 0x20, 0x20, 0x20, 0x20, 0x20, 0x20, 0x20, 0x20, 0x20, // alse;.
	0x20, 0x20, 0x5f, 0x34, 0x30, 0x34, 0x30, 0x20, 0x3d, 0x20, 0x5f, 0x31, 0x37, 0x38, 0x38, 0x20, //   _4040 = _1788
	0x3f, 0x20, 0x66, 0x61, 0x6c, 0x73, 0x65, 0x20, 0x3a, 0x20, 0x5f, 0x31, 0x37, 0x35, 0x34, 0x3b, // ? false : _1754;
	0x0a, 0x20, 0x20, 0x20, 0x20, 0x20, 0x20, 0x20, 0x20, 0x20, 0x20, 0x20, 0x20, 0x5f, 0x33, 0x39, // .            _39
	0x38, 0x35, 0x20, 0x3d, 0x20, 0x5f, 0x31, 0x37, 0x38, 0x38, 0x20, 0x3f, 0x20, 0x5f, 0x33, 0x39, // 85 = _1788 ? _39
	0x36, 0x31, 0x20, 0x3a, 0x20, 0x5f, 0x34, 0x34, 0x37, 0x30, 0x3b, 0x0a, 0x20, 0x20, 0x20, 0x20, // 61 : _4470;.
	0x20, 0x20, 0x20, 0x20, 0x7d, 0x0a, 0x20, 0x20, 0x20, 0x20, 0x20, 0x20, 0x20, 0x20, 0x65, 0x6c, //     }.        el
	0x73, 0x65, 0x0a, 0x20, 0x20, 0x20, 0x20, 0x20, 0x20, 0x20, 0x20, 0x7b, 0x0a, 0x20, 0x20, 0x20, // se.        {.
	0x20, 0x20, 0x20, 0x20, 0x20, 0x20, 0x20, 0x20, 0x20, 0x5f, 0x34, 0x31, 0x31, 0x36, 0x20, 0x3d, //          _4116 =
	0x20, 0x66, 0x61, 0x6c, 0x73, 0x65, 0x3b, 0x0a, 0x20, 0x20, 0x20, 0x20, 0x20, 0x20, 0x20, 0x20, //  false;.
	0x20, 0x20, 0x20, 0x20, 0x5f, 0x34, 0x30, 0x34, 0x30, 0x20, 0x3d, 0x20, 0x5f, 0x31, 0x37, 0x35, //     _4040 = _175
	0x34, 0x3b, 0x0a, 0x20, 0x20, 0x20, 0x20, 0x20, 0x20, 0x20, 0x20, 0x20, 0x20, 0x20, 0x20, 0x5f, // 4;.            _
	0x33, 0x39, 0x38, 0x35, 0x20, 0x3d, 0x20, 0x5f, 0x34, 0x34, 0x37, 0x30, 0x3b, 0x0a, 0x20, 0x20, // 3985 = _4470;.
	0x20, 0x20, 0x20, 0x20, 0x20, 0x20, 0x7d, 0x0a, 0x20, 0x20, 0x20, 0x20, 0x20, 0x20, 0x20, 0x20, //       }.
	0x62, 0x6f, 0x6f, 0x6c, 0x20, 0x5f, 0x33, 0x39, 0x37, 0x34, 0x3b, 0x0a, 0x20, 0x20, 0x20, 0x20, // bool _3974;.
	0x20, 0x20, 0x20, 0x20, 0x75, 0x69, 0x6e, 0x74, 0x20, 0x5f, 0x33, 0x39, 0x37, 0x35, 0x3b, 0x0a, //     uint _3975;.
	0x20, 0x20, 0x20, 0x20, 0x20, 0x20, 0x20, 0x20, 0x64, 0x6f, 0x0a, 0x20, 0x20, 0x20, 0x20, 0x20, //         do.
	0x20, 0x20, 0x20, 0x7b, 0x0a, 0x20, 0x20, 0x20, 0x20, 0x20, 0x20, 0x20, 0x20, 0x20, 0x20, 0x20, //    {.
	0x20, 0x69, 0x66, 0x20, 0x28, 0x28, 0x5f, 0x31, 0x37, 0x30, 0x30, 0x20, 0x3d, 0x3d, 0x20, 0x36, //  if ((_1700 == 6
	0x35, 0x35, 0x33, 0x35, 0x75, 0x29, 0x20, 0x7c, 0x7c, 0x20, 0x28, 0x28, 0x28, 0x5f, 0x31, 0x37, // 5535u) || (((_17
	0x30, 0x30, 0x20, 0x3e, 0x3e, 0x20, 0x75, 0x69, 0x6e, 0x74, 0x28, 0x31, 0x32, 0x29, 0x29, 0x20, // 00 >> uint(12))
	0x26, 0x20, 0x33, 0x75, 0x29, 0x20, 0x21, 0x3d, 0x20, 0x30, 0x75, 0x29, 0x29, 0x0a, 0x20, 0x20, // & 3u) != 0u)).
	0x20, 0x20, 0x20, 0x20, 0x20, 0x20, 0x20, 0x20, 0x20, 0x20, 0x7b, 0x0a, 0x20, 0x20, 0x20, 0x20, //           {.
	0x20, 0x20, 0x20, 0x20, 0x20, 0x20, 0x20, 0x20, 0x20, 0x20, 0x20, 0x20, 0x5f, 0x33, 0x39, 0x37, //             _397
	0x35, 0x20, 0x3d, 0x20, 0x5f, 0x33, 0x39, 0x33, 0x38, 0x3b, 0x0a, 0x20, 0x20, 0x20, 0x20, 0x20, // 5 = _3938;.
	0x20, 0x20, 0x20, 0x20, 0x20, 0x20, 0x20, 0x20, 0x20, 0x20, 0x20, 0x5f, 0x33, 0x39, 0x37, 0x34, //            _3974
	0x20, 0x3d, 0x20, 0x66, 0x61, 0x6c, 0x73, 0x65, 0x3b, 0x0a, 0x20, 0x20, 0x20, 0x20, 0x20, 0x20, //  = false;.
	0x20, 0x20, 0x20, 0x20, 0x20, 0x20, 0x20, 0x20, 0x20, 0x20, 0x62, 0x72, 0x65, 0x61, 0x6b, 0x3b, //           break;
	0x0a, 0x20, 0x20, 0x20, 0x20, 0x20, 0x20, 0x20, 0x20, 0x20, 0x20, 0x20, 0x20, 0x7d, 0x0a, 0x20, // .            }.
	0x20, 0x20, 0x20, 0x20, 0x20, 0x20, 0x20, 0x20, 0x20, 0x20, 0x20, 0x75, 0x69, 0x6e, 0x74, 0x20, //            uint
	0x5f, 0x32, 0x33, 0x30, 0x37, 0x20, 0x3d, 0x20, 0x28, 0x5f, 0x31, 0x37, 0x30, 0x30, 0x20, 0x26, // _2307 = (_1700 &
	0x20, 0x34, 0x30, 0x39, 0x35, 0x75, 0x29, 0x20, 0x5e, 0x20, 0x33, 0x38, 0x34, 0x30, 0x75, 0x3b, //  4095u) ^ 3840u;
	0x0a, 0x20, 0x20, 0x20, 0x20, 0x20, 0x20, 0x20, 0x20, 0x20, 0x20, 0x20, 0x20, 0x75, 0x69, 0x6e, // .            uin
	0x74, 0x20, 0x5f, 0x33, 0x39, 0x37, 0x36, 0x3b, 0x0a, 0x20, 0x20, 0x20, 0x20, 0x20, 0x20, 0x20, // t _3976;.
	0x20, 0x20, 0x20, 0x20, 0x20, 0x69, 0x66, 0x20, 0x28, 0x28, 0x5f, 0x32, 0x33, 0x30, 0x37, 0x20, //      if ((_2307
	0x26, 0x20, 0x32, 0x35, 0x35, 0x75, 0x29, 0x20, 0x3d, 0x3d, 0x20, 0x32, 0x35, 0x35, 0x75, 0x29, // & 255u) == 255u)
	0x0a, 0x20, 0x20, 0x20, 0x20, 0x20, 0x20, 0x20, 0x20, 0x20, 0x20, 0x20, 0x20, 0x7b, 0x0a, 0x20, // .            {.
	0x20, 0x20, 0x20, 0x20, 0x20, 0x20, 0x20, 0x20, 0x20, 0x20, 0x20, 0x20, 0x20, 0x20, 0x20, 0x69, //                i
	0x66, 0x20, 0x28, 0x5f, 0x33, 0x39, 0x33, 0x38, 0x20, 0x21, 0x3d, 0x20, 0x32, 0x35, 0x35, 0x75, // f (_3938 != 255u
	0x29, 0x0a, 0x20, 0x20, 0x20, 0x20, 0x20, 0x20, 0x20, 0x20, 0x20, 0x20, 0x20, 0x20, 0x20, 0x20, // ).
	0x20, 0x20, 0x7b, 0x0a, 0x20, 0x20, 0x20, 0x20, 0x20, 0x20, 0x20, 0x20, 0x20, 0x20, 0x20, 0x20, //   {.
	0x20, 0x20, 0x20, 0x20, 0x20, 0x20, 0x20, 0x20, 0x5f, 0x33, 0x39, 0x37, 0x35, 0x20, 0x3d, 0x20, //         _3975 =
	0x5f, 0x33, 0x39, 0x33, 0x38, 0x3b, 0x0a, 0x20, 0x20, 0x20, 0x20, 0x20, 0x20, 0x20, 0x20, 0x20, // _3938;.
	0x20, 0x20, 0x20, 0x20, 0x20, 0x20, 0x20, 0x20, 0x20, 0x20, 0x20, 0x5f, 0x33, 0x39, 0x37, 0x34, //            _3974
	0x20, 0x3d, 0x20, 0x66, 0x61, 0x6c, 0x73, 0x65, 0x3b, 0x0a, 0x20, 0x20, 0x20, 0x20, 0x20, 0x20, //  = false;.
	0x20, 0x20, 0x20, 0x20, 0x20, 0x20, 0x20, 0x20, 0x20, 0x20, 0x20, 0x20, 0x20, 0x20, 0x62, 0x72, //               br
	0x65, 0x61, 0x6b, 0x3b, 0x0a, 0x20, 0x20, 0x20, 0x20, 0x20, 0x20, 0x20, 0x20, 0x20, 0x20, 0x20, // eak;.
	0x20, 0x20, 0x20, 0x20, 0x20, 0x7d, 0x0a, 0x20, 0x20, 0x20, 0x20, 0x20, 0x20, 0x20, 0x20, 0x20, //      }.
	0x20, 0x20, 0x20, 0x20, 0x20, 0x20, 0x20, 0x5f, 0x33, 0x39, 0x37, 0x36, 0x20, 0x3d, 0x20, 0x5f, //        _3976 = _
	0x32, 0x33, 0x30, 0x37, 0x3b, 0x0a, 0x20, 0x20, 0x20, 0x20, 0x20, 0x20, 0x20, 0x20, 0x20, 0x20, // 2307;.
	0x20, 0x20, 0x7d, 0x0a, 0x20, 0x20, 0x20, 0x20, 0x20, 0x20, 0x20, 0x20, 0x20, 0x20, 0x20, 0x20, //   }.
	0x65, 0x6c, 0x73, 0x65, 0x0a, 0x20, 0x20, 0x20, 0x20, 0x20, 0x20, 0x20, 0x20, 0x20, 0x20, 0x20, // else.
	0x20, 0x7b, 0x0a, 0x20, 0x20, 0x20, 0x20, 0x20, 0x20, 0x20, 0x20, 0x20, 0x20, 0x20, 0x20, 0x20, //  {.
	0x20, 0x20, 0x20, 0x75, 0x69, 0x6e, 0x74, 0x20, 0x5f, 0x33, 0x39, 0x37, 0x37, 0x3b, 0x0a, 0x20, //    uint _3977;.
	0x20, 0x20, 0x20, 0x20, 0x20, 0x20, 0x20, 0x20, 0x20, 0x20, 0x20, 0x20, 0x20, 0x20, 0x20, 0x69, //                i
	0x66, 0x20, 0x28, 0x28, 0x5f, 0x32, 0x33, 0x30, 0x37, 0x20, 0x26, 0x20, 0x32, 0x35, 0x35, 0x75, // f ((_2307 & 255u
	0x29, 0x20, 0x3c, 0x20, 0x32, 0x75, 0x29, 0x0a, 0x20, 0x20, 0x20, 0x20, 0x20, 0x20, 0x20, 0x20, // ) < 2u).
	0x20, 0x20, 0x20, 0x20, 0x20, 0x20, 0x20, 0x20, 0x7b, 0x0a, 0x20, 0x20, 0x20, 0x20, 0x20, 0x20, //         {.
	0x20, 0x20, 0x20, 0x20, 0x20, 0x20, 0x20, 0x20, 0x20, 0x20, 0x20, 0x20, 0x20, 0x20, 0x5f, 0x33, //               _3
	0x39, 0x37, 0x37, 0x20, 0x3d, 0x20, 0x28, 0x5f, 0x33, 0x39, 0x33, 0x38, 0x20, 0x21, 0x3d, 0x20, // 977 = (_3938 !=
	0x32, 0x35, 0x35, 0x75, 0x29, 0x20, 0x3f, 0x20, 0x28, 0x75, 0x69, 0x6e, 0x74, 0x28, 0x28, 0x28, // 255u) ? (uint(((
	0x5f, 0x32, 0x33, 0x30, 0x37, 0x20, 0x26, 0x20, 0x31, 0x75, 0x29, 0x20, 0x21, 0x3d, 0x20, 0x30, // _2307 & 1u) != 0
	0x75, 0x29, 0x20, 0x3f, 0x20, 0x32, 0x34, 0x35, 0x37, 0x36, 0x20, 0x3a, 0x20, 0x31, 0x36, 0x33, // u) ? 24576 : 163
	0x38, 0x34, 0x29, 0x20, 0x7c, 0x20, 0x28, 0x5f, 0x33, 0x39, 0x33, 0x38, 0x20, 0x26, 0x20, 0x38, // 84) | (_3938 & 8
	0x31, 0x39, 0x31, 0x75, 0x29, 0x29, 0x20, 0x3a, 0x20, 0x5f, 0x32, 0x33, 0x30, 0x37, 0x3b, 0x0a, // 191u)) : _2307;.
	0x20, 0x20, 0x20, 0x20, 0x20, 0x20, 0x20, 0x20, 0x20, 0x20, 0x20, 0x20, 0x20, 0x20, 0x20, 0x20, //
	0x7d, 0x0a, 0x20, 0x20, 0x20, 0x20, 0x20, 0x20, 0x20, 0x20, 0x20, 0x20, 0x20, 0x20, 0x20, 0x20, // }.
	0x20, 0x20, 0x65, 0x6c, 0x73, 0x65, 0x0a, 0x20, 0x20, 0x20, 0x20, 0x20, 0x20, 0x20, 0x20, 0x20, //   else.
	0x20, 0x20, 0x20, 0x20, 0x20, 0x20, 0x20, 0x7b, 0x0a, 0x20, 0x20, 0x20, 0x20, 0x20, 0x20, 0x20, //        {.
	0x20, 0x20, 0x20, 0x20, 0x20, 0x20, 0x20, 0x20, 0x20, 0x20, 0x20, 0x20, 0x20, 0x5f, 0x33, 0x39, //              _39
	0x37, 0x37, 0x20, 0x3d, 0x20, 0x34, 0x30, 0x39, 0x36, 0x75, 0x20, 0x7c, 0x20, 0x5f, 0x32, 0x33, // 77 = 4096u | _23
	0x30, 0x37, 0x3b, 0x0a, 0x20, 0x20, 0x20, 0x20, 0x20, 0x20, 0x20, 0x20, 0x20, 0x20, 0x20, 0x20, // 07;.
	0x20, 0x20, 0x20, 0x20, 0x7d, 0x0a, 0x20, 0x20, 0x20, 0x20, 0x20, 0x20, 0x20, 0x20, 0x20, 0x20, //     }.
	0x20, 0x20, 0x20, 0x20, 0x20, 0x20, 0x5f, 0x33, 0x39, 0x37, 0x36, 0x20, 0x3d, 0x20, 0x5f, 0x33, //       _3976 = _3
	0x39, 0x37, 0x37, 0x3b, 0x0a, 0x20, 0x20, 0x20, 0x20, 0x20, 0x20, 0x20, 0x20, 0x20, 0x20, 0x20, // 977;.
	0x20, 0x7d, 0x0a, 0x20, 0x20, 0x20, 0x20, 0x20, 0x20, 0x20, 0x20, 0x20, 0x20, 0x20, 0x20, 0x5f, //  }.            _
	0x33, 0x39, 0x37, 0x35, 0x20, 0x3d, 0x20, 0x5f, 0x33, 0x39, 0x37, 0x36, 0x3b, 0x0a, 0x20, 0x20, // 3975 = _3976;.
	0x20, 0x20, 0x20, 0x20, 0x20, 0x20, 0x20, 0x20, 0x20, 0x20, 0x5f, 0x33, 0x39, 0x37, 0x34, 0x20, //           _3974
	0x3d, 0x20, 0x74, 0x72, 0x75, 0x65, 0x3b, 0x0a, 0x20, 0x20, 0x20, 0x20, 0x20, 0x20, 0x20, 0x20, // = true;.
	0x20, 0x20, 0x20, 0x20, 0x62, 0x72, 0x65, 0x61, 0x6b, 0x3b, 0x0a, 0x20, 0x20, 0x20, 0x20, 0x20, //     break;.
	0x20, 0x20, 0x20, 0x7d, 0x20, 0x77, 0x68, 0x69, 0x6c, 0x65, 0x28, 0x66, 0x61, 0x6c, 0x73, 0x65, //    } while(false
	0x29, 0x3b, 0x0a, 0x20, 0x20, 0x20, 0x20, 0x20, 0x20, 0x20, 0x20, 0x75, 0x69, 0x6e, 0x74, 0x20, // );.        uint
	0x5f, 0x33, 0x39, 0x39, 0x39, 0x3b, 0x0a, 0x20, 0x20, 0x20, 0x20, 0x20, 0x20, 0x20, 0x20, 0x69, // _3999;.        i
	0x66, 0x20, 0x28, 0x5f, 0x33, 0x39, 0x37, 0x34, 0x29, 0x0a, 0x20, 0x20, 0x20, 0x20, 0x20, 0x20, // f (_3974).
	0x20, 0x20, 0x7b, 0x0a, 0x20, 0x20, 0x20, 0x20, 0x20, 0x20, 0x20, 0x20, 0x20, 0x20, 0x20, 0x20, //   {.
	0x5f, 0x33, 0x39, 0x39, 0x39, 0x20, 0x3d, 0x20, 0x28, 0x28, 0x28, 0x28, 0x5f, 0x32, 0x30, 0x34, // _3999 = ((((_204
	0x39, 0x20, 0x26, 0x20, 0x31, 0x75, 0x29, 0x20, 0x3d, 0x3d, 0x20, 0x30, 0x75, 0x29, 0x20, 0x7c, // 9 & 1u) == 0u) |
	0x7c, 0x20, 0x28, 0x28, 0x28, 0x5f, 0x33, 0x39, 0x37, 0x35, 0x20, 0x26, 0x20, 0x32, 0x30, 0x34, // | (((_3975 & 204
	0x38, 0x30, 0x75, 0x29, 0x20, 0x21, 0x3d, 0x20, 0x30, 0x75, 0x29, 0x20, 0x26, 0x26, 0x20, 0x28, // 80u) != 0u) && (
	0x70, 0x61, 0x6c, 0x65, 0x74, 0x74, 0x65, 0x2e, 0x72, 0x65, 0x61, 0x64, 0x28, 0x75, 0x69, 0x6e, // palette.read(uin
	0x74, 0x32, 0x28, 0x69, 0x6e, 0x74, 0x32, 0x28, 0x69, 0x6e, 0x74, 0x28, 0x31, 0x75, 0x20, 0x2b, // t2(int2(int(1u +
	0x20, 0x28, 0x28, 0x5f, 0x33, 0x39, 0x37, 0x35, 0x20, 0x3e, 0x3e, 0x20, 0x75, 0x69, 0x6e, 0x74, //  ((_3975 >> uint
	0x28, 0x38, 0x29, 0x29, 0x20, 0x26, 0x20, 0x31, 0x35, 0x75, 0x29, 0x29, 0x2c, 0x20, 0x31, 0x34, // (8)) & 15u)), 14
	0x34, 0x29, 0x29, 0x2c, 0x20, 0x30, 0x29, 0x2e, 0x78, 0x20, 0x3c, 0x3d, 0x20, 0x5f, 0x33, 0x39, // 4)), 0).x <= _39
	0x33, 0x33, 0x29, 0x29, 0x29, 0x20, 0x7c, 0x7c, 0x20, 0x28, 0x5f, 0x33, 0x39, 0x37, 0x35, 0x20, // 33))) || (_3975
	0x3c, 0x20, 0x34, 0x30, 0x39, 0x36, 0x75, 0x29, 0x29, 0x20, 0x3f, 0x20, 0x5f, 0x33, 0x39, 0x37, // < 4096u)) ? _397
	0x35, 0x20, 0x3a, 0x20, 0x5f, 0x33, 0x39, 0x33, 0x38, 0x3b, 0x0a, 0x20, 0x20, 0x20, 0x20, 0x20, // 5 : _3938;.
	0x20, 0x20, 0x20, 0x7d, 0x0a, 0x20, 0x20, 0x20, 0x20, 0x20, 0x20, 0x20, 0x20, 0x65, 0x6c, 0x73, //    }.        els
	0x65, 0x0a, 0x20, 0x20, 0x20, 0x20, 0x20, 0x20, 0x20, 0x20, 0x7b, 0x0a, 0x20, 0x20, 0x20, 0x20, // e.        {.
	0x20, 0x20, 0x20, 0x20, 0x20, 0x20, 0x20, 0x20, 0x5f, 0x33, 0x39, 0x39, 0x39, 0x20, 0x3d, 0x20, //         _3999 =
	0x5f, 0x33, 0x39, 0x33, 0x38, 0x3b, 0x0a, 0x20, 0x20, 0x20, 0x20, 0x20, 0x20, 0x20, 0x20, 0x7d, // _3938;.        }
	0x0a, 0x20, 0x20, 0x20, 0x20, 0x20, 0x20, 0x20, 0x20, 0x62, 0x6f, 0x6f, 0x6c, 0x20, 0x5f, 0x33, // .        bool _3
	0x39, 0x39, 0x33, 0x3b, 0x0a, 0x20, 0x20, 0x20, 0x20, 0x20, 0x20, 0x20, 0x20, 0x75, 0x69, 0x6e, // 993;.        uin
	0x74, 0x20, 0x5f, 0x33, 0x39, 0x39, 0x34, 0x3b, 0x0a, 0x20, 0x20, 0x20, 0x20, 0x20, 0x20, 0x20, // t _3994;.
	0x20, 0x64, 0x6f, 0x0a, 0x20, 0x20, 0x20, 0x20, 0x20, 0x20, 0x20, 0x20, 0x7b, 0x0a, 0x20, 0x20, //  do.        {.
	0x20, 0x20, 0x20, 0x20, 0x20, 0x20, 0x20, 0x20, 0x20, 0x20, 0x69, 0x66, 0x20, 0x28, 0x28, 0x5f, //           if ((_
	0x31, 0x37, 0x30, 0x30, 0x20, 0x3d, 0x3d, 0x20, 0x36, 0x35, 0x35, 0x33, 0x35, 0x75, 0x29, 0x20, // 1700 == 65535u)
	0x7c, 0x7c, 0x20, 0x28, 0x28, 0x28, 0x5f, 0x31, 0x37, 0x30, 0x30, 0x20, 0x3e, 0x3e, 0x20, 0x75, // || (((_1700 >> u
	0x69, 0x6e, 0x74, 0x28, 0x31, 0x32, 0x29, 0x29, 0x20, 0x26, 0x20, 0x33, 0x75, 0x29, 0x20, 0x21, // int(12)) & 3u) !
	0x3d, 0x20, 0x33, 0x75, 0x29, 0x29, 0x0a, 0x20, 0x20, 0x20, 0x20, 0x20, 0x20, 0x20, 0x20, 0x20, // = 3u)).
	0x20, 0x20, 0x20, 0x7b, 0x0a, 0x20, 0x20, 0x20, 0x20, 0x20, 0x20, 0x20, 0x20, 0x20, 0x20, 0x20, //    {.
	0x20, 0x20, 0x20, 0x20, 0x20, 0x5f, 0x33, 0x39, 0x39, 0x34, 0x20, 0x3d, 0x20, 0x5f, 0x33, 0x39, //      _3994 = _39
	0x38, 0x35, 0x3b, 0x0a, 0x20, 0x20, 0x20, 0x20, 0x20, 0x20, 0x20, 0x20, 0x20, 0x20, 0x20, 0x20, // 85;.
	0x20, 0x20, 0x20, 0x20, 0x5f, 0x33, 0x39, 0x39, 0x33, 0x20, 0x3d, 0x20, 0x66, 0x61, 0x6c, 0x73, //     _3993 = fals
	0x65, 0x3b, 0x0a, 0x20, 0x20, 0x20, 0x20, 0x20, 0x20, 0x20, 0x20, 0x20, 0x20, 0x20, 0x20, 0x20, // e;.
	0x20, 0x20, 0x20, 0x62, 0x72, 0x65, 0x61, 0x6b, 0x3b, 0x0a, 0x20, 0x20, 0x20, 0x20, 0x20, 0x20, //    break;.
	0x20, 0x20, 0x20, 0x20, 0x20, 0x20, 0x7d, 0x0a, 0x20, 0x20, 0x20, 0x20, 0x20, 0x20, 0x20, 0x20, //       }.
	0x20, 0x20, 0x20, 0x20, 0x75, 0x69, 0x6e, 0x74, 0x20, 0x5f, 0x32, 0x33, 0x36, 0x36, 0x20, 0x3d, //     uint _2366 =
	0x20, 0x28, 0x5f, 0x31, 0x37, 0x30, 0x30, 0x20, 0x26, 0x20, 0x34, 0x30, 0x39, 0x35, 0x75, 0x29, //  (_1700 & 4095u)
	0x20, 0x5e, 0x20, 0x33, 0x38, 0x34, 0x30, 0x75, 0x3b, 0x0a, 0x20, 0x20, 0x20, 0x20, 0x20, 0x20, //  ^ 3840u;.
	0x20, 0x20, 0x20, 0x20, 0x20, 0x20, 0x75, 0x69, 0x6e, 0x74, 0x20, 0x5f, 0x33, 0x39, 0x39, 0x35, //       uint _3995
	0x3b, 0x0a, 0x20, 0x20, 0x20, 0x20, 0x20, 0x20, 0x20, 0x20, 0x20, 0x20, 0x20, 0x20, 0x69, 0x66, // ;.            if
	0x20, 0x28, 0x28, 0x5f, 0x32, 0x33, 0x36, 0x36, 0x20, 0x26, 0x20, 0x32, 0x35, 0x35, 0x75, 0x29, //  ((_2366 & 255u)
	0x20, 0x3d, 0x3d, 0x20, 0x32, 0x35, 0x35, 0x75, 0x29, 0x0a, 0x20, 0x20, 0x20, 0x20, 0x20, 0x20, //  == 255u).
	0x20, 0x20, 0x20, 0x20, 0x20, 0x20, 0x7b, 0x0a, 0x20, 0x20, 0x20, 0x20, 0x20, 0x20, 0x20, 0x20, //       {.
	0x20, 0x20, 0x20, 0x20, 0x20, 0x20, 0x20, 0x20, 0x69, 0x66, 0x20, 0x28, 0x5f, 0x33, 0x39, 0x38, //         if (_398
	0x35, 0x20, 0x21, 0x3d, 0x20, 0x32, 0x35, 0x35, 0x75, 0x29, 0x0a, 0x20, 0x20, 0x20, 0x20, 0x20, // 5 != 255u).
	0x20, 0x20, 0x20, 0x20, 0x20, 0x20, 0x20, 0x20, 0x20, 0x20, 0x20, 0x7b, 0x0a, 0x20, 0x20, 0x20, //            {.
	0x20, 0x20, 0x20, 0x20, 0x20, 0x20, 0x20, 0x20, 0x20, 0x20, 0x20, 0x20, 0x20, 0x20, 0x20, 0x20, //
	0x20, 0x5f, 0x33, 0x39, 0x39, 0x34, 0x20, 0x3d, 0x20, 0x5f, 0x33, 0x39, 0x38, 0x35, 0x3b, 0x0a, //  _3994 = _3985;.
	0x20, 0x20, 0x20, 0x20, 0x20, 0x20, 0x20, 0x20, 0x20, 0x20, 0x20, 0x20, 0x20, 0x20, 0x20, 0x20, //
	0x20, 0x20, 0x20, 0x20, 0x5f, 0x33, 0x39, 0x39, 0x33, 0x20, 0x3d, 0x20, 0x66, 0x61, 0x6c, 0x73, //     _3993 = fals
	0x65, 0x3b, 0x0a, 0x20, 0x20, 0x20, 0x20, 0x20, 0x20, 0x20, 0x20, 0x20, 0x20, 0x20, 0x20, 0x20, // e;.
	0x20, 0x20, 0x20, 0x20, 0x20, 0x20, 0x20, 0x62, 0x72, 0x65, 0x61, 0x6b, 0x3b, 0x0a, 0x20, 0x20, //        break;.
	0x20, 0x20, 0x20, 0x20, 0x20, 0x20, 0x20, 0x20, 0x20, 0x20, 0x20, 0x20, 0x20, 0x20, 0x7d, 0x0a, //               }.
	0x20, 0x20, 0x20, 0x20, 0x20, 0x20, 0x20, 0x20, 0x20, 0x20, 0x20, 0x20, 0x20, 0x20, 0x20, 0x20, //
	0x5f, 0x33, 0x39, 0x39, 0x35, 0x20, 0x3d, 0x20, 0x5f, 0x32, 0x33, 0x36, 0x36, 0x3b, 0x0a, 0x20, // _3995 = _2366;.
	0x20, 0x20, 0x20, 0x20, 0x20, 0x20, 0x20, 0x20, 0x20, 0x20, 0x20, 0x7d, 0x0a, 0x20, 0x20, 0x20, //            }.
	0x20, 0x20, 0x20, 0x20, 0x20, 0x20, 0x20, 0x20, 0x20, 0x65, 0x6c, 0x73, 0x65, 0x0a, 0x20, 0x20, //          else.
	0x20, 0x20, 0x20, 0x20, 0x20, 0x20, 0x20, 0x20, 0x20, 0x20, 0x7b, 0x0a, 0x20, 0x20, 0x20, 0x20, //           {.
	0x20, 0x20, 0x20, 0x20, 0x20, 0x20, 0x20, 0x20, 0x20, 0x20, 0x20, 0x20, 0x75, 0x69, 0x6e, 0x74, //             uint
	0x20, 0x5f, 0x33, 0x39, 0x39, 0x36, 0x3b, 0x0a, 0x20, 0x20, 0x20, 0x20, 0x20, 0x20, 0x20, 0x20, //  _3996;.
	0x20, 0x20, 0x20, 0x20, 0x20, 0x20, 0x20, 0x20, 0x69, 0x66, 0x20, 0x28, 0x28, 0x5f, 0x32, 0x33, //         if ((_23
	0x36, 0x36, 0x20, 0x26, 0x20, 0x32, 0x35, 0x35, 0x75, 0x29, 0x20, 0x3c, 0x20, 0x32, 0x75, 0x29, // 66 & 255u) < 2u)
	0x0a, 0x20, 0x20, 0x20, 0x20, 0x20, 0x20, 0x20, 0x20, 0x20, 0x20, 0x20, 0x20, 0x20, 0x20, 0x20, // .
	0x20, 0x7b, 0x0a, 0x20, 0x20, 0x20, 0x20, 0x20, 0x20, 0x20, 0x20, 0x20, 0x20, 0x20, 0x20, 0x20, //  {.
	0x20, 0x20, 0x20, 0x20, 0x20, 0x20, 0x20, 0x5f, 0x33, 0x39, 0x39, 0x36, 0x20, 0x3d, 0x20, 0x28, //        _3996 = (
	0x5f, 0x33, 0x39, 0x38, 0x35, 0x20, 0x21, 0x3d, 0x20, 0x32, 0x35, 0x35, 0x75, 0x29, 0x20, 0x3f, // _3985 != 255u) ?
	0x20, 0x28, 0x75, 0x69, 0x6e, 0x74, 0x28, 0x28, 0x28, 0x5f, 0x32, 0x33, 0x36, 0x36, 0x20, 0x26, //  (uint(((_2366 &
	0x20, 0x31, 0x75, 0x29, 0x20, 0x21, 0x3d, 0x20, 0x30, 0x75, 0x29, 0x20, 0x3f, 0x20, 0x32, 0x34, //  1u) != 0u) ? 24
	0x35, 0x37, 0x36, 0x20, 0x3a, 0x20, 0x31, 0x36, 0x33, 0x38, 0x34, 0x29, 0x20, 0x7c, 0x20, 0x28, // 576 : 16384) | (
	0x5f, 0x33, 0x39, 0x38, 0x35, 0x20, 0x26, 0x20, 0x38, 0x31, 0x39, 0x31, 0x75, 0x29, 0x29, 0x20, // _3985 & 8191u))
	0x3a, 0x20, 0x5f, 0x32, 0x33, 0x36, 0x36, 0x3b, 0x0a, 0x20, 0x20, 0x20, 0x20, 0x20, 0x20, 0x20, // : _2366;.
	0x20, 0x20, 0x20, 0x20, 0x20, 0x20, 0x20, 0x20, 0x20, 0x7d, 0x0a, 0x20, 0x20, 0x20, 0x20, 0x20, //          }.
	0x20, 0x20, 0x20, 0x20, 0x20, 0x20, 0x20, 0x20, 0x20, 0x20, 0x20, 0x65, 0x6c, 0x73, 0x65, 0x0a, //            else.
	0x20, 0x20, 0x20, 0x20, 0x20, 0x20, 0x20, 0x20, 0x20, 0x20, 0x20, 0x20, 0x20, 0x20, 0x20, 0x20, //
	0x7b, 0x0a, 0x20, 0x20, 0x20, 0x20, 0x20, 0x20, 0x20, 0x20, 0x20, 0x20, 0x20, 0x20, 0x20, 0x20, // {.
	0x20, 0x20, 0x20, 0x20, 0x20, 0x20, 0x5f, 0x33, 0x39, 0x39, 0x36, 0x20, 0x3d, 0x20, 0x34, 0x30, //       _3996 = 40
	0x39, 0x36, 0x75, 0x20, 0x7c, 0x20, 0x5f, 0x32, 0x33, 0x36, 0x36, 0x3b, 0x0a, 0x20, 0x20, 0x20, // 96u | _2366;.
	0x20, 0x20, 0x20, 0x20, 0x20, 0x20, 0x20, 0x20, 0x20, 0x20, 0x20, 0x20, 0x20, 0x7d, 0x0a, 0x20, //              }.
	0x20, 0x20, 0x20, 0x20, 0x20, 0x20, 0x20, 0x20, 0x20, 0x20, 0x20, 0x20, 0x20, 0x20, 0x20, 0x5f, //                _
	0x33, 0x39, 0x39, 0x35, 0x20, 0x3d, 0x20, 0x5f, 0x33, 0x39, 0x39, 0x36, 0x3b, 0x0a, 0x20, 0x20, // 3995 = _3996;.
	0x20, 0x20, 0x20, 0x20, 0x20, 0x20, 0x20, 0x20, 0x20, 0x20, 0x7d, 0x0a, 0x20, 0x20, 0x20, 0x20, //           }.
	0x20, 0x20, 0x20, 0x20, 0x20, 0x20, 0x20, 0x20, 0x5f, 0x33, 0x39, 0x39, 0x34, 0x20, 0x3d, 0x20, //         _3994 =
	0x5f, 0x33, 0x39, 0x39, 0x35, 0x3b, 0x0a, 0x20, 0x20, 0x20, 0x20, 0x20, 0x20, 0x20, 0x20, 0x20, // _3995;.
	0x20, 0x20, 0x20, 0x5f, 0x33, 0x39, 0x39, 0x33, 0x20, 0x3d, 0x20, 0x74, 0x72, 0x75, 0x65, 0x3b, //    _3993 = true;
	0x0a, 0x20, 0x20, 0x20, 0x20, 0x20, 0x20, 0x20, 0x20, 0x20, 0x20, 0x20, 0x20, 0x62, 0x72, 0x65, // .            bre
	0x61, 0x6b, 0x3b, 0x0a, 0x20, 0x20, 0x20, 0x20, 0x20, 0x20, 0x20, 0x20, 0x7d, 0x20, 0x77, 0x68, // ak;.        } wh
	0x69, 0x6c, 0x65, 0x28, 0x66, 0x61, 0x6c, 0x73, 0x65, 0x29, 0x3b, 0x0a, 0x20, 0x20, 0x20, 0x20, // ile(false);.
	0x20, 0x20, 0x20, 0x20, 0x62, 0x6f, 0x6f, 0x6c, 0x20, 0x5f, 0x34, 0x34, 0x37, 0x35, 0x20, 0x3d, //     bool _4475 =
	0x20, 0x5f, 0x33, 0x39, 0x39, 0x33, 0x20, 0x3f, 0x20, 0x74, 0x72, 0x75, 0x65, 0x20, 0x3a, 0x20, //  _3993 ? true :
	0x5f, 0x34, 0x31, 0x31, 0x36, 0x3b, 0x0a, 0x20, 0x20, 0x20, 0x20, 0x20, 0x20, 0x20, 0x20, 0x62, // _4116;.        b
	0x6f, 0x6f, 0x6c, 0x20, 0x5f, 0x34, 0x34, 0x37, 0x36, 0x20, 0x3d, 0x20, 0x5f, 0x33, 0x39, 0x39, // ool _4476 = _399
	0x33, 0x20, 0x3f, 0x20, 0x66, 0x61, 0x6c, 0x73, 0x65, 0x20, 0x3a, 0x20, 0x5f, 0x34, 0x30, 0x34, // 3 ? false : _404
	0x30, 0x3b, 0x0a, 0x20, 0x20, 0x20, 0x20, 0x20, 0x20, 0x20, 0x20, 0x75, 0x69, 0x6e, 0x74, 0x20, // 0;.        uint
	0x5f, 0x34, 0x30, 0x30, 0x36, 0x3b, 0x0a, 0x20, 0x20, 0x20, 0x20, 0x20, 0x20, 0x20, 0x20, 0x64, // _4006;.        d
	0x6f, 0x0a, 0x20, 0x20, 0x20, 0x20, 0x20, 0x20, 0x20, 0x20, 0x7b, 0x0a, 0x20, 0x20, 0x20, 0x20, // o.        {.
	0x20, 0x20, 0x20, 0x20, 0x20, 0x20, 0x20, 0x20, 0x69, 0x66, 0x20, 0x28, 0x28, 0x5f, 0x31, 0x37, //         if ((_17
	0x30, 0x30, 0x20, 0x3d, 0x3d, 0x20, 0x36, 0x35, 0x35, 0x33, 0x35, 0x75, 0x29, 0x20, 0x7c, 0x7c, // 00 == 65535u) ||
	0x20, 0x28, 0x28, 0x28, 0x5f, 0x31, 0x37, 0x30, 0x30, 0x20, 0x3e, 0x3e, 0x20, 0x75, 0x69, 0x6e, //  (((_1700 >> uin
	0x74, 0x28, 0x31, 0x32, 0x29, 0x29, 0x20, 0x26, 0x20, 0x33, 0x75, 0x29, 0x20, 0x21, 0x3d, 0x20, // t(12)) & 3u) !=
	0x33, 0x75, 0x29, 0x29, 0x0a, 0x20, 0x20, 0x20, 0x20, 0x20, 0x20, 0x20, 0x20, 0x20, 0x20, 0x20, // 3u)).
	0x20, 0x7b, 0x0a, 0x20, 0x20, 0x20, 0x20, 0x20, 0x20, 0x20, 0x20, 0x20, 0x20, 0x20, 0x20, 0x20, //  {.
	0x20, 0x20, 0x20, 0x5f, 0x34, 0x30, 0x30, 0x36, 0x20, 0x3d, 0x20, 0x5f, 0x33, 0x39, 0x39, 0x39, //    _4006 = _3999
	0x3b, 0x0a, 0x20, 0x20, 0x20, 0x20, 0x20, 0x20, 0x20, 0x20, 0x20, 0x20, 0x20, 0x20, 0x20, 0x20, // ;.
	0x20, 0x20, 0x62, 0x72, 0x65, 0x61, 0x6b, 0x3b, 0x0a, 0x20, 0x20, 0x20, 0x20, 0x20, 0x20, 0x20, //   break;.
	0x20, 0x20, 0x20, 0x20, 0x20, 0x7d, 0x0a, 0x20, 0x20, 0x20, 0x20, 0x20, 0x20, 0x20, 0x20, 0x20, //      }.
	0x20, 0x20, 0x20, 0x75, 0x69, 0x6e, 0x74, 0x20, 0x5f, 0x32, 0x34, 0x31, 0x38, 0x20, 0x3d, 0x20, //    uint _2418 =
	0x28, 0x5f, 0x31, 0x37, 0x30, 0x30, 0x20, 0x26, 0x20, 0x34, 0x30, 0x39, 0x35, 0x75, 0x29, 0x20, // (_1700 & 4095u)
	0x5e, 0x20, 0x33, 0x38, 0x34, 0x30, 0x75, 0x3b, 0x0a, 0x20, 0x20, 0x20, 0x20, 0x20, 0x20, 0x20, // ^ 3840u;.
	0x20, 0x20, 0x20, 0x20, 0x20, 0x75, 0x69, 0x6e, 0x74, 0x20, 0x5f, 0x34, 0x30, 0x30, 0x37, 0x3b, //      uint _4007;
	0x0a, 0x20, 0x20, 0x20, 0x20, 0x20, 0x20, 0x20, 0x20, 0x20, 0x20, 0x20, 0x20, 0x69, 0x66, 0x20, // .            if
	0x28, 0x28, 0x5f, 0x32, 0x34, 0x31, 0x38, 0x20, 0x26, 0x20, 0x32, 0x35, 0x35, 0x75, 0x29, 0x20, // ((_2418 & 255u)
	0x3d, 0x3d, 0x20, 0x32, 0x35, 0x35, 0x75, 0x29, 0x0a, 0x20, 0x20, 0x20, 0x20, 0x20, 0x20, 0x20, // == 255u).
	0x20, 0x20, 0x20, 0x20, 0x20, 0x7b, 0x0a, 0x20, 0x20, 0x20, 0x20, 0x20, 0x20, 0x20, 0x20, 0x20, //      {.
	0x20, 0x20, 0x20, 0x20, 0x20, 0x20, 0x20, 0x69, 0x66, 0x20, 0x28, 0x5f, 0x33, 0x39, 0x39, 0x39, //        if (_3999
	0x20, 0x21, 0x3d, 0x20, 0x32, 0x35, 0x35, 0x75, 0x29, 0x0a, 0x20, 0x20, 0x20, 0x20, 0x20, 0x20, //  != 255u).
	0x20, 0x20, 0x20, 0x20, 0x20, 0x20, 0x20, 0x20, 0x20, 0x20, 0x7b, 0x0a, 0x20, 0x20, 0x20, 0x20, //           {.
	0x20, 0x20, 0x20, 0x20, 0x20, 0x20, 0x20, 0x20, 0x20, 0x20, 0x20, 0x20, 0x20, 0x20, 0x20, 0x20, //
	0x5f, 0x34, 0x30, 0x30, 0x36, 0x20, 0x3d, 0x20, 0x5f, 0x33, 0x39, 0x39, 0x39, 0x3b, 0x0a, 0x20, // _4006 = _3999;.
	0x20, 0x20, 0x20, 0x20, 0x20, 0x20, 0x20, 0x20, 0x20, 0x20, 0x20, 0x20, 0x20, 0x20, 0x20, 0x20, //
	0x20, 0x20, 0x20, 0x62, 0x72, 0x65, 0x61, 0x6b, 0x3b, 0x0a, 0x20, 0x20, 0x20, 0x20, 0x20, 0x20, //    break;.
	0x20, 0x20, 0x20, 0x20, 0x20, 0x20, 0x20, 0x20, 0x20, 0x20, 0x7d, 0x0a, 0x20, 0x20, 0x20, 0x20, //           }.
	0x20, 0x20, 0x20, 0x20, 0x20, 0x20, 0x20, 0x20, 0x20, 0x20, 0x20, 0x20, 0x5f, 0x34, 0x30, 0x30, //             _400
	0x37, 0x20, 0x3d, 0x20, 0x5f, 0x32, 0x34, 0x31, 0x38, 0x3b, 0x0a, 0x20, 0x20, 0x20, 0x20, 0x20, // 7 = _2418;.
	0x20, 0x20, 0x20, 0x20, 0x20, 0x20, 0x20, 0x7d, 0x0a, 0x20, 0x20, 0x20, 0x20, 0x20, 0x20, 0x20, //        }.
	0x20, 0x20, 0x20, 0x20, 0x20, 0x65, 0x6c, 0x73, 0x65, 0x0a, 0x20, 0x20, 0x20, 0x20, 0x20, 0x20, //      else.
	0x20, 0x20, 0x20, 0x20, 0x20, 0x20, 0x7b, 0x0a, 0x20, 0x20, 0x20, 0x20, 0x20, 0x20, 0x20, 0x20, //       {.
	0x20, 0x20, 0x20, 0x20, 0x20, 0x20, 0x20, 0x20, 0x75, 0x69, 0x6e, 0x74, 0x20, 0x5f, 0x34, 0x30, //         uint _40
	0x30, 0x38, 0x3b, 0x0a, 0x20, 0x20, 0x20, 0x20, 0x20, 0x20, 0x20, 0x20, 0x20, 0x20, 0x20, 0x20, // 08;.
	0x20, 0x20, 0x20, 0x20, 0x69, 0x66, 0x20, 0x28, 0x28, 0x5f, 0x32, 0x34, 0x31, 0x38, 0x20, 0x26, //     if ((_2418 &
	0x20, 0x32, 0x35, 0x35, 0x75, 0x29, 0x20, 0x3c, 0x20, 0x32, 0x75, 0x29, 0x0a, 0x20, 0x20, 0x20, //  255u) < 2u).
	0x20, 0x20, 0x20, 0x20, 0x20, 0x20, 0x20, 0x20, 0x20, 0x20, 0x20, 0x20, 0x20, 0x7b, 0x0a, 0x20, //              {.
	0x20, 0x20, 0x20, 0x20, 0x20, 0x20, 0x20, 0x20, 0x20, 0x20, 0x20, 0x20, 0x20, 0x20, 0x20, 0x20, //
	0x20, 0x20, 0x20, 0x5f, 0x34, 0x30, 0x30, 0x38, 0x20, 0x3d, 0x20, 0x28, 0x5f, 0x33, 0x39, 0x39, //    _4008 = (_399
	0x39, 0x20, 0x21, 0x3d, 0x20, 0x32, 0x35, 0x35, 0x75, 0x29, 0x20, 0x3f, 0x20, 0x28, 0x75, 0x69, // 9 != 255u) ? (ui
	0x6e, 0x74, 0x28, 0x28, 0x28, 0x5f, 0x32, 0x34, 0x31, 0x38, 0x20, 0x26, 0x20, 0x31, 0x75, 0x29, // nt(((_2418 & 1u)
	0x20, 0x21, 0x3d, 0x20, 0x30, 0x75, 0x29, 0x20, 0x3f, 0x20, 0x32, 0x34, 0x35, 0x37, 0x36, 0x20, //  != 0u) ? 24576
	0x3a, 0x20, 0x31, 0x36, 0x33, 0x38, 0x34, 0x29, 0x20, 0x7c, 0x20, 0x28, 0x5f, 0x33, 0x39, 0x39, // : 16384) | (_399
	0x39, 0x20, 0x26, 0x20, 0x38, 0x31, 0x39, 0x31, 0x75, 0x29, 0x29, 0x20, 0x3a, 0x20, 0x5f, 0x32, // 9 & 8191u)) : _2
	0x34, 0x31, 0x38, 0x3b, 0x0a, 0x20, 0x20, 0x20, 0x20, 0x20, 0x20, 0x20, 0x20, 0x20, 0x20, 0x20, // 418;.
	0x20, 0x20, 0x20, 0x20, 0x20, 0x7d, 0x0a, 0x20, 0x20, 0x20, 0x20, 0x20, 0x20, 0x20, 0x20, 0x20, //      }.
	0x20, 0x20, 0x20, 0x20, 0x20, 0x20, 0x20, 0x65, 0x6c, 0x73, 0x65, 0x0a, 0x20, 0x20, 0x20, 0x20, //        else.
	0x20, 0x20, 0x20, 0x20, 0x20, 0x20, 0x20, 0x20, 0x20, 0x20, 0x20, 0x20, 0x7b, 0x0a, 0x20, 0x20, //             {.
	0x20, 0x20, 0x20, 0x20, 0x20, 0x20, 0x20, 0x20, 0x20, 0x20, 0x20, 0x20, 0x20, 0x20, 0x20, 0x20, //
	0x20, 0x20, 0x5f, 0x34, 0x30, 0x30, 0x38, 0x20, 0x3d, 0x20, 0x34, 0x30, 0x39, 0x36, 0x75, 0x20, //   _4008 = 4096u
	0x7c, 0x20, 0x5f, 0x32, 0x34, 0x31, 0x38, 0x3b, 0x0a, 0x20, 0x20, 0x20, 0x20, 0x20, 0x20, 0x20, // | _2418;.
	0x20, 0x20, 0x20, 0x20, 0x20, 0x20, 0x20, 0x20, 0x20, 0x7d, 0x0a, 0x20, 0x20, 0x20, 0x20, 0x20, //          }.
	0x20, 0x20, 0x20, 0x20, 0x20, 0x20, 0x20, 0x20, 0x20, 0x20, 0x20, 0x5f, 0x34, 0x30, 0x30, 0x37, //            _4007
	0x20, 0x3d, 0x20, 0x5f, 0x34, 0x30, 0x30, 0x38, 0x3b, 0x0a, 0x20, 0x20, 0x20, 0x20, 0x20, 0x20, //  = _4008;.
	0x20, 0x20, 0x20, 0x20, 0x20, 0x20, 0x7d, 0x0a, 0x20, 0x20, 0x20, 0x20, 0x20, 0x20, 0x20, 0x20, //       }.
	0x20, 0x20, 0x20, 0x20, 0x5f, 0x34, 0x30, 0x30, 0x36, 0x20, 0x3d, 0x20, 0x5f, 0x34, 0x30, 0x30, //     _4006 = _400
	0x37, 0x3b, 0x0a, 0x20, 0x20, 0x20, 0x20, 0x20, 0x20, 0x20, 0x20, 0x20, 0x20, 0x20, 0x20, 0x62, // 7;.            b
	0x72, 0x65, 0x61, 0x6b, 0x3b, 0x0a, 0x20, 0x20, 0x20, 0x20, 0x20, 0x20, 0x20, 0x20, 0x7d, 0x20, // reak;.        }
	0x77, 0x68, 0x69, 0x6c, 0x65, 0x28, 0x66, 0x61, 0x6c, 0x73, 0x65, 0x29, 0x3b, 0x0a, 0x20, 0x20, // while(false);.
	0x20, 0x20, 0x20, 0x20, 0x20, 0x20, 0x75, 0x69, 0x6e, 0x74, 0x20, 0x5f, 0x34, 0x30, 0x32, 0x38, //       uint _4028
	0x3b, 0x0a, 0x20, 0x20, 0x20, 0x20, 0x20, 0x20, 0x20, 0x20, 0x62, 0x6f, 0x6f, 0x6c, 0x20, 0x5f, // ;.        bool _
	0x34, 0x30, 0x33, 0x34, 0x3b, 0x0a, 0x20, 0x20, 0x20, 0x20, 0x20, 0x20, 0x20, 0x20, 0x75, 0x69, // 4034;.        ui
	0x6e, 0x74, 0x20, 0x5f, 0x34, 0x31, 0x30, 0x31, 0x3b, 0x0a, 0x20, 0x20, 0x20, 0x20, 0x20, 0x20, // nt _4101;.
	0x20, 0x20, 0x62, 0x6f, 0x6f, 0x6c, 0x20, 0x5f, 0x34, 0x31, 0x31, 0x30, 0x3b, 0x0a, 0x20, 0x20, //   bool _4110;.
	0x20, 0x20, 0x20, 0x20, 0x20, 0x20, 0x69, 0x66, 0x20, 0x28, 0x28, 0x28, 0x5f, 0x31, 0x32, 0x32, //       if (((_122
	0x34, 0x20, 0x3e, 0x3d, 0x20, 0x5f, 0x31, 0x37, 0x30, 0x33, 0x29, 0x20, 0x26, 0x26, 0x20, 0x28, // 4 >= _1703) && (
	0x5f, 0x31, 0x32, 0x32, 0x34, 0x20, 0x3c, 0x20, 0x28, 0x5f, 0x31, 0x37, 0x30, 0x33, 0x20, 0x2b, // _1224 < (_1703 +
	0x20, 0x31, 0x34, 0x34, 0x30, 0x75, 0x29, 0x29, 0x29, 0x20, 0x7c, 0x7c, 0x20, 0x28, 0x5f, 0x31, //  1440u))) || (_1
	0x37, 0x33, 0x37, 0x20, 0x3d, 0x3d, 0x20, 0x32, 0x75, 0x29, 0x29, 0x0a, 0x20, 0x20, 0x20, 0x20, // 737 == 2u)).
	0x20, 0x20, 0x20, 0x20, 0x7b, 0x0a, 0x20, 0x20, 0x20, 0x20, 0x20, 0x20, 0x20, 0x20, 0x20, 0x20, //     {.
	0x20, 0x20, 0x62, 0x6f, 0x6f, 0x6c, 0x20, 0x5f, 0x34, 0x30, 0x31, 0x33, 0x3b, 0x0a, 0x20, 0x20, //   bool _4013;.
	0x20, 0x20, 0x20, 0x20, 0x20, 0x20, 0x20, 0x20, 0x20, 0x20, 0x75, 0x69, 0x6e, 0x74, 0x20, 0x5f, //           uint _
	0x34, 0x30, 0x31, 0x34, 0x3b, 0x0a, 0x20, 0x20, 0x20, 0x20, 0x20, 0x20, 0x20, 0x20, 0x20, 0x20, // 4014;.
	0x20, 0x20, 0x64, 0x6f, 0x0a, 0x20, 0x20, 0x20, 0x20, 0x20, 0x20, 0x20, 0x20, 0x20, 0x20, 0x20, //   do.
	0x20, 0x7b, 0x0a, 0x20, 0x20, 0x20, 0x20, 0x20, 0x20, 0x20, 0x20, 0x20, 0x20, 0x20, 0x20, 0x20, //  {.
	0x20, 0x20, 0x20, 0x69, 0x66, 0x20, 0x28, 0x28, 0x5f, 0x31, 0x37, 0x33, 0x35, 0x20, 0x3d, 0x3d, //    if ((_1735 ==
	0x20, 0x36, 0x35, 0x35, 0x33, 0x35, 0x75, 0x29, 0x20, 0x7c, 0x7c, 0x20, 0x28, 0x28, 0x28, 0x5f, //  65535u) || (((_
	0x31, 0x37, 0x33, 0x35, 0x20, 0x3e, 0x3e, 0x20, 0x75, 0x69, 0x6e, 0x74, 0x28, 0x31, 0x32, 0x29, // 1735 >> uint(12)
	0x29, 0x20, 0x26, 0x20, 0x33, 0x75, 0x29, 0x20, 0x21, 0x3d, 0x20, 0x33, 0x75, 0x29, 0x29, 0x0a, // ) & 3u) != 3u)).
	0x20, 0x20, 0x20, 0x20, 0x20, 0x20, 0x20, 0x20, 0x20, 0x20, 0x20, 0x20, 0x20, 0x20, 0x20, 0x20, //
	0x7b, 0x0a, 0x20, 0x20, 0x20, 0x20, 0x20, 0x20, 0x20, 0x20, 0x20, 0x20, 0x20, 0x20, 0x20, 0x20, // {.
	0x20, 0x20, 0x20, 0x20, 0x20, 0x20, 0x5f, 0x34, 0x30, 0x31, 0x34, 0x20, 0x3d, 0x20, 0x5f, 0x33, //       _4014 = _3
	0x39, 0x39, 0x34, 0x3b, 0x0a, 0x20, 0x20, 0x20, 0x20, 0x20, 0x20, 0x20, 0x20, 0x20, 0x20, 0x20, // 994;.
	0x20, 0x20, 0x20, 0x20, 0x20, 0x20, 0x20, 0x20, 0x20, 0x5f, 0x34, 0x30, 0x31, 0x33, 0x20, 0x3d, //          _4013 =
	0x20, 0x66, 0x61, 0x6c, 0x73, 0x65, 0x3b, 0x0a, 0x20, 0x20, 0x20, 0x20, 0x20, 0x20, 0x20, 0x20, //  false;.
	0x20, 0x20, 0x20, 0x20, 0x20, 0x20, 0x20, 0x20, 0x20, 0x20, 0x20, 0x20, 0x62, 0x72, 0x65, 0x61, //             brea
	0x6b, 0x3b, 0x0a, 0x20, 0x20, 0x20, 0x20, 0x20, 0x20, 0x20, 0x20, 0x20, 0x20, 0x20, 0x20, 0x20, // k;.
	0x20, 0x20, 0x20, 0x7d, 0x0a, 0x20, 0x20, 0x20, 0x20, 0x20, 0x20, 0x20, 0x20, 0x20, 0x20, 0x20, //    }.
	0x20, 0x20, 0x20, 0x20, 0x20, 0x75, 0x69, 0x6e, 0x74, 0x20, 0x5f, 0x32, 0x34, 0x37, 0x30, 0x20, //      uint _2470
	0x3d, 0x20, 0x28, 0x5f, 0x31, 0x37, 0x33, 0x35, 0x20, 0x26, 0x20, 0x34, 0x30, 0x39, 0x35, 0x75, // = (_1735 & 4095u
	0x29, 0x20, 0x5e, 0x20, 0x33, 0x38, 0x34, 0x30, 0x75, 0x3b, 0x0a, 0x20, 0x20, 0x20, 0x20, 0x20, // ) ^ 3840u;.
	0x20, 0x20, 0x20, 0x20, 0x20, 0x20, 0x20, 0x20, 0x20, 0x20, 0x20, 0x75, 0x69, 0x6e, 0x74, 0x20, //            uint
	0x5f, 0x34, 0x30, 0x31, 0x35, 0x3b, 0x0a, 0x20, 0x20, 0x20, 0x20, 0x20, 0x20, 0x20, 0x20, 0x20, // _4015;.
	0x20, 0x20, 0x20, 0x20, 0x20, 0x20, 0x20, 0x69, 0x66, 0x20, 0x28, 0x28, 0x5f, 0x32, 0x34, 0x37, //        if ((_247
	0x30, 0x20, 0x26, 0x20, 0x32, 0x35, 0x35, 0x75, 0x29, 0x20, 0x3d, 0x3d, 0x20, 0x32, 0x35, 0x35, // 0 & 255u) == 255
	0x75, 0x29, 0x0a, 0x20, 0x20, 0x20, 0x20, 0x20, 0x20, 0x20, 0x20, 0x20, 0x20, 0x20, 0x20, 0x20, // u).
	0x20, 0x20, 0x20, 0x7b, 0x0a, 0x20, 0x20, 0x20, 0x20, 0x20, 0x20, 0x20, 0x20, 0x20, 0x20, 0x20, //    {.
	0x20, 0x20, 0x20, 0x20, 0x20, 0x20, 0x20, 0x20, 0x20, 0x69, 0x66, 0x20, 0x28, 0x5f, 0x33, 0x39, //          if (_39
	0x39, 0x34, 0x20, 0x21, 0x3d, 0x20, 0x32, 0x35, 0x35, 0x75, 0x29, 0x0a, 0x20, 0x20, 0x20, 0x20, // 94 != 255u).
	0x20, 0x20, 0x20, 0x20, 0x20, 0x20, 0x20, 0x20, 0x20, 0x20, 0x20, 0x20, 0x20, 0x20, 0x20, 0x20, //
	0x7b, 0x0a, 0x20, 0x20, 0x20, 0x20, 0x20, 0x20, 0x20, 0x20, 0x20, 0x20, 0x20, 0x20, 0x20, 0x20, // {.
	0x20, 0x20, 0x20, 0x20, 0x20, 0x20, 0x20, 0x20, 0x20, 0x20, 0x5f, 0x34, 0x30, 0x31, 0x34, 0x20, //           _4014
	0x3d, 0x20, 0x5f, 0x33, 0x39, 0x39, 0x34, 0x3b, 0x0a, 0x20, 0x20, 0x20, 0x20, 0x20, 0x20, 0x20, // = _3994;.
	0x20, 0x20, 0x20, 0x20, 0x20, 0x20, 0x20, 0x20, 0x20, 0x20, 0x20, 0x20, 0x20, 0x20, 0x20, 0x20, //
	0x20, 0x5f, 0x34, 0x30, 0x31, 0x33, 0x20, 0x3d, 0x20, 0x66, 0x61, 0x6c, 0x73, 0x65, 0x3b, 0x0a, //  _4013 = false;.
	0x20, 0x20, 0x20, 0x20, 0x20, 0x20, 0x20, 0x20, 0x20, 0x20, 0x20, 0x20, 0x20, 0x20, 0x20, 0x20, //
	0x20, 0x20, 0x20, 0x20, 0x20, 0x20, 0x20, 0x20, 0x62, 0x72, 0x65, 0x61, 0x6b, 0x3b, 0x0a, 0x20, //         break;.
	0x20, 0x20, 0x20, 0x20, 0x20, 0x20, 0x20, 0x20, 0x20, 0x20, 0x20, 0x20, 0x20, 0x20, 0x20, 0x20, //
	0x20, 0x20, 0x20, 0x7d, 0x0a, 0x20, 0x20, 0x20, 0x20, 0x20, 0x20, 0x20, 0x20, 0x20, 0x20, 0x20, //    }.
	0x20, 0x20, 0x20, 0x20, 0x20, 0x20, 0x20, 0x20, 0x20, 0x5f, 0x34, 0x30, 0x31, 0x35, 0x20, 0x3d, //          _4015 =
	0x20, 0x5f, 0x32, 0x34, 0x37, 0x30, 0x3b, 0x0a, 0x20, 0x20, 0x20, 0x20, 0x20, 0x20, 0x20, 0x20, //  _2470;.
	0x20, 0x20, 0x20, 0x20, 0x20, 0x20, 0x20, 0x20, 0x7d, 0x0a, 0x20, 0x20, 0x20, 0x20, 0x20, 0x20, //         }.
	0x20, 0x20, 0x20, 0x20, 0x20, 0x20, 0x20, 0x20, 0x20, 0x20, 0x65, 0x6c, 0x73, 0x65, 0x0a, 0x20, //           else.
	0x20, 0x20, 0x20, 0x20, 0x20, 0x20, 0x20, 0x20, 0x20, 0x20, 0x20, 0x20, 0x20, 0x20, 0x20, 0x7b, //                {
	0x0a, 0x20, 0x20, 0x20, 0x20, 0x20, 0x20, 0x20, 0x20, 0x20, 0x20, 0x20, 0x20, 0x20, 0x20, 0x20, // .
	0x20, 0x20, 0x20, 0x20, 0x20, 0x75, 0x69, 0x6e, 0x74, 0x20, 0x5f, 0x34, 0x30, 0x31, 0x36, 0x3b, //      uint _4016;
	0x0a, 0x20, 0x20, 0x20, 0x20, 0x20, 0x20, 0x20, 0x20, 0x20, 0x20, 0x20, 0x20, 0x20, 0x20, 0x20, // .
	0x20, 0x20, 0x20, 0x20, 0x20, 0x69, 0x66, 0x20, 0x28, 0x28, 0x5f, 0x32, 0x34, 0x37, 0x30, 0x20, //      if ((_2470
	0x26, 0x20, 0x32, 0x35, 0x35, 0x75, 0x29, 0x20, 0x3c, 0x20, 0x32, 0x75, 0x29, 0x0a, 0x20, 0x20, // & 255u) < 2u).
	0x20, 0x20, 0x20, 0x20, 0x20, 0x20, 0x20, 0x20, 0x20, 0x20, 0x20, 0x20, 0x20, 0x20, 0x20, 0x20, //
	0x20, 0x20, 0x7b, 0x0a, 0x20, 0x20, 0x20, 0x20, 0x20, 0x20, 0x20, 0x20, 0x20, 0x20, 0x20, 0x20, //   {.
	0x20, 0x20, 0x20, 0x20, 0x20, 0x20, 0x20, 0x20, 0x20, 0x20, 0x20, 0x20, 0x5f, 0x34, 0x30, 0x31, //             _401
	0x36, 0x20, 0x3d, 0x20, 0x28, 0x5f, 0x33, 0x39, 0x39, 0x34, 0x20, 0x21, 0x3d, 0x20, 0x32, 0x35, // 6 = (_3994 != 25
	0x35, 0x75, 0x29, 0x20, 0x3f, 0x20, 0x28, 0x75, 0x69, 0x6e, 0x74, 0x28, 0x28, 0x28, 0x5f, 0x32, // 5u) ? (uint(((_2
	0x34, 0x37, 0x30, 0x20, 0x26, 0x20, 0x31, 0x75, 0x29, 0x20, 0x21, 0x3d, 0x20, 0x30, 0x75, 0x29, // 470 & 1u) != 0u)
	0x20, 0x3f, 0x20, 0x32, 0x34, 0x35, 0x37, 0x36, 0x20, 0x3a, 0x20, 0x31, 0x36, 0x33, 0x38, 0x34, //  ? 24576 : 16384
	0x29, 0x20, 0x7c, 0x20, 0x28, 0x5f, 0x33, 0x39, 0x39, 0x34, 0x20, 0x26, 0x20, 0x38, 0x31, 0x39, // ) | (_3994 & 819
	0x31, 0x75, 0x29, 0x29, 0x20, 0x3a, 0x20, 0x5f, 0x32, 0x34, 0x37, 0x30, 0x3b, 0x0a, 0x20, 0x20, // 1u)) : _2470;.
	0x20, 0x20, 0x20, 0x20, 0x20, 0x20, 0x20, 0x20, 0x20, 0x20, 0x20, 0x20, 0x20, 0x20, 0x20, 0x20, //
	0x20, 0x20, 0x7d, 0x0a, 0x20, 0x20, 0x20, 0x20, 0x20, 0x20, 0x20, 0x20, 0x20, 0x20, 0x20, 0x20, //   }.
	0x20, 0x20, 0x20, 0x20, 0x20, 0x20, 0x20, 0x20, 0x65, 0x6c, 0x73, 0x65, 0x0a, 0x20, 0x20, 0x20, //         else.
	0x20, 0x20, 0x20, 0x20, 0x20, 0x20, 0x20, 0x20, 0x20, 0x20, 0x20, 0x20, 0x20, 0x20, 0x20, 0x20, //
	0x20, 0x7b, 0x0a, 0x20, 0x20, 0x20, 0x20, 0x20, 0x20, 0x20, 0x20, 0x20, 0x20, 0x20, 0x20, 0x20, //  {.
	0x20, 0x20, 0x20, 0x20, 0x20, 0x20, 0x20, 0x20, 0x20, 0x20, 0x20, 0x5f, 0x34, 0x30, 0x31, 0x36, //            _4016
	0x20, 0x3d, 0x20, 0x34, 0x30, 0x39, 0x36, 0x75, 0x20, 0x7c, 0x20, 0x5f, 0x32, 0x34, 0x37, 0x30, //  = 4096u | _2470
	0x3b, 0x0a, 0x20, 0x20, 0x20, 0x20, 0x20, 0x20, 0x20, 0x20, 0x20, 0x20, 0x20, 0x20, 0x20, 0x20, // ;.
	0x20, 0x20, 0x20, 0x20, 0x20, 0x20, 0x7d, 0x0a, 0x20, 0x20, 0x20, 0x20, 0x20, 0x20, 0x20, 0x20, //       }.
	0x20, 0x20, 0x20, 0x20, 0x20, 0x20, 0x20, 0x20, 0x20, 0x20, 0x20, 0x20, 0x5f, 0x34, 0x30, 0x31, //             _401
	0x35, 0x20, 0x3d, 0x20, 0x5f, 0x34, 0x30, 0x31, 0x36, 0x3b, 0x0a, 0x20, 0x20, 0x20, 0x20, 0x20, // 5 = _4016;.
	0x20, 0x20, 0x20, 0x20, 0x20, 0x20, 0x20, 0x20, 0x20, 0x20, 0x20, 0x7d, 0x0a, 0x20, 0x20, 0x20, //            }.
	0x20, 0x20, 0x20, 0x20, 0x20, 0x20, 0x20, 0x20, 0x20, 0x20, 0x20, 0x20, 0x20, 0x5f, 0x34, 0x30, //              _40
	0x31, 0x34, 0x20, 0x3d, 0x20, 0x5f, 0x34, 0x30, 0x31, 0x35, 0x3b, 0x0a, 0x20, 0x20, 0x20, 0x20, // 14 = _4015;.
	0x20, 0x20, 0x20, 0x20, 0x20, 0x20, 0x20, 0x20, 0x20, 0x20, 0x20, 0x20, 0x5f, 0x34, 0x30, 0x31, //             _401
	0x33, 0x20, 0x3d, 0x20, 0x74, 0x72, 0x75, 0x65, 0x3b, 0x0a, 0x20, 0x20, 0x20, 0x20, 0x20, 0x20, // 3 = true;.
	0x20, 0x20, 0x20, 0x20, 0x20, 0x20, 0x20, 0x20, 0x20, 0x20, 0x62, 0x72, 0x65, 0x61, 0x6b, 0x3b, //           break;
	0x0a, 0x20, 0x20, 0x20, 0x20, 0x20, 0x20, 0x20, 0x20, 0x20, 0x20, 0x20, 0x20, 0x7d, 0x20, 0x77, // .            } w
	0x68, 0x69, 0x6c, 0x65, 0x28, 0x66, 0x61, 0x6c, 0x73, 0x65, 0x29, 0x3b, 0x0a, 0x20, 0x20, 0x20, // hile(false);.
	0x20, 0x20, 0x20, 0x20, 0x20, 0x20, 0x20, 0x20, 0x20, 0x75, 0x69, 0x6e, 0x74, 0x20, 0x5f, 0x34, //          uint _4
	0x30, 0x33, 0x31, 0x3b, 0x0a, 0x20, 0x20, 0x20, 0x20, 0x20, 0x20, 0x20, 0x20, 0x20, 0x20, 0x20, // 031;.
	0x20, 0x69, 0x66, 0x20, 0x28, 0x28, 0x28, 0x28, 0x28, 0x5f, 0x34, 0x30, 0x31, 0x33, 0x20, 0x26, //  if (((((_4013 &
	0x26, 0x20, 0x28, 0x28, 0x5f, 0x32, 0x30, 0x34, 0x39, 0x20, 0x26, 0x20, 0x32, 0x75, 0x29, 0x20, // & ((_2049 & 2u)
	0x21, 0x3d, 0x20, 0x30, 0x75, 0x29, 0x29, 0x20, 0x26, 0x26, 0x20, 0x28, 0x5f, 0x31, 0x37, 0x33, // != 0u)) && (_173
	0x37, 0x20, 0x3d, 0x3d, 0x20, 0x31, 0x75, 0x29, 0x29, 0x20, 0x26, 0x26, 0x20, 0x28, 0x5f, 0x34, // 7 == 1u)) && (_4
	0x30, 0x31, 0x34, 0x20, 0x3e, 0x3d, 0x20, 0x34, 0x30, 0x39, 0x36, 0x75, 0x29, 0x29, 0x20, 0x26, // 014 >= 4096u)) &
	0x26, 0x20, 0x28, 0x5f, 0x34, 0x30, 0x31, 0x34, 0x20, 0x3c, 0x20, 0x38, 0x31, 0x39, 0x32, 0x75, // & (_4014 < 8192u
	0x29, 0x29, 0x20, 0x26, 0x26, 0x20, 0x28, 0x5f, 0x31, 0x32, 0x33, 0x31, 0x20, 0x3d, 0x3d, 0x20, // )) && (_1231 ==
	0x28, 0x28, 0x28, 0x28, 0x28, 0x5f, 0x31, 0x36, 0x37, 0x34, 0x20, 0x2b, 0x20, 0x31, 0x75, 0x29, // (((((_1674 + 1u)
	0x20, 0x2a, 0x20, 0x31, 0x30, 0x38, 0x30, 0x75, 0x29, 0x20, 0x2b, 0x20, 0x34, 0x37, 0x39, 0x75, //  * 1080u) + 479u
	0x29, 0x20, 0x2f, 0x20, 0x34, 0x38, 0x30, 0x75, 0x29, 0x20, 0x2d, 0x20, 0x31, 0x75, 0x29, 0x29, // ) / 480u) - 1u))
	0x29, 0x0a, 0x20, 0x20, 0x20, 0x20, 0x20, 0x20, 0x20, 0x20, 0x20, 0x20, 0x20, 0x20, 0x7b, 0x0a, // ).            {.
	0x20, 0x20, 0x20, 0x20, 0x20, 0x20, 0x20, 0x20, 0x20, 0x20, 0x20, 0x20, 0x20, 0x20, 0x20, 0x20, //
	0x5f, 0x34, 0x30, 0x33, 0x31, 0x20, 0x3d, 0x20, 0x33, 0x32, 0x37, 0x36, 0x38, 0x75, 0x20, 0x7c, // _4031 = 32768u |
	0x20, 0x28, 0x5f, 0x34, 0x30, 0x31, 0x34, 0x20, 0x26, 0x20, 0x34, 0x30, 0x39, 0x35, 0x75, 0x29, //  (_4014 & 4095u)
	0x3b, 0x0a, 0x20, 0x20, 0x20, 0x20, 0x20, 0x20, 0x20, 0x20, 0x20, 0x20, 0x20, 0x20, 0x7d, 0x0a, // ;.            }.
	0x20, 0x20, 0x20, 0x20, 0x20, 0x20, 0x20, 0x20, 0x20, 0x20, 0x20, 0x20, 0x65, 0x6c, 0x73, 0x65, //             else
	0x0a, 0x20, 0x20, 0x20, 0x20, 0x20, 0x20, 0x20, 0x20, 0x20, 0x20, 0x20, 0x20, 0x7b, 0x0a, 0x20, // .            {.
	0x20, 0x20, 0x20, 0x20, 0x20, 0x20, 0x20, 0x20, 0x20, 0x20, 0x20, 0x20, 0x20, 0x20, 0x20, 0x5f, //                _
	0x34, 0x30, 0x33, 0x31, 0x20, 0x3d, 0x20, 0x5f, 0x34, 0x30, 0x31, 0x34, 0x3b, 0x0a, 0x20, 0x20, // 4031 = _4014;.
	0x20, 0x20, 0x20, 0x20, 0x20, 0x20, 0x20, 0x20, 0x20, 0x20, 0x7d, 0x0a, 0x20, 0x20, 0x20, 0x20, //           }.
	0x20, 0x20, 0x20, 0x20, 0x20, 0x20, 0x20, 0x20, 0x62, 0x6f, 0x6f, 0x6c, 0x20, 0x5f, 0x34, 0x30, //         bool _40
	0x32, 0x34, 0x3b, 0x0a, 0x20, 0x20, 0x20, 0x20, 0x20, 0x20, 0x20, 0x20, 0x20, 0x20, 0x20, 0x20, // 24;.
	0x75, 0x69, 0x6e, 0x74, 0x20, 0x5f, 0x34, 0x30, 0x32, 0x35, 0x3b, 0x0a, 0x20, 0x20, 0x20, 0x20, // uint _4025;.
	0x20, 0x20, 0x20, 0x20, 0x20, 0x20, 0x20, 0x20, 0x64, 0x6f, 0x0a, 0x20, 0x20, 0x20, 0x20, 0x20, //         do.
	0x20, 0x20, 0x20, 0x20, 0x20, 0x20, 0x20, 0x7b, 0x0a, 0x20, 0x20, 0x20, 0x20, 0x20, 0x20, 0x20, //        {.
	0x20, 0x20, 0x20, 0x20, 0x20, 0x20, 0x20, 0x20, 0x20, 0x69, 0x66, 0x20, 0x28, 0x28, 0x5f, 0x31, //          if ((_1
	0x37, 0x33, 0x35, 0x20, 0x3d, 0x3d, 0x20, 0x36, 0x35, 0x35, 0x33, 0x35, 0x75, 0x29, 0x20, 0x7c, // 735 == 65535u) |
	0x7c, 0x20, 0x28, 0x28, 0x28, 0x5f, 0x31, 0x37, 0x33, 0x35, 0x20, 0x3e, 0x3e, 0x20, 0x75, 0x69, // | (((_1735 >> ui
	0x6e, 0x74, 0x28, 0x31, 0x32, 0x29, 0x29, 0x20, 0x26, 0x20, 0x33, 0x75, 0x29, 0x20, 0x21, 0x3d, // nt(12)) & 3u) !=
	0x20, 0x33, 0x75, 0x29, 0x29, 0x0a, 0x20, 0x20, 0x20, 0x20, 0x20, 0x20, 0x20, 0x20, 0x20, 0x20, //  3u)).
	0x20, 0x20, 0x20, 0x20, 0x20, 0x20, 0x7b, 0x0a, 0x20, 0x20, 0x20, 0x20, 0x20, 0x20, 0x20, 0x20, //       {.
	0x20, 0x20, 0x20, 0x20, 0x20, 0x20, 0x20, 0x20, 0x20, 0x20, 0x20, 0x20, 0x5f, 0x34, 0x30, 0x32, //             _402
	0x35, 0x20, 0x3d, 0x20, 0x5f, 0x34, 0x30, 0x30, 0x36, 0x3b, 0x0a, 0x20, 0x20, 0x20, 0x20, 0x20, // 5 = _4006;.
	0x20, 0x20, 0x20, 0x20, 0x20, 0x20, 0x20, 0x20, 0x20, 0x20, 0x20, 0x20, 0x20, 0x20, 0x20, 0x5f, //                _
	0x34, 0x30, 0x32, 0x34, 0x20, 0x3d, 0x20, 0x66, 0x61, 0x6c, 0x73, 0x65, 0x3b, 0x0a, 0x20, 0x20, // 4024 = false;.
	0x20, 0x20, 0x20, 0x20, 0x20, 0x20, 0x20, 0x20, 0x20, 0x20, 0x20, 0x20, 0x20, 0x20, 0x20, 0x20, //
	0x20, 0x20, 0x62, 0x72, 0x65, 0x61, 0x6b, 0x3b, 0x0a, 0x20, 0x20, 0x20, 0x20, 0x20, 0x20, 0x20, //   break;.
	0x20, 0x20, 0x20, 0x20, 0x20, 0x20, 0x20, 0x20, 0x20, 0x7d, 0x0a, 0x20, 0x20, 0x20, 0x20, 0x20, //          }.
	0x20, 0x20, 0x20, 0x20, 0x20, 0x20, 0x20, 0x20, 0x20, 0x20, 0x20, 0x75, 0x69, 0x6e, 0x74, 0x20, //            uint
	0x5f, 0x32, 0x35, 0x32, 0x32, 0x20, 0x3d, 0x20, 0x28, 0x5f, 0x31, 0x37, 0x33, 0x35, 0x20, 0x26, // _2522 = (_1735 &
	0x20, 0x34, 0x30, 0x39, 0x35, 0x75, 0x29, 0x20, 0x5e, 0x20, 0x33, 0x38, 0x34, 0x30, 0x75, 0x3b, //  4095u) ^ 3840u;
	0x0a, 0x20, 0x20, 0x20, 0x20, 0x20, 0x20, 0x20, 0x20, 0x20, 0x20, 0x20, 0x20, 0x20, 0x20, 0x20, // .
	0x20, 0x75, 0x69, 0x6e, 0x74, 0x20, 0x5f, 0x34, 0x30, 0x32, 0x36, 0x3b, 0x0a, 0x20, 0x20, 0x20, //  uint _4026;.
	0x20, 0x20, 0x20, 0x20, 0x20, 0x20, 0x20, 0x20, 0x20, 0x20, 0x20, 0x20, 0x20, 0x69, 0x66, 0x20, //              if
	0x28, 0x28, 0x5f, 0x32, 0x35, 0x32, 0x32, 0x20, 0x26, 0x20, 0x32, 0x35, 0x35, 0x75, 0x29, 0x20, // ((_2522 & 255u)
	0x3d, 0x3d, 0x20, 0x32, 0x35, 0x35, 0x75, 0x29, 0x0a, 0x20, 0x20, 0x20, 0x20, 0x20, 0x20, 0x20, // == 255u).
	0x20, 0x20, 0x20, 0x20, 0x20, 0x20, 0x20, 0x20, 0x20, 0x7b, 0x0a, 0x20, 0x20, 0x20, 0x20, 0x20, //          {.
	0x20, 0x20, 0x20, 0x20, 0x20, 0x20, 0x20, 0x20, 0x20, 0x20, 0x20, 0x20, 0x20, 0x20, 0x20, 0x69, //                i
	0x66, 0x20, 0x28, 0x5f, 0x34, 0x30, 0x30, 0x36, 0x20, 0x21, 0x3d, 0x20, 0x32, 0x35, 0x35, 0x75, // f (_4006 != 255u
	0x29, 0x0a, 0x20, 0x20, 0x20, 0x20, 0x20, 0x20, 0x20, 0x20, 0x20, 0x20, 0x20, 0x20, 0x20, 0x20, // ).
	0x20, 0x20, 0x20, 0x20, 0x20, 0x20, 0x7b, 0x0a, 0x20, 0x20, 0x20, 0x20, 0x20, 0x20, 0x20, 0x20, //       {.
	0x20, 0x20, 0x20, 0x20, 0x20, 0x20, 0x20, 0x20, 0x20, 0x20, 0x20, 0x20, 0x20, 0x20, 0x20, 0x20, //
	0x5f, 0x34, 0x30, 0x32, 0x35, 0x20, 0x3d, 0x20, 0x5f, 0x34, 0x30, 0x30, 0x36, 0x3b, 0x0a, 0x20, // _4025 = _4006;.
	0x20, 0x20, 0x20, 0x20, 0x20, 0x20, 0x20, 0x20, 0x20, 0x20, 0x20, 0x20, 0x20, 0x20, 0x20, 0x20, //
	0x20, 0x20, 0x20, 0x20, 0x20, 0x20, 0x20, 0x5f, 0x34, 0x30, 0x32, 0x34, 0x20, 0x3d, 0x20, 0x66, //        _4024 = f
	0x61, 0x6c, 0x73, 0x65, 0x3b, 0x0a, 0x20, 0x20, 0x20, 0x20, 0x20, 0x20, 0x20, 0x20, 0x20, 0x20, // alse;.
	0x20, 0x20, 0x20, 0x20, 0x20, 0x20, 0x20, 0x20, 0x20, 0x20, 0x20, 0x20, 0x20, 0x20, 0x62, 0x72, //               br
	0x65, 0x61, 0x6b, 0x3b, 0x0a, 0x20, 0x20, 0x20, 0x20, 0x20, 0x20, 0x20, 0x20, 0x20, 0x20, 0x20, // eak;.
	0x20, 0x20, 0x20, 0x20, 0x20, 0x20, 0x20, 0x20, 0x20, 0x7d, 0x0a, 0x20, 0x20, 0x20, 0x20, 0x20, //          }.
	0x20, 0x20, 0x20, 0x20, 0x20, 0x20, 0x20, 0x20, 0x20, 0x20, 0x20, 0x20, 0x20, 0x20, 0x20, 0x5f, //                _
	0x34, 0x30, 0x32, 0x36, 0x20, 0x3d, 0x20, 0x5f, 0x32, 0x35, 0x32, 0x32, 0x3b, 0x0a, 0x20, 0x20, // 4026 = _2522;.
	0x20, 0x20, 0x20, 0x20, 0x20, 0x20, 0x20, 0x20, 0x20, 0x20, 0x20, 0x20, 0x20, 0x20, 0x7d, 0x0a, //               }.
	0x20, 0x20, 0x20, 0x20, 0x20, 0x20, 0x20, 0x20, 0x20, 0x20, 0x20, 0x20, 0x20, 0x20, 0x20, 0x20, //
	0x65, 0x6c, 0x73, 0x65, 0x0a, 0x20, 0x20, 0x20, 0x20, 0x20, 0x20, 0x20, 0x20, 0x20, 0x20, 0x20, // else.
	0x20, 0x20, 0x20, 0x20, 0x20, 0x7b, 0x0a, 0x20, 0x20, 0x20, 0x20, 0x20, 0x20, 0x20, 0x20, 0x20, //      {.
	0x20, 0x20, 0x20, 0x20, 0x20, 0x20, 0x20, 0x20, 0x20, 0x20, 0x20, 0x75, 0x69, 0x6e, 0x74, 0x20, //            uint
	0x5f, 0x34, 0x30, 0x32, 0x37, 0x3b, 0x0a, 0x20, 0x20, 0x20, 0x20, 0x20, 0x20, 0x20, 0x20, 0x20, // _4027;.
	0x20, 0x20, 0x20, 0x20, 0x20, 0x20, 0x20, 0x20, 0x20, 0x20, 0x20, 0x69, 0x66, 0x20, 0x28, 0x28, //            if ((
	0x5f, 0x32, 0x35, 0x32, 0x32, 0x20, 0x26, 0x20, 0x32, 0x35, 0x35, 0x75, 0x29, 0x20, 0x3c, 0x20, // _2522 & 255u) <
	0x32, 0x75, 0x29, 0x0a, 0x20, 0x20, 0x20, 0x20, 0x20, 0x20, 0x20, 0x20, 0x20, 0x20, 0x20, 0x20, // 2u).
	0x20, 0x20, 0x20, 0x20, 0x20, 0x20, 0x20, 0x20, 0x7b, 0x0a, 0x20, 0x20, 0x20, 0x20, 0x20, 0x20, //         {.
	0x20, 0x20, 0x20, 0x20, 0x20, 0x20, 0x20, 0x20, 0x20, 0x20, 0x20, 0x20, 0x20, 0x20, 0x20, 0x20, //
	0x20, 0x20, 0x5f, 0x34, 0x30, 0x32, 0x37, 0x20, 0x3d, 0x20, 0x28, 0x5f, 0x34, 0x30, 0x30, 0x36, //   _4027 = (_4006
	0x20, 0x21, 0x3d, 0x20, 0x32, 0x35, 0x35, 0x75, 0x29, 0x20, 0x3f, 0x20, 0x28, 0x75, 0x69, 0x6e, //  != 255u) ? (uin
	0x74, 0x28, 0x28, 0x28, 0x5f, 0x32, 0x35, 0x32, 0x32, 0x20, 0x26, 0x20, 0x31, 0x75, 0x29, 0x20, // t(((_2522 & 1u)
	0x21, 0x3d, 0x20, 0x30, 0x75, 0x29, 0x20, 0x3f, 0x20, 0x32, 0x34, 0x35, 0x37, 0x36, 0x20, 0x3a, // != 0u) ? 24576 :
	0x20, 0x31, 0x36, 0x33, 0x38, 0x34, 0x29, 0x20, 0x7c, 0x20, 0x28, 0x5f, 0x34, 0x30, 0x30, 0x36, //  16384) | (_4006
	0x20, 0x26, 0x20, 0x38, 0x31, 0x39, 0x31, 0x75, 0x29, 0x29, 0x20, 0x3a, 0x20, 0x5f, 0x32, 0x35, //  & 8191u)) : _25
	0x32, 0x32, 0x3b, 0x0a, 0x20, 0x20, 0x20, 0x20, 0x20, 0x20, 0x20, 0x20, 0x20, 0x20, 0x20, 0x20, // 22;.
	0x20, 0x20, 0x20, 0x20, 0x20, 0x20, 0x20, 0x20, 0x7d, 0x0a, 0x20, 0x20, 0x20, 0x20, 0x20, 0x20, //         }.
	0x20, 0x20, 0x20, 0x20, 0x20, 0x20, 0x20, 0x20, 0x20, 0x20, 0x20, 0x20, 0x20, 0x20, 0x65, 0x6c, //               el
	0x73, 0x65, 0x0a, 0x20, 0x20, 0x20, 0x20, 0x20, 0x20, 0x20, 0x20, 0x20, 0x20, 0x20, 0x20, 0x20, // se.
	0x20, 0x20, 0x20, 0x20, 0x20, 0x20, 0x20, 0x7b, 0x0a, 0x20, 0x20, 0x20, 0x20, 0x20, 0x20, 0x20, //        {.
	0x20, 0x20, 0x20, 0x20, 0x20, 0x20, 0x20, 0x20, 0x20, 0x20, 0x20, 0x20, 0x20, 0x20, 0x20, 0x20, //
	0x20, 0x5f, 0x34, 0x30, 0x32, 0x37, 0x20, 0x3d, 0x20, 0x34, 0x30, 0x39, 0x36, 0x75, 0x20, 0x7c, //  _4027 = 4096u |
	0x20, 0x5f, 0x32, 0x35, 0x32, 0x32, 0x3b, 0x0a, 0x20, 0x20, 0x20, 0x20, 0x20, 0x20, 0x20, 0x20, //  _2522;.
	0x20, 0x20, 0x20, 0x20, 0x20, 0x20, 0x20, 0x20, 0x20, 0x20, 0x20, 0x20, 0x7d, 0x0a, 0x20, 0x20, //             }.
	0x20, 0x20, 0x20, 0x20, 0x20, 0x20, 0x20, 0x20, 0x20, 0x20, 0x20, 0x20, 0x20, 0x20, 0x20, 0x20, //
	0x20, 0x20, 0x5f, 0x34, 0x30, 0x32, 0x36, 0x20, 0x3d, 0x20, 0x5f, 0x34, 0x30, 0x32, 0x37, 0x3b, //   _4026 = _4027;
	0x0a, 0x20, 0x20, 0x20, 0x20, 0x20, 0x20, 0x20, 0x20, 0x20, 0x20, 0x20, 0x20, 0x20, 0x20, 0x20, // .
	0x20, 0x7d, 0x0a, 0x20, 0x20, 0x20, 0x20, 0x20, 0x20, 0x20, 0x20, 0x20, 0x20, 0x20, 0x20, 0x20, //  }.
	0x20, 0x20, 0x20, 0x5f, 0x34, 0x30, 0x32, 0x35, 0x20, 0x3d, 0x20, 0x5f, 0x34, 0x30, 0x32, 0x36, //    _4025 = _4026
	0x3b, 0x0a, 0x20, 0x20, 0x20, 0x20, 0x20, 0x20, 0x20, 0x20, 0x20, 0x20, 0x20, 0x20, 0x20, 0x20, // ;.
	0x20, 0x20, 0x5f, 0x34, 0x30, 0x32, 0x34, 0x20, 0x3d, 0x20, 0x74, 0x72, 0x75, 0x65, 0x3b, 0x0a, //   _4024 = true;.
	0x20, 0x20, 0x20, 0x20, 0x20, 0x20, 0x20, 0x20, 0x20, 0x20, 0x20, 0x20, 0x20, 0x20, 0x20, 0x20, //
	0x62, 0x72, 0x65, 0x61, 0x6b, 0x3b, 0x0a, 0x20, 0x20, 0x20, 0x20, 0x20, 0x20, 0x20, 0x20, 0x20, // break;.
	0x20, 0x20, 0x20, 0x7d, 0x20, 0x77, 0x68, 0x69, 0x6c, 0x65, 0x28, 0x66, 0x61, 0x6c, 0x73, 0x65, //    } while(false
	0x29, 0x3b, 0x0a, 0x20, 0x20, 0x20, 0x20, 0x20, 0x20, 0x20, 0x20, 0x20, 0x20, 0x20, 0x20, 0x75, // );.            u
	0x69, 0x6e, 0x74, 0x20, 0x5f, 0x34, 0x31, 0x30, 0x32, 0x3b, 0x0a, 0x20, 0x20, 0x20, 0x20, 0x20, // int _4102;.
	0x20, 0x20, 0x20, 0x20, 0x20, 0x20, 0x20, 0x69, 0x66, 0x20, 0x28, 0x28, 0x28, 0x28, 0x28, 0x5f, //        if (((((_
	0x34, 0x30, 0x32, 0x34, 0x20, 0x26, 0x26, 0x20, 0x28, 0x28, 0x5f, 0x32, 0x30, 0x34, 0x39, 0x20, // 4024 && ((_2049
	0x26, 0x20, 0x32, 0x75, 0x29, 0x20, 0x21, 0x3d, 0x20, 0x30, 0x75, 0x29, 0x29, 0x20, 0x26, 0x26, // & 2u) != 0u)) &&
	0x20, 0x28, 0x5f, 0x31, 0x37, 0x33, 0x37, 0x20, 0x3d, 0x3d, 0x20, 0x31, 0x75, 0x29, 0x29, 0x20, //  (_1737 == 1u))
	0x26, 0x26, 0x20, 0x28, 0x5f, 0x34, 0x30, 0x32, 0x35, 0x20, 0x3e, 0x3d, 0x20, 0x34, 0x30, 0x39, // && (_4025 >= 409
	0x36, 0x75, 0x29, 0x29, 0x20, 0x26, 0x26, 0x20, 0x28, 0x5f, 0x34, 0x30, 0x32, 0x35, 0x20, 0x3c, // 6u)) && (_4025 <
	0x20, 0x38, 0x31, 0x39, 0x32, 0x75, 0x29, 0x29, 0x20, 0x26, 0x26, 0x20, 0x28, 0x5f, 0x31, 0x32, //  8192u)) && (_12
	0x33, 0x31, 0x20, 0x3d, 0x3d, 0x20, 0x28, 0x28, 0x28, 0x28, 0x28, 0x5f, 0x31, 0x36, 0x37, 0x34, // 31 == (((((_1674
	0x20, 0x2b, 0x20, 0x31, 0x75, 0x29, 0x20, 0x2a, 0x20, 0x31, 0x30, 0x38, 0x30, 0x75, 0x29, 0x20, //  + 1u) * 1080u)
	0x2b, 0x20, 0x34, 0x37, 0x39, 0x75, 0x29, 0x20, 0x2f, 0x20, 0x34, 0x38, 0x30, 0x75, 0x29, 0x20, // + 479u) / 480u)
	0x2d, 0x20, 0x31, 0x75, 0x29, 0x29, 0x29, 0x0a, 0x20, 0x20, 0x20, 0x20, 0x20, 0x20, 0x20, 0x20, // - 1u))).
	0x20, 0x20, 0x20, 0x20, 0x7b, 0x0a, 0x20, 0x20, 0x20, 0x20, 0x20, 0x20, 0x20, 0x20, 0x20, 0x20, //     {.
	0x20, 0x20, 0x20, 0x20, 0x20, 0x20, 0x5f, 0x34, 0x31, 0x30, 0x32, 0x20, 0x3d, 0x20, 0x33, 0x32, //       _4102 = 32
	0x37, 0x36, 0x38, 0x75, 0x20, 0x7c, 0x20, 0x28, 0x5f, 0x34, 0x30, 0x32, 0x35, 0x20, 0x26, 0x20, // 768u | (_4025 &
	0x34, 0x30, 0x39, 0x35, 0x75, 0x29, 0x3b, 0x0a, 0x20, 0x20, 0x20, 0x20, 0x20, 0x20, 0x20, 0x20, // 4095u);.
	0x20, 0x20, 0x20, 0x20, 0x7d, 0x0a, 0x20, 0x20, 0x20, 0x20, 0x20, 0x20, 0x20, 0x20, 0x20, 0x20, //     }.
	0x20, 0x20, 0x65, 0x6c, 0x73, 0x65, 0x0a, 0x20, 0x20, 0x20, 0x20, 0x20, 0x20, 0x20, 0x20, 0x20, //   else.
	0x20, 0x20, 0x20, 0x7b, 0x0a, 0x20, 0x20, 0x20, 0x20, 0x20, 0x20, 0x20, 0x20, 0x20, 0x20, 0x20, //    {.
	0x20, 0x20, 0x20, 0x20, 0x20, 0x5f, 0x34, 0x31, 0x30, 0x32, 0x20, 0x3d, 0x20, 0x5f, 0x34, 0x30, //      _4102 = _40
	0x32, 0x35, 0x3b, 0x0a, 0x20, 0x20, 0x20, 0x20, 0x20, 0x20, 0x20, 0x20, 0x20, 0x20, 0x20, 0x20, // 25;.
	0x7d, 0x0a, 0x20, 0x20, 0x20, 0x20, 0x20, 0x20, 0x20, 0x20, 0x20, 0x20, 0x20, 0x20, 0x5f, 0x34, // }.            _4
	0x31, 0x31, 0x30, 0x20, 0x3d, 0x20, 0x5f, 0x34, 0x30, 0x31, 0x33, 0x20, 0x3f, 0x20, 0x74, 0x72, // 110 = _4013 ? tr
	0x75, 0x65, 0x20, 0x3a, 0x20, 0x5f, 0x34, 0x34, 0x37, 0x35, 0x3b, 0x0a, 0x20, 0x20, 0x20, 0x20, // ue : _4475;.
	0x20, 0x20, 0x20, 0x20, 0x20, 0x20, 0x20, 0x20, 0x5f, 0x34, 0x31, 0x30, 0x31, 0x20, 0x3d, 0x20, //         _4101 =
	0x5f, 0x34, 0x31, 0x30, 0x32, 0x3b, 0x0a, 0x20, 0x20, 0x20, 0x20, 0x20, 0x20, 0x20, 0x20, 0x20, // _4102;.
	0x20, 0x20, 0x20, 0x5f, 0x34, 0x30, 0x33, 0x34, 0x20, 0x3d, 0x20, 0x5f, 0x34, 0x30, 0x31, 0x33, //    _4034 = _4013
	0x20, 0x3f, 0x20, 0x66, 0x61, 0x6c, 0x73, 0x65, 0x20, 0x3a, 0x20, 0x5f, 0x34, 0x34, 0x37, 0x36, //  ? false : _4476
	0x3b, 0x0a, 0x20, 0x20, 0x20, 0x20, 0x20, 0x20, 0x20, 0x20, 0x20, 0x20, 0x20, 0x20, 0x5f, 0x34, // ;.            _4
	0x30, 0x32, 0x38, 0x20, 0x3d, 0x20, 0x5f, 0x34, 0x30, 0x33, 0x31, 0x3b, 0x0a, 0x20, 0x20, 0x20, // 028 = _4031;.
	0x20, 0x20, 0x20, 0x20, 0x20, 0x7d, 0x0a, 0x20, 0x20, 0x20, 0x20, 0x20, 0x20, 0x20, 0x20, 0x65, //      }.        e
	0x6c, 0x73, 0x65, 0x0a, 0x20, 0x20, 0x20, 0x20, 0x20, 0x20, 0x20, 0x20, 0x7b, 0x0a, 0x20, 0x20, // lse.        {.
	0x20, 0x20, 0x20, 0x20, 0x20, 0x20, 0x20, 0x20, 0x20, 0x20, 0x5f, 0x34, 0x31, 0x31, 0x30, 0x20, //           _4110
	0x3d, 0x20, 0x5f, 0x34, 0x34, 0x37, 0x35, 0x3b, 0x0a, 0x20, 0x20, 0x20, 0x20, 0x20, 0x20, 0x20, // = _4475;.
	0x20, 0x20, 0x20, 0x20, 0x20, 0x5f, 0x34, 0x31, 0x30, 0x31, 0x20, 0x3d, 0x20, 0x5f, 0x34, 0x30, //      _4101 = _40
	0x30, 0x36, 0x3b, 0x0a, 0x20, 0x20, 0x20, 0x20, 0x20, 0x20, 0x20, 0x20, 0x20, 0x20, 0x20, 0x20, // 06;.
	0x5f, 0x34, 0x30, 0x33, 0x34, 0x20, 0x3d, 0x20, 0x5f, 0x34, 0x34, 0x37, 0x36, 0x3b, 0x0a, 0x20, // _4034 = _4476;.
	0x20, 0x20, 0x20, 0x20, 0x20, 0x20, 0x20, 0x20, 0x20, 0x20, 0x20, 0x5f, 0x34, 0x30, 0x32, 0x38, //            _4028
	0x20, 0x3d, 0x20, 0x5f, 0x33, 0x39, 0x39, 0x34, 0x3b, 0x0a, 0x20, 0x20, 0x20, 0x20, 0x20, 0x20, //  = _3994;.
	0x20, 0x20, 0x7d, 0x0a, 0x20, 0x20, 0x20, 0x20, 0x20, 0x20, 0x20, 0x20, 0x75, 0x69, 0x6e, 0x74, //   }.        uint
	0x34, 0x20, 0x5f, 0x32, 0x35, 0x36, 0x30, 0x20, 0x3d, 0x20, 0x70, 0x61, 0x6c, 0x65, 0x74, 0x74, // 4 _2560 = palett
	0x65, 0x2e, 0x72, 0x65, 0x61, 0x64, 0x28, 0x75, 0x69, 0x6e, 0x74, 0x32, 0x28, 0x69, 0x6e, 0x74, // e.read(uint2(int
	0x32, 0x28, 0x69, 0x6e, 0x74, 0x28, 0x5f, 0x34, 0x30, 0x32, 0x38, 0x20, 0x25, 0x20, 0x32, 0x35, // 2(int(_4028 % 25
	0x36, 0x75, 0x29, 0x2c, 0x20, 0x69, 0x6e, 0x74, 0x28, 0x5f, 0x34, 0x30, 0x32, 0x38, 0x20, 0x2f, // 6u), int(_4028 /
	0x20, 0x32, 0x35, 0x36, 0x75, 0x29, 0x29, 0x29, 0x2c, 0x20, 0x30, 0x29, 0x3b, 0x0a, 0x20, 0x20, //  256u))), 0);.
	0x20, 0x20, 0x20, 0x20, 0x20, 0x20, 0x75, 0x69, 0x6e, 0x74, 0x20, 0x5f, 0x32, 0x35, 0x36, 0x31, //       uint _2561
	0x20, 0x3d, 0x20, 0x5f, 0x32, 0x35, 0x36, 0x30, 0x2e, 0x78, 0x3b, 0x0a, 0x20, 0x20, 0x20, 0x20, //  = _2560.x;.
	0x20, 0x20, 0x20, 0x20, 0x66, 0x6c, 0x6f, 0x61, 0x74, 0x33, 0x20, 0x5f, 0x31, 0x39, 0x33, 0x30, //     float3 _1930
	0x20, 0x3d, 0x20, 0x66, 0x6c, 0x6f, 0x61, 0x74, 0x33, 0x28, 0x66, 0x6c, 0x6f, 0x61, 0x74, 0x28, //  = float3(float(
	0x28, 0x5f, 0x32, 0x35, 0x36, 0x31, 0x20, 0x3e, 0x3e, 0x20, 0x75, 0x69, 0x6e, 0x74, 0x28, 0x31, // (_2561 >> uint(1
	0x36, 0x29, 0x29, 0x20, 0x26, 0x20, 0x32, 0x35, 0x35, 0x75, 0x29, 0x2c, 0x20, 0x66, 0x6c, 0x6f, // 6)) & 255u), flo
	0x61, 0x74, 0x28, 0x28, 0x5f, 0x32, 0x35, 0x36, 0x31, 0x20, 0x3e, 0x3e, 0x20, 0x75, 0x69, 0x6e, // at((_2561 >> uin
	0x74, 0x28, 0x38, 0x29, 0x29, 0x20, 0x26, 0x20, 0x32, 0x35, 0x35, 0x75, 0x29, 0x2c, 0x20, 0x66, // t(8)) & 255u), f
	0x6c, 0x6f, 0x61, 0x74, 0x28, 0x5f, 0x32, 0x35, 0x36, 0x31, 0x20, 0x26, 0x20, 0x32, 0x35, 0x35, // loat(_2561 & 255
	0x75, 0x29, 0x29, 0x3b, 0x0a, 0x20, 0x20, 0x20, 0x20, 0x20, 0x20, 0x20, 0x20, 0x66, 0x6c, 0x6f, // u));.        flo
	0x61, 0x74, 0x33, 0x20, 0x5f, 0x34, 0x31, 0x30, 0x34, 0x3b, 0x0a, 0x20, 0x20, 0x20, 0x20, 0x20, // at3 _4104;.
	0x20, 0x20, 0x20, 0x69, 0x66, 0x20, 0x28, 0x5f, 0x34, 0x30, 0x33, 0x34, 0x29, 0x0a, 0x20, 0x20, //    if (_4034).
	0x20, 0x20, 0x20, 0x20, 0x20, 0x20, 0x7b, 0x0a, 0x20, 0x20, 0x20, 0x20, 0x20, 0x20, 0x20, 0x20, //       {.
	0x20, 0x20, 0x20, 0x20, 0x75, 0x69, 0x6e, 0x74, 0x34, 0x20, 0x5f, 0x32, 0x35, 0x36, 0x37, 0x20, //     uint4 _2567
	0x3d, 0x20, 0x70, 0x61, 0x6c, 0x65, 0x74, 0x74, 0x65, 0x2e, 0x72, 0x65, 0x61, 0x64, 0x28, 0x75, // = palette.read(u
	0x69, 0x6e, 0x74, 0x32, 0x28, 0x69, 0x6e, 0x74, 0x32, 0x28, 0x32, 0x32, 0x2c, 0x20, 0x31, 0x34, // int2(int2(22, 14
	0x34, 0x29, 0x29, 0x2c, 0x20, 0x30, 0x29, 0x3b, 0x0a, 0x20, 0x20, 0x20, 0x20, 0x20, 0x20, 0x20, // 4)), 0);.
	0x20, 0x20, 0x20, 0x20, 0x20, 0x75, 0x69, 0x6e, 0x74, 0x20, 0x5f, 0x32, 0x35, 0x36, 0x38, 0x20, //      uint _2568
	0x3d, 0x20, 0x5f, 0x32, 0x35, 0x36, 0x37, 0x2e, 0x78, 0x3b, 0x0a, 0x20, 0x20, 0x20, 0x20, 0x20, // = _2567.x;.
	0x20, 0x20, 0x20, 0x20, 0x20, 0x20, 0x20, 0x66, 0x6c, 0x6f, 0x61, 0x74, 0x33, 0x20, 0x5f, 0x31, //        float3 _1
	0x39, 0x35, 0x33, 0x20, 0x3d, 0x20, 0x66, 0x61, 0x73, 0x74, 0x3a, 0x3a, 0x6d, 0x69, 0x6e, 0x28, // 953 = fast::min(
	0x66, 0x6c, 0x6f, 0x61, 0x74, 0x33, 0x28, 0x32, 0x35, 0x35, 0x2e, 0x30, 0x29, 0x2c, 0x20, 0x66, // float3(255.0), f
	0x6c, 0x6f, 0x6f, 0x72, 0x28, 0x28, 0x28, 0x5f, 0x31, 0x39, 0x33, 0x30, 0x20, 0x2a, 0x20, 0x28, // loor(((_1930 * (
	0x28, 0x5f, 0x32, 0x35, 0x36, 0x38, 0x20, 0x3d, 0x3d, 0x20, 0x31, 0x75, 0x29, 0x20, 0x3f, 0x20, // (_2568 == 1u) ?
	0x38, 0x30, 0x2e, 0x30, 0x20, 0x3a, 0x20, 0x28, 0x28, 0x5f, 0x32, 0x35, 0x36, 0x38, 0x20, 0x3d, // 80.0 : ((_2568 =
	0x3d, 0x20, 0x33, 0x75, 0x29, 0x20, 0x3f, 0x20, 0x31, 0x32, 0x35, 0x2e, 0x30, 0x20, 0x3a, 0x20, // = 3u) ? 125.0 :
	0x28, 0x28, 0x5f, 0x32, 0x35, 0x36, 0x38, 0x20, 0x3d, 0x3d, 0x20, 0x30, 0x75, 0x29, 0x20, 0x3f, // ((_2568 == 0u) ?
	0x20, 0x31, 0x36, 0x30, 0x2e, 0x30, 0x20, 0x3a, 0x20, 0x31, 0x30, 0x30, 0x2e, 0x30, 0x29, 0x29, //  160.0 : 100.0))
	0x29, 0x29, 0x20, 0x2b, 0x20, 0x66, 0x6c, 0x6f, 0x61, 0x74, 0x33, 0x28, 0x35, 0x30, 0x2e, 0x30, // )) + float3(50.0
	0x29, 0x29, 0x20, 0x2a, 0x20, 0x66, 0x6c, 0x6f, 0x61, 0x74, 0x33, 0x28, 0x30, 0x2e, 0x30, 0x30, // )) * float3(0.00
	0x39, 0x39, 0x39, 0x39, 0x39, 0x39, 0x39, 0x37, 0x37, 0x36, 0x34, 0x38, 0x32, 0x35, 0x38, 0x32, // 9999999776482582
	0x30, 0x39, 0x32, 0x32, 0x38, 0x35, 0x31, 0x35, 0x36, 0x32, 0x35, 0x29, 0x29, 0x29, 0x3b, 0x0a, // 09228515625)));.
	0x20, 0x20, 0x20, 0x20, 0x20, 0x20, 0x20, 0x20, 0x20, 0x20, 0x20, 0x20, 0x66, 0x6c, 0x6f, 0x61, //             floa
	0x74, 0x33, 0x20, 0x5f, 0x34, 0x31, 0x30, 0x35, 0x3b, 0x0a, 0x20, 0x20, 0x20, 0x20, 0x20, 0x20, // t3 _4105;.
	0x20, 0x20, 0x20, 0x20, 0x20, 0x20, 0x69, 0x66, 0x20, 0x28, 0x5f, 0x31, 0x36, 0x36, 0x33, 0x29, //       if (_1663)
	0x0a, 0x20, 0x20, 0x20, 0x20, 0x20, 0x20, 0x20, 0x20, 0x20, 0x20, 0x20, 0x20, 0x7b, 0x0a, 0x20, // .            {.
	0x20, 0x20, 0x20, 0x20, 0x20, 0x20, 0x20, 0x20, 0x20, 0x20, 0x20, 0x20, 0x20, 0x20, 0x20, 0x5f, //                _
	0x34, 0x31, 0x30, 0x35, 0x20, 0x3d, 0x20, 0x66, 0x6c, 0x6f, 0x6f, 0x72, 0x28, 0x28, 0x5f, 0x31, // 4105 = floor((_1
	0x39, 0x35, 0x33, 0x20, 0x2a, 0x20, 0x30, 0x2e, 0x35, 0x29, 0x20, 0x2b, 0x20, 0x66, 0x6c, 0x6f, // 953 * 0.5) + flo
	0x61, 0x74, 0x33, 0x28, 0x30, 0x2e, 0x35, 0x29, 0x29, 0x3b, 0x0a, 0x20, 0x20, 0x20, 0x20, 0x20, // at3(0.5));.
	0x20, 0x20, 0x20, 0x20, 0x20, 0x20, 0x20, 0x7d, 0x0a, 0x20, 0x20, 0x20, 0x20, 0x20, 0x20, 0x20, //        }.
	0x20, 0x20, 0x20, 0x20, 0x20, 0x65, 0x6c, 0x73, 0x65, 0x0a, 0x20, 0x20, 0x20, 0x20, 0x20, 0x20, //      else.
	0x20, 0x20, 0x20, 0x20, 0x20, 0x20, 0x7b, 0x0a, 0x20, 0x20, 0x20, 0x20, 0x20, 0x20, 0x20, 0x20, //       {.
	0x20, 0x20, 0x20, 0x20, 0x20, 0x20, 0x20, 0x20, 0x5f, 0x34, 0x31, 0x30, 0x35, 0x20, 0x3d, 0x20, //         _4105 =
	0x5f, 0x31, 0x39, 0x35, 0x33, 0x3b, 0x0a, 0x20, 0x20, 0x20, 0x20, 0x20, 0x20, 0x20, 0x20, 0x20, // _1953;.
	0x20, 0x20, 0x20, 0x7d, 0x0a, 0x20, 0x20, 0x20, 0x20, 0x20, 0x20, 0x20, 0x20, 0x20, 0x20, 0x20, //    }.
	0x20, 0x5f, 0x34, 0x31, 0x30, 0x34, 0x20, 0x3d, 0x20, 0x5f, 0x34, 0x31, 0x30, 0x35, 0x3b, 0x0a, //  _4104 = _4105;.
	0x20, 0x20, 0x20, 0x20, 0x20, 0x20, 0x20, 0x20, 0x7d, 0x0a, 0x20, 0x20, 0x20, 0x20, 0x20, 0x20, //         }.
	0x20, 0x20, 0x65, 0x6c, 0x73, 0x65, 0x0a, 0x20, 0x20, 0x20, 0x20, 0x20, 0x20, 0x20, 0x20, 0x7b, //   else.        {
	0x0a, 0x20, 0x20, 0x20, 0x20, 0x20, 0x20, 0x20, 0x20, 0x20, 0x20, 0x20, 0x20, 0x5f, 0x34, 0x31, // .            _41
	0x30, 0x34, 0x20, 0x3d, 0x20, 0x5f, 0x31, 0x39, 0x33, 0x30, 0x3b, 0x0a, 0x20, 0x20, 0x20, 0x20, // 04 = _1930;.
	0x20, 0x20, 0x20, 0x20, 0x7d, 0x0a, 0x20, 0x20, 0x20, 0x20, 0x20, 0x20, 0x20, 0x20, 0x66, 0x6c, //     }.        fl
	0x6f, 0x61, 0x74, 0x33, 0x20, 0x5f, 0x34, 0x31, 0x33, 0x39, 0x3b, 0x0a, 0x20, 0x20, 0x20, 0x20, // oat3 _4139;.
	0x20, 0x20, 0x20, 0x20, 0x69, 0x66, 0x20, 0x28, 0x5f, 0x34, 0x30, 0x33, 0x34, 0x20, 0x26, 0x26, //     if (_4034 &&
	0x20, 0x28, 0x5f, 0x34, 0x30, 0x37, 0x36, 0x20, 0x3c, 0x20, 0x32, 0x35, 0x35, 0x75, 0x29, 0x29, //  (_4076 < 255u))
	0x0a, 0x20, 0x20, 0x20, 0x20, 0x20, 0x20, 0x20, 0x20, 0x7b, 0x0a, 0x20, 0x20, 0x20, 0x20, 0x20, // .        {.
	0x20, 0x20, 0x20, 0x20, 0x20, 0x20, 0x20, 0x75, 0x69, 0x6e, 0x74, 0x34, 0x20, 0x5f, 0x32, 0x35, //        uint4 _25
	0x37, 0x34, 0x20, 0x3d, 0x20, 0x70, 0x61, 0x6c, 0x65, 0x74, 0x74, 0x65, 0x2e, 0x72, 0x65, 0x61, // 74 = palette.rea
	0x64, 0x28, 0x75, 0x69, 0x6e, 0x74, 0x32, 0x28, 0x69, 0x6e, 0x74, 0x32, 0x28, 0x69, 0x6e, 0x74, // d(uint2(int2(int
	0x28, 0x5f, 0x34, 0x31, 0x30, 0x31, 0x20, 0x25, 0x20, 0x32, 0x35, 0x36, 0x75, 0x29, 0x2c, 0x20, // (_4101 % 256u),
	0x69, 0x6e, 0x74, 0x28, 0x5f, 0x34, 0x31, 0x30, 0x31, 0x20, 0x2f, 0x20, 0x32, 0x35, 0x36, 0x75, // int(_4101 / 256u
	0x29, 0x29, 0x29, 0x2c, 0x20, 0x30, 0x29, 0x3b, 0x0a, 0x20, 0x20, 0x20, 0x20, 0x20, 0x20, 0x20, // ))), 0);.
	0x20, 0x20, 0x20, 0x20, 0x20, 0x75, 0x69, 0x6e, 0x74, 0x20, 0x5f, 0x32, 0x35, 0x37, 0x35, 0x20, //      uint _2575
	0x3d, 0x20, 0x5f, 0x32, 0x35, 0x37, 0x34, 0x2e, 0x78, 0x3b, 0x0a, 0x20, 0x20, 0x20, 0x20, 0x20, // = _2574.x;.
	0x20, 0x20, 0x20, 0x20, 0x20, 0x20, 0x20, 0x5f, 0x34, 0x31, 0x33, 0x39, 0x20, 0x3d, 0x20, 0x6d, //        _4139 = m
	0x69, 0x78, 0x28, 0x66, 0x6c, 0x6f, 0x61, 0x74, 0x33, 0x28, 0x66, 0x6c, 0x6f, 0x61, 0x74, 0x28, // ix(float3(float(
	0x28, 0x5f, 0x32, 0x35, 0x37, 0x35, 0x20, 0x3e, 0x3e, 0x20, 0x75, 0x69, 0x6e, 0x74, 0x28, 0x31, // (_2575 >> uint(1
	0x36, 0x29, 0x29, 0x20, 0x26, 0x20, 0x32, 0x35, 0x35, 0x75, 0x29, 0x2c, 0x20, 0x66, 0x6c, 0x6f, // 6)) & 255u), flo
	0x61, 0x74, 0x28, 0x28, 0x5f, 0x32, 0x35, 0x37, 0x35, 0x20, 0x3e, 0x3e, 0x20, 0x75, 0x69, 0x6e, // at((_2575 >> uin
	0x74, 0x28, 0x38, 0x29, 0x29, 0x20, 0x26, 0x20, 0x32, 0x35, 0x35, 0x75, 0x29, 0x2c, 0x20, 0x66, // t(8)) & 255u), f
	0x6c, 0x6f, 0x61, 0x74, 0x28, 0x5f, 0x32, 0x35, 0x37, 0x35, 0x20, 0x26, 0x20, 0x32, 0x35, 0x35, // loat(_2575 & 255
	0x75, 0x29, 0x29, 0x2c, 0x20, 0x5f, 0x34, 0x31, 0x30, 0x34, 0x2c, 0x20, 0x66, 0x6c, 0x6f, 0x61, // u)), _4104, floa
	0x74, 0x33, 0x28, 0x66, 0x6c, 0x6f, 0x61, 0x74, 0x28, 0x5f, 0x34, 0x30, 0x37, 0x36, 0x29, 0x20, // t3(float(_4076)
	0x2a, 0x20, 0x30, 0x2e, 0x30, 0x30, 0x33, 0x39, 0x32, 0x31, 0x35, 0x36, 0x38, 0x38, 0x35, 0x39, // * 0.003921568859
	0x33, 0x36, 0x38, 0x35, 0x36, 0x32, 0x36, 0x39, 0x38, 0x33, 0x36, 0x34, 0x32, 0x35, 0x37, 0x38, // 3685626983642578
	0x31, 0x32, 0x35, 0x29, 0x29, 0x3b, 0x0a, 0x20, 0x20, 0x20, 0x20, 0x20, 0x20, 0x20, 0x20, 0x7d, // 125));.        }
	0x0a, 0x20, 0x20, 0x20, 0x20, 0x20, 0x20, 0x20, 0x20, 0x65, 0x6c, 0x73, 0x65, 0x0a, 0x20, 0x20, // .        else.
	0x20, 0x20, 0x20, 0x20, 0x20, 0x20, 0x7b, 0x0a, 0x20, 0x20, 0x20, 0x20, 0x20, 0x20, 0x20, 0x20, //       {.
	0x20, 0x20, 0x20, 0x20, 0x5f, 0x34, 0x31, 0x33, 0x39, 0x20, 0x3d, 0x20, 0x5f, 0x34, 0x31, 0x30, //     _4139 = _410
	0x34, 0x3b, 0x0a, 0x20, 0x20, 0x20, 0x20, 0x20, 0x20, 0x20, 0x20, 0x7d, 0x0a, 0x20, 0x20, 0x20, // 4;.        }.
	0x20, 0x20, 0x20, 0x20, 0x20, 0x66, 0x6c, 0x6f, 0x61, 0x74, 0x34, 0x20, 0x5f, 0x32, 0x30, 0x34, //      float4 _204
	0x33, 0x20, 0x3d, 0x20, 0x66, 0x6c, 0x6f, 0x61, 0x74, 0x34, 0x28, 0x5f, 0x34, 0x31, 0x33, 0x39, // 3 = float4(_4139
	0x2c, 0x20, 0x32, 0x35, 0x35, 0x2e, 0x30, 0x29, 0x20, 0x2a, 0x20, 0x66, 0x6c, 0x6f, 0x61, 0x74, // , 255.0) * float
	0x34, 0x28, 0x30, 0x2e, 0x30, 0x30, 0x33, 0x39, 0x32, 0x31, 0x35, 0x36, 0x38, 0x38, 0x35, 0x39, // 4(0.003921568859
	0x33, 0x36, 0x38, 0x35, 0x36, 0x32, 0x36, 0x39, 0x38, 0x33, 0x36, 0x34, 0x32, 0x35, 0x37, 0x38, // 3685626983642578
	0x31, 0x32, 0x35, 0x29, 0x3b, 0x0a, 0x20, 0x20, 0x20, 0x20, 0x20, 0x20, 0x20, 0x20, 0x75, 0x69, // 125);.        ui
	0x6e, 0x74, 0x20, 0x5f, 0x31, 0x32, 0x33, 0x37, 0x20, 0x3d, 0x20, 0x5f, 0x31, 0x33, 0x30, 0x39, // nt _1237 = _1309
	0x20, 0x2d, 0x20, 0x37, 0x34, 0x34, 0x75, 0x3b, 0x0a, 0x20, 0x20, 0x20, 0x20, 0x20, 0x20, 0x20, //  - 744u;.
	0x20, 0x66, 0x6c, 0x6f, 0x61, 0x74, 0x34, 0x20, 0x5f, 0x34, 0x33, 0x31, 0x37, 0x3b, 0x0a, 0x20, //  float4 _4317;.
	0x20, 0x20, 0x20, 0x20, 0x20, 0x20, 0x20, 0x69, 0x66, 0x20, 0x28, 0x28, 0x28, 0x28, 0x28, 0x5f, //        if (((((_
	0x31, 0x32, 0x31, 0x34, 0x20, 0x26, 0x26, 0x20, 0x28, 0x70, 0x61, 0x6c, 0x65, 0x74, 0x74, 0x65, // 1214 && (palette
	0x2e, 0x72, 0x65, 0x61, 0x64, 0x28, 0x75, 0x69, 0x6e, 0x74, 0x32, 0x28, 0x69, 0x6e, 0x74, 0x32, // .read(uint2(int2
	0x28, 0x32, 0x37, 0x2c, 0x20, 0x31, 0x34, 0x34, 0x29, 0x29, 0x2c, 0x20, 0x30, 0x29, 0x2e, 0x78, // (27, 144)), 0).x
	0x20, 0x21, 0x3d, 0x20, 0x30, 0x75, 0x29, 0x29, 0x20, 0x26, 0x26, 0x20, 0x28, 0x5f, 0x31, 0x31, //  != 0u)) && (_11
	0x39, 0x39, 0x20, 0x3e, 0x3d, 0x20, 0x5f, 0x31, 0x32, 0x33, 0x37, 0x29, 0x29, 0x20, 0x26, 0x26, // 99 >= _1237)) &&
	0x20, 0x28, 0x5f, 0x31, 0x31, 0x39, 0x39, 0x20, 0x3c, 0x20, 0x28, 0x5f, 0x31, 0x33, 0x30, 0x39, //  (_1199 < (_1309
	0x20, 0x2b, 0x20, 0x34, 0x32, 0x39, 0x34, 0x39, 0x36, 0x37, 0x32, 0x37, 0x32, 0x75, 0x29, 0x29, //  + 4294967272u))
	0x29, 0x20, 0x26, 0x26, 0x20, 0x28, 0x5f, 0x31, 0x32, 0x30, 0x32, 0x20, 0x3e, 0x3d, 0x20, 0x32, // ) && (_1202 >= 2
	0x34, 0x75, 0x29, 0x29, 0x20, 0x26, 0x26, 0x20, 0x28, 0x5f, 0x31, 0x32, 0x30, 0x32, 0x20, 0x3c, // 4u)) && (_1202 <
	0x20, 0x31, 0x32, 0x39, 0x75, 0x29, 0x29, 0x0a, 0x20, 0x20, 0x20, 0x20, 0x20, 0x20, 0x20, 0x20, //  129u)).
	0x7b, 0x0a, 0x20, 0x20, 0x20, 0x20, 0x20, 0x20, 0x20, 0x20, 0x20, 0x20, 0x20, 0x20, 0x75, 0x69, // {.            ui
	0x6e, 0x74, 0x20, 0x5f, 0x31, 0x32, 0x36, 0x37, 0x20, 0x3d, 0x20, 0x28, 0x28, 0x5f, 0x31, 0x33, // nt _1267 = ((_13
	0x30, 0x39, 0x20, 0x2d, 0x20, 0x31, 0x34, 0x34, 0x30, 0x75, 0x29, 0x20, 0x2f, 0x20, 0x32, 0x75, // 09 - 1440u) / 2u
	0x29, 0x20, 0x2b, 0x20, 0x28, 0x28, 0x5f, 0x31, 0x31, 0x39, 0x39, 0x20, 0x2d, 0x20, 0x5f, 0x31, // ) + ((_1199 - _1
	0x32, 0x33, 0x37, 0x29, 0x20, 0x2a, 0x20, 0x32, 0x75, 0x29, 0x3b, 0x0a, 0x20, 0x20, 0x20, 0x20, // 237) * 2u);.
	0x20, 0x20, 0x20, 0x20, 0x20, 0x20, 0x20, 0x20, 0x75, 0x69, 0x6e, 0x74, 0x20, 0x5f, 0x31, 0x32, //         uint _12
	0x37, 0x31, 0x20, 0x3d, 0x20, 0x32, 0x30, 0x38, 0x75, 0x20, 0x2d, 0x20, 0x28, 0x28, 0x5f, 0x31, // 71 = 208u - ((_1
	0x32, 0x30, 0x32, 0x20, 0x2d, 0x20, 0x32, 0x34, 0x75, 0x29, 0x20, 0x2a, 0x20, 0x32, 0x75, 0x29, // 202 - 24u) * 2u)
	0x3b, 0x0a, 0x20, 0x20, 0x20, 0x20, 0x20, 0x20, 0x20, 0x20, 0x20, 0x20, 0x20, 0x20, 0x75, 0x69, // ;.            ui
	0x6e, 0x74, 0x34, 0x20, 0x5f, 0x33, 0x33, 0x32, 0x30, 0x20, 0x3d, 0x20, 0x70, 0x61, 0x6c, 0x65, // nt4 _3320 = pale
	0x74, 0x74, 0x65, 0x2e, 0x72, 0x65, 0x61, 0x64, 0x28, 0x75, 0x69, 0x6e, 0x74, 0x32, 0x28, 0x69, // tte.read(uint2(i
	0x6e, 0x74, 0x32, 0x28, 0x30, 0x2c, 0x20, 0x31, 0x34, 0x34, 0x29, 0x29, 0x2c, 0x20, 0x30, 0x29, // nt2(0, 144)), 0)
	0x3b, 0x0a, 0x20, 0x20, 0x20, 0x20, 0x20, 0x20, 0x20, 0x20, 0x20, 0x20, 0x20, 0x20, 0x75, 0x69, // ;.            ui
	0x6e, 0x74, 0x20, 0x5f, 0x33, 0x33, 0x32, 0x31, 0x20, 0x3d, 0x20, 0x5f, 0x33, 0x33, 0x32, 0x30, // nt _3321 = _3320
	0x2e, 0x78, 0x3b, 0x0a, 0x20, 0x20, 0x20, 0x20, 0x20, 0x20, 0x20, 0x20, 0x20, 0x20, 0x20, 0x20, // .x;.
	0x75, 0x69, 0x6e, 0x74, 0x34, 0x20, 0x5f, 0x33, 0x33, 0x32, 0x37, 0x20, 0x3d, 0x20, 0x70, 0x61, // uint4 _3327 = pa
	0x6c, 0x65, 0x74, 0x74, 0x65, 0x2e, 0x72, 0x65, 0x61, 0x64, 0x28, 0x75, 0x69, 0x6e, 0x74, 0x32, // lette.read(uint2
	0x28, 0x69, 0x6e, 0x74, 0x32, 0x28, 0x31, 0x37, 0x2c, 0x20, 0x31, 0x34, 0x34, 0x29, 0x29, 0x2c, // (int2(17, 144)),
	0x20, 0x30, 0x29, 0x3b, 0x0a, 0x20, 0x20, 0x20, 0x20, 0x20, 0x20, 0x20, 0x20, 0x20, 0x20, 0x20, //  0);.
	0x20, 0x75, 0x69, 0x6e, 0x74, 0x20, 0x5f, 0x33, 0x33, 0x32, 0x38, 0x20, 0x3d, 0x20, 0x5f, 0x33, //  uint _3328 = _3
	0x33, 0x32, 0x37, 0x2e, 0x78, 0x3b, 0x0a, 0x20, 0x20, 0x20, 0x20, 0x20, 0x20, 0x20, 0x20, 0x20, // 327.x;.
	0x20, 0x20, 0x20, 0x75, 0x69, 0x6e, 0x74, 0x20, 0x5f, 0x32, 0x37, 0x32, 0x34, 0x20, 0x3d, 0x20, //    uint _2724 =
	0x28, 0x28, 0x5f, 0x31, 0x32, 0x37, 0x31, 0x20, 0x2a, 0x20, 0x28, 0x28, 0x5f, 0x33, 0x33, 0x32, // ((_1271 * ((_332
	0x38, 0x20, 0x2b, 0x20, 0x33, 0x31, 0x75, 0x29, 0x20, 0x2f, 0x20, 0x33, 0x32, 0x75, 0x29, 0x29, // 8 + 31u) / 32u))
	0x20, 0x2b, 0x20, 0x28, 0x5f, 0x31, 0x32, 0x36, 0x37, 0x20, 0x2f, 0x20, 0x33, 0x32, 0x75, 0x29, //  + (_1267 / 32u)
	0x29, 0x20, 0x2a, 0x20, 0x32, 0x75, 0x3b, 0x0a, 0x20, 0x20, 0x20, 0x20, 0x20, 0x20, 0x20, 0x20, // ) * 2u;.
	0x20, 0x20, 0x20, 0x20, 0x75, 0x69, 0x6e, 0x74, 0x34, 0x20, 0x5f, 0x33, 0x33, 0x36, 0x32, 0x20, //     uint4 _3362
	0x3d, 0x20, 0x62, 0x69, 0x6e, 0x73, 0x2e, 0x72, 0x65, 0x61, 0x64, 0x28, 0x75, 0x69, 0x6e, 0x74, // = bins.read(uint
	0x32, 0x28, 0x69, 0x6e, 0x74, 0x32, 0x28, 0x69, 0x6e, 0x74, 0x28, 0x5f, 0x32, 0x37, 0x32, 0x34, // 2(int2(int(_2724
	0x20, 0x25, 0x20, 0x32, 0x30, 0x34, 0x38, 0x75, 0x29, 0x2c, 0x20, 0x69, 0x6e, 0x74, 0x28, 0x5f, //  % 2048u), int(_
	0x32, 0x37, 0x32, 0x34, 0x20, 0x2f, 0x20, 0x32, 0x30, 0x34, 0x38, 0x75, 0x29, 0x29, 0x29, 0x2c, // 2724 / 2048u))),
	0x20, 0x30, 0x29, 0x3b, 0x0a, 0x20, 0x20, 0x20, 0x20, 0x20, 0x20, 0x20, 0x20, 0x20, 0x20, 0x20, //  0);.
	0x20, 0x75, 0x69, 0x6e, 0x74, 0x20, 0x5f, 0x33, 0x33, 0x36, 0x33, 0x20, 0x3d, 0x20, 0x5f, 0x33, //  uint _3363 = _3
	0x33, 0x36, 0x32, 0x2e, 0x78, 0x3b, 0x0a, 0x20, 0x20, 0x20, 0x20, 0x20, 0x20, 0x20, 0x20, 0x20, // 362.x;.
	0x20, 0x20, 0x20, 0x75, 0x69, 0x6e, 0x74, 0x20, 0x5f, 0x32, 0x37, 0x32, 0x38, 0x20, 0x3d, 0x20, //    uint _2728 =
	0x5f, 0x32, 0x37, 0x32, 0x34, 0x20, 0x2b, 0x20, 0x31, 0x75, 0x3b, 0x0a, 0x20, 0x20, 0x20, 0x20, // _2724 + 1u;.
	0x20, 0x20, 0x20, 0x20, 0x20, 0x20, 0x20, 0x20, 0x75, 0x69, 0x6e, 0x74, 0x34, 0x20, 0x5f, 0x33, //         uint4 _3
	0x33, 0x38, 0x33, 0x20, 0x3d, 0x20, 0x62, 0x69, 0x6e, 0x73, 0x2e, 0x72, 0x65, 0x61, 0x64, 0x28, // 383 = bins.read(
	0x75, 0x69, 0x6e, 0x74, 0x32, 0x28, 0x69, 0x6e, 0x74, 0x32, 0x28, 0x69, 0x6e, 0x74, 0x28, 0x5f, // uint2(int2(int(_
	0x32, 0x37, 0x32, 0x38, 0x20, 0x25, 0x20, 0x32, 0x30, 0x34, 0x38, 0x75, 0x29, 0x2c, 0x20, 0x69, // 2728 % 2048u), i
	0x6e, 0x74, 0x28, 0x5f, 0x32, 0x37, 0x32, 0x38, 0x20, 0x2f, 0x20, 0x32, 0x30, 0x34, 0x38, 0x75, // nt(_2728 / 2048u
	0x29, 0x29, 0x29, 0x2c, 0x20, 0x30, 0x29, 0x3b, 0x0a, 0x20, 0x20, 0x20, 0x20, 0x20, 0x20, 0x20, // ))), 0);.
	0x20, 0x20, 0x20, 0x20, 0x20, 0x75, 0x69, 0x6e, 0x74, 0x20, 0x5f, 0x33, 0x33, 0x38, 0x34, 0x20, //      uint _3384
	0x3d, 0x20, 0x5f, 0x33, 0x33, 0x38, 0x33, 0x2e, 0x78, 0x3b, 0x0a, 0x20, 0x20, 0x20, 0x20, 0x20, // = _3383.x;.
	0x20, 0x20, 0x20, 0x20, 0x20, 0x20, 0x20, 0x75, 0x69, 0x6e, 0x74, 0x20, 0x5f, 0x34, 0x31, 0x34, //        uint _414
	0x31, 0x3b, 0x0a, 0x20, 0x20, 0x20, 0x20, 0x20, 0x20, 0x20, 0x20, 0x20, 0x20, 0x20, 0x20, 0x75, // 1;.            u
	0x69, 0x6e, 0x74, 0x20, 0x5f, 0x34, 0x31, 0x34, 0x32, 0x3b, 0x0a, 0x20, 0x20, 0x20, 0x20, 0x20, // int _4142;.
	0x20, 0x20, 0x20, 0x20, 0x20, 0x20, 0x20, 0x75, 0x69, 0x6e, 0x74, 0x20, 0x5f, 0x34, 0x31, 0x34, //        uint _414
	0x33, 0x3b, 0x0a, 0x20, 0x20, 0x20, 0x20, 0x20, 0x20, 0x20, 0x20, 0x20, 0x20, 0x20, 0x20, 0x75, // 3;.            u
	0x69, 0x6e, 0x74, 0x20, 0x5f, 0x34, 0x31, 0x36, 0x35, 0x3b, 0x0a, 0x20, 0x20, 0x20, 0x20, 0x20, // int _4165;.
	0x20, 0x20, 0x20, 0x20, 0x20, 0x20, 0x20, 0x75, 0x69, 0x6e, 0x74, 0x20, 0x5f, 0x34, 0x32, 0x38, //        uint _428
	0x36, 0x3b, 0x0a, 0x20, 0x20, 0x20, 0x20, 0x20, 0x20, 0x20, 0x20, 0x20, 0x20, 0x20, 0x20, 0x5f, // 6;.            _
	0x34, 0x32, 0x38, 0x36, 0x20, 0x3d, 0x20, 0x30, 0x75, 0x3b, 0x0a, 0x20, 0x20, 0x20, 0x20, 0x20, // 4286 = 0u;.
	0x20, 0x20, 0x20, 0x20, 0x20, 0x20, 0x20, 0x5f, 0x34, 0x31, 0x36, 0x35, 0x20, 0x3d, 0x20, 0x30, //        _4165 = 0
	0x75, 0x3b, 0x0a, 0x20, 0x20, 0x20, 0x20, 0x20, 0x20, 0x20, 0x20, 0x20, 0x20, 0x20, 0x20, 0x5f, // u;.            _
	0x34, 0x31, 0x34, 0x33, 0x20, 0x3d, 0x20, 0x33, 0x32, 0x37, 0x36, 0x38, 0x75, 0x3b, 0x0a, 0x20, // 4143 = 32768u;.
	0x20, 0x20, 0x20, 0x20, 0x20, 0x20, 0x20, 0x20, 0x20, 0x20, 0x20, 0x5f, 0x34, 0x31, 0x34, 0x32, //            _4142
	0x20, 0x3d, 0x20, 0x33, 0x32, 0x37, 0x36, 0x38, 0x75, 0x3b, 0x0a, 0x20, 0x20, 0x20, 0x20, 0x20, //  = 32768u;.
	0x20, 0x20, 0x20, 0x20, 0x20, 0x20, 0x20, 0x5f, 0x34, 0x31, 0x34, 0x31, 0x20, 0x3d, 0x20, 0x30, //        _4141 = 0
	0x75, 0x3b, 0x0a, 0x20, 0x20, 0x20, 0x20, 0x20, 0x20, 0x20, 0x20, 0x20, 0x20, 0x20, 0x20, 0x75, // u;.            u
	0x69, 0x6e, 0x74, 0x20, 0x5f, 0x34, 0x34, 0x33, 0x32, 0x3b, 0x0a, 0x20, 0x20, 0x20, 0x20, 0x20, // int _4432;.
	0x20, 0x20, 0x20, 0x20, 0x20, 0x20, 0x20, 0x75, 0x69, 0x6e, 0x74, 0x20, 0x5f, 0x34, 0x34, 0x34, //        uint _444
	0x30, 0x3b, 0x0a, 0x20, 0x20, 0x20, 0x20, 0x20, 0x20, 0x20, 0x20, 0x20, 0x20, 0x20, 0x20, 0x75, // 0;.            u
	0x69, 0x6e, 0x74, 0x20, 0x5f, 0x34, 0x34, 0x34, 0x34, 0x3b, 0x0a, 0x20, 0x20, 0x20, 0x20, 0x20, // int _4444;.
	0x20, 0x20, 0x20, 0x20, 0x20, 0x20, 0x20, 0x75, 0x69, 0x6e, 0x74, 0x20, 0x5f, 0x34, 0x34, 0x34, //        uint _444
	0x38, 0x3b, 0x0a, 0x20, 0x20, 0x20, 0x20, 0x20, 0x20, 0x20, 0x20, 0x20, 0x20, 0x20, 0x20, 0x75, // 8;.            u
	0x69, 0x6e, 0x74, 0x20, 0x5f, 0x34, 0x34, 0x35, 0x36, 0x3b, 0x0a, 0x20, 0x20, 0x20, 0x20, 0x20, // int _4456;.
	0x20, 0x20, 0x20, 0x20, 0x20, 0x20, 0x20, 0x66, 0x6f, 0x72, 0x20, 0x28, 0x75, 0x69, 0x6e, 0x74, //        for (uint
	0x20, 0x5f, 0x34, 0x31, 0x34, 0x30, 0x20, 0x3d, 0x20, 0x30, 0x75, 0x3b, 0x20, 0x5f, 0x34, 0x31, //  _4140 = 0u; _41
	0x34, 0x30, 0x20, 0x3c, 0x20, 0x5f, 0x33, 0x33, 0x38, 0x34, 0x3b, 0x20, 0x5f, 0x34, 0x32, 0x38, // 40 < _3384; _428
	0x36, 0x20, 0x3d, 0x20, 0x5f, 0x34, 0x34, 0x35, 0x36, 0x2c, 0x20, 0x5f, 0x34, 0x31, 0x36, 0x35, // 6 = _4456, _4165
	0x20, 0x3d, 0x20, 0x5f, 0x34, 0x34, 0x34, 0x38, 0x2c, 0x20, 0x5f, 0x34, 0x31, 0x34, 0x33, 0x20, //  = _4448, _4143
	0x3d, 0x20, 0x5f, 0x34, 0x34, 0x34, 0x34, 0x2c, 0x20, 0x5f, 0x34, 0x31, 0x34, 0x32, 0x20, 0x3d, // = _4444, _4142 =
	0x20, 0x5f, 0x34, 0x34, 0x34, 0x30, 0x2c, 0x20, 0x5f, 0x34, 0x31, 0x34, 0x31, 0x20, 0x3d, 0x20, //  _4440, _4141 =
	0x5f, 0x34, 0x34, 0x33, 0x32, 0x2c, 0x20, 0x5f, 0x34, 0x31, 0x34, 0x30, 0x2b, 0x2b, 0x29, 0x0a, // _4432, _4140++).
	0x20, 0x20, 0x20, 0x20, 0x20, 0x20, 0x20, 0x20, 0x20, 0x20, 0x20, 0x20, 0x7b, 0x0a, 0x20, 0x20, //             {.
	0x20, 0x20, 0x20, 0x20, 0x20, 0x20, 0x20, 0x20, 0x20, 0x20, 0x20, 0x20, 0x20, 0x20, 0x75, 0x69, //               ui
	0x6e, 0x74, 0x20, 0x5f, 0x32, 0x37, 0x33, 0x38, 0x20, 0x3d, 0x20, 0x5f, 0x33, 0x33, 0x36, 0x33, // nt _2738 = _3363
	0x20, 0x2b, 0x20, 0x5f, 0x34, 0x31, 0x34, 0x30, 0x3b, 0x0a, 0x20, 0x20, 0x20, 0x20, 0x20, 0x20, //  + _4140;.
	0x20, 0x20, 0x20, 0x20, 0x20, 0x20, 0x20, 0x20, 0x20, 0x20, 0x75, 0x69, 0x6e, 0x74, 0x34, 0x20, //           uint4
	0x5f, 0x33, 0x34, 0x30, 0x34, 0x20, 0x3d, 0x20, 0x62, 0x69, 0x6e, 0x73, 0x2e, 0x72, 0x65, 0x61, // _3404 = bins.rea
	0x64, 0x28, 0x75, 0x69, 0x6e, 0x74, 0x32, 0x28, 0x69, 0x6e, 0x74, 0x32, 0x28, 0x69, 0x6e, 0x74, // d(uint2(int2(int
	0x28, 0x5f, 0x32, 0x37, 0x33, 0x38, 0x20, 0x25, 0x20, 0x32, 0x30, 0x34, 0x38, 0x75, 0x29, 0x2c, // (_2738 % 2048u),
	0x20, 0x69, 0x6e, 0x74, 0x28, 0x5f, 0x32, 0x37, 0x33, 0x38, 0x20, 0x2f, 0x20, 0x32, 0x30, 0x34, //  int(_2738 / 204
	0x38, 0x75, 0x29, 0x29, 0x29, 0x2c, 0x20, 0x30, 0x29, 0x3b, 0x0a, 0x20, 0x20, 0x20, 0x20, 0x20, // 8u))), 0);.
	0x20, 0x20, 0x20, 0x20, 0x20, 0x20, 0x20, 0x20, 0x20, 0x20, 0x20, 0x75, 0x69, 0x6e, 0x74, 0x20, //            uint
	0x5f, 0x33, 0x34, 0x30, 0x35, 0x20, 0x3d, 0x20, 0x5f, 0x33, 0x34, 0x30, 0x34, 0x2e, 0x78, 0x3b, // _3405 = _3404.x;
	0x0a, 0x20, 0x20, 0x20, 0x20, 0x20, 0x20, 0x20, 0x20, 0x20, 0x20, 0x20, 0x20, 0x20, 0x20, 0x20, // .
	0x20, 0x75, 0x69, 0x6e, 0x74, 0x34, 0x20, 0x5f, 0x33, 0x34, 0x31, 0x31, 0x20, 0x3d, 0x20, 0x73, //  uint4 _3411 = s
	0x70, 0x61, 0x6e, 0x73, 0x2e, 0x72, 0x65, 0x61, 0x64, 0x28, 0x75, 0x69, 0x6e, 0x74, 0x32, 0x28, // pans.read(uint2(
	0x69, 0x6e, 0x74, 0x32, 0x28, 0x69, 0x6e, 0x74, 0x28, 0x5f, 0x33, 0x34, 0x30, 0x35, 0x20, 0x25, // int2(int(_3405 %
	0x20, 0x32, 0x30, 0x34, 0x38, 0x75, 0x29, 0x2c, 0x20, 0x69, 0x6e, 0x74, 0x28, 0x5f, 0x33, 0x34, //  2048u), int(_34
	0x30, 0x35, 0x20, 0x2f, 0x20, 0x32, 0x30, 0x34, 0x38, 0x75, 0x29, 0x29, 0x29, 0x2c, 0x20, 0x30, // 05 / 2048u))), 0
	0x29, 0x3b, 0x0a, 0x20, 0x20, 0x20, 0x20, 0x20, 0x20, 0x20, 0x20, 0x20, 0x20, 0x20, 0x20, 0x20, // );.
	0x20, 0x20, 0x20, 0x75, 0x69, 0x6e, 0x74, 0x20, 0x5f, 0x34, 0x33, 0x36, 0x37, 0x3b, 0x0a, 0x20, //    uint _4367;.
	0x20, 0x20, 0x20, 0x20, 0x20, 0x20, 0x20, 0x20, 0x20, 0x20, 0x20, 0x20, 0x20, 0x20, 0x20, 0x69, //                i
	0x66, 0x20, 0x28, 0x28, 0x5f, 0x33, 0x34, 0x31, 0x31, 0x2e, 0x7a, 0x20, 0x26, 0x20, 0x33, 0x32, // f ((_3411.z & 32
	0x32, 0x31, 0x32, 0x32, 0x35, 0x34, 0x37, 0x32, 0x75, 0x29, 0x20, 0x3d, 0x3d, 0x20, 0x33, 0x32, // 21225472u) == 32
	0x32, 0x31, 0x32, 0x32, 0x35, 0x34, 0x37, 0x32, 0x75, 0x29, 0x0a, 0x20, 0x20, 0x20, 0x20, 0x20, // 21225472u).
	0x20, 0x20, 0x20, 0x20, 0x20, 0x20, 0x20, 0x20, 0x20, 0x20, 0x20, 0x7b, 0x0a, 0x20, 0x20, 0x20, //            {.
	0x20, 0x20, 0x20, 0x20, 0x20, 0x20, 0x20, 0x20, 0x20, 0x20, 0x20, 0x20, 0x20, 0x20, 0x20, 0x20, //
	0x20, 0x75, 0x69, 0x6e, 0x74, 0x34, 0x20, 0x5f, 0x33, 0x34, 0x31, 0x36, 0x20, 0x3d, 0x20, 0x73, //  uint4 _3416 = s
	0x70, 0x61, 0x6e, 0x73, 0x2e, 0x72, 0x65, 0x61, 0x64, 0x28, 0x75, 0x69, 0x6e, 0x74, 0x32, 0x28, // pans.read(uint2(
	0x69, 0x6e, 0x74, 0x32, 0x28, 0x69, 0x6e, 0x74, 0x28, 0x28, 0x5f, 0x33, 0x34, 0x30, 0x35, 0x20, // int2(int((_3405
	0x2b, 0x20, 0x31, 0x75, 0x29, 0x20, 0x25, 0x20, 0x32, 0x30, 0x34, 0x38, 0x75, 0x29, 0x2c, 0x20, // + 1u) % 2048u),
	0x69, 0x6e, 0x74, 0x28, 0x28, 0x5f, 0x33, 0x34, 0x30, 0x35, 0x20, 0x2b, 0x20, 0x31, 0x75, 0x29, // int((_3405 + 1u)
	0x20, 0x2f, 0x20, 0x32, 0x30, 0x34, 0x38, 0x75, 0x29, 0x29, 0x29, 0x2c, 0x20, 0x30, 0x29, 0x3b, //  / 2048u))), 0);
	0x0a, 0x20, 0x20, 0x20, 0x20, 0x20, 0x20, 0x20, 0x20, 0x20, 0x20, 0x20, 0x20, 0x20, 0x20, 0x20, // .
	0x20, 0x20, 0x20, 0x20, 0x20, 0x66, 0x6c, 0x6f, 0x61, 0x74, 0x32, 0x20, 0x5f, 0x33, 0x34, 0x32, //      float2 _342
	0x30, 0x20, 0x3d, 0x20, 0x61, 0x73, 0x5f, 0x74, 0x79, 0x70, 0x65, 0x3c, 0x66, 0x6c, 0x6f, 0x61, // 0 = as_type<floa
	0x74, 0x32, 0x3e, 0x28, 0x5f, 0x33, 0x34, 0x31, 0x31, 0x2e, 0x78, 0x79, 0x29, 0x3b, 0x0a, 0x20, // t2>(_3411.xy);.
	0x20, 0x20, 0x20, 0x20, 0x20, 0x20, 0x20, 0x20, 0x20, 0x20, 0x20, 0x20, 0x20, 0x20, 0x20, 0x20, //
	0x20, 0x20, 0x20, 0x66, 0x6c, 0x6f, 0x61, 0x74, 0x32, 0x20, 0x5f, 0x32, 0x37, 0x37, 0x36, 0x20, //    float2 _2776
	0x3d, 0x20, 0x61, 0x73, 0x5f, 0x74, 0x79, 0x70, 0x65, 0x3c, 0x66, 0x6c, 0x6f, 0x61, 0x74, 0x32, // = as_type<float2
	0x3e, 0x28, 0x5f, 0x33, 0x34, 0x31, 0x36, 0x2e, 0x78, 0x79, 0x29, 0x20, 0x2d, 0x20, 0x5f, 0x33, // >(_3416.xy) - _3
	0x34, 0x32, 0x30, 0x3b, 0x0a, 0x20, 0x20, 0x20, 0x20, 0x20, 0x20, 0x20, 0x20, 0x20, 0x20, 0x20, // 420;.
	0x20, 0x20, 0x20, 0x20, 0x20, 0x20, 0x20, 0x20, 0x20, 0x66, 0x6c, 0x6f, 0x61, 0x74, 0x32, 0x20, //          float2
	0x5f, 0x32, 0x37, 0x38, 0x35, 0x20, 0x3d, 0x20, 0x28, 0x66, 0x6c, 0x6f, 0x61, 0x74, 0x32, 0x28, // _2785 = (float2(
	0x66, 0x6c, 0x6f, 0x61, 0x74, 0x28, 0x5f, 0x31, 0x32, 0x36, 0x37, 0x29, 0x2c, 0x20, 0x66, 0x6c, // float(_1267), fl
	0x6f, 0x61, 0x74, 0x28, 0x5f, 0x31, 0x32, 0x37, 0x31, 0x29, 0x29, 0x20, 0x2b, 0x20, 0x66, 0x6c, // oat(_1271)) + fl
	0x6f, 0x61, 0x74, 0x32, 0x28, 0x30, 0x2e, 0x35, 0x29, 0x29, 0x20, 0x2d, 0x20, 0x5f, 0x33, 0x34, // oat2(0.5)) - _34
	0x32, 0x30, 0x3b, 0x0a, 0x20, 0x20, 0x20, 0x20, 0x20, 0x20, 0x20, 0x20, 0x20, 0x20, 0x20, 0x20, // 20;.
	0x20, 0x20, 0x20, 0x20, 0x20, 0x20, 0x20, 0x20, 0x66, 0x6c, 0x6f, 0x61, 0x74, 0x20, 0x5f, 0x32, //         float _2
	0x37, 0x38, 0x38, 0x20, 0x3d, 0x20, 0x64, 0x6f, 0x74, 0x28, 0x5f, 0x32, 0x37, 0x37, 0x36, 0x2c, // 788 = dot(_2776,
	0x20, 0x5f, 0x32, 0x37, 0x37, 0x36, 0x29, 0x3b, 0x0a, 0x20, 0x20, 0x20, 0x20, 0x20, 0x20, 0x20, //  _2776);.
	0x20, 0x20, 0x20, 0x20, 0x20, 0x20, 0x20, 0x20, 0x20, 0x20, 0x20, 0x20, 0x20, 0x66, 0x6c, 0x6f, //              flo
	0x61, 0x74, 0x20, 0x5f, 0x32, 0x37, 0x39, 0x31, 0x20, 0x3d, 0x20, 0x64, 0x6f, 0x74, 0x28, 0x5f, // at _2791 = dot(_
	0x32, 0x37, 0x38, 0x35, 0x2c, 0x20, 0x5f, 0x32, 0x37, 0x37, 0x36, 0x29, 0x3b, 0x0a, 0x20, 0x20, // 2785, _2776);.
	0x20, 0x20, 0x20, 0x20, 0x20, 0x20, 0x20, 0x20, 0x20, 0x20, 0x20, 0x20, 0x20, 0x20, 0x20, 0x20, //
	0x20, 0x20, 0x66, 0x6c, 0x6f, 0x61, 0x74, 0x20, 0x5f, 0x32, 0x38, 0x30, 0x32, 0x20, 0x3d, 0x20, //   float _2802 =
	0x66, 0x6d, 0x61, 0x28, 0x5f, 0x32, 0x37, 0x38, 0x35, 0x2e, 0x78, 0x2c, 0x20, 0x5f, 0x32, 0x37, // fma(_2785.x, _27
	0x37, 0x36, 0x2e, 0x79, 0x2c, 0x20, 0x2d, 0x28, 0x5f, 0x32, 0x37, 0x38, 0x35, 0x2e, 0x79, 0x20, // 76.y, -(_2785.y
	0x2a, 0x20, 0x5f, 0x32, 0x37, 0x37, 0x36, 0x2e, 0x78, 0x29, 0x29, 0x3b, 0x0a, 0x20, 0x20, 0x20, // * _2776.x));.
	0x20, 0x20, 0x20, 0x20, 0x20, 0x20, 0x20, 0x20, 0x20, 0x20, 0x20, 0x20, 0x20, 0x20, 0x20, 0x20, //
	0x20, 0x66, 0x6c, 0x6f, 0x61, 0x74, 0x32, 0x20, 0x5f, 0x32, 0x38, 0x30, 0x35, 0x20, 0x3d, 0x20, //  float2 _2805 =
	0x5f, 0x32, 0x37, 0x38, 0x35, 0x20, 0x2d, 0x20, 0x5f, 0x32, 0x37, 0x37, 0x36, 0x3b, 0x0a, 0x20, // _2785 - _2776;.
	0x20, 0x20, 0x20, 0x20, 0x20, 0x20, 0x20, 0x20, 0x20, 0x20, 0x20, 0x20, 0x20, 0x20, 0x20, 0x20, //
	0x20, 0x20, 0x20, 0x66, 0x6c, 0x6f, 0x61, 0x74, 0x20, 0x5f, 0x32, 0x38, 0x32, 0x33, 0x20, 0x3d, //    float _2823 =
	0x20, 0x28, 0x5f, 0x32, 0x37, 0x39, 0x31, 0x20, 0x3c, 0x3d, 0x20, 0x30, 0x2e, 0x30, 0x29, 0x20, //  (_2791 <= 0.0)
	0x3f, 0x20, 0x64, 0x6f, 0x74, 0x28, 0x5f, 0x32, 0x37, 0x38, 0x35, 0x2c, 0x20, 0x5f, 0x32, 0x37, // ? dot(_2785, _27
	0x38, 0x35, 0x29, 0x20, 0x3a, 0x20, 0x28, 0x28, 0x5f, 0x32, 0x37, 0x39, 0x31, 0x20, 0x3e, 0x3d, // 85) : ((_2791 >=
	0x20, 0x5f, 0x32, 0x37, 0x38, 0x38, 0x29, 0x20, 0x3f, 0x20, 0x64, 0x6f, 0x74, 0x28, 0x5f, 0x32, //  _2788) ? dot(_2
	0x38, 0x30, 0x35, 0x2c, 0x20, 0x5f, 0x32, 0x38, 0x30, 0x35, 0x29, 0x20, 0x3a, 0x20, 0x28, 0x28, // 805, _2805) : ((
	0x5f, 0x32, 0x38, 0x30, 0x32, 0x20, 0x2a, 0x20, 0x5f, 0x32, 0x38, 0x30, 0x32, 0x29, 0x20, 0x2f, // _2802 * _2802) /
	0x20, 0x5f, 0x32, 0x37, 0x38, 0x38, 0x29, 0x29, 0x3b, 0x0a, 0x20, 0x20, 0x20, 0x20, 0x20, 0x20, //  _2788));.
	0x20, 0x20, 0x20, 0x20, 0x20, 0x20, 0x20, 0x20, 0x20, 0x20, 0x20, 0x20, 0x20, 0x20, 0x66, 0x6c, //               fl
	0x6f, 0x61, 0x74, 0x20, 0x5f, 0x34, 0x33, 0x35, 0x36, 0x3b, 0x0a, 0x20, 0x20, 0x20, 0x20, 0x20, // oat _4356;.
	0x20, 0x20, 0x20, 0x20, 0x20, 0x20, 0x20, 0x20, 0x20, 0x20, 0x20, 0x20, 0x20, 0x20, 0x20, 0x69, //                i
	0x66, 0x20, 0x28, 0x28, 0x5f, 0x32, 0x37, 0x39, 0x31, 0x20, 0x3e, 0x20, 0x30, 0x2e, 0x30, 0x29, // f ((_2791 > 0.0)
	0x20, 0x26, 0x26, 0x20, 0x28, 0x5f, 0x32, 0x37, 0x39, 0x31, 0x20, 0x3c, 0x20, 0x5f, 0x32, 0x37, //  && (_2791 < _27
	0x38, 0x38, 0x29, 0x29, 0x0a, 0x20, 0x20, 0x20, 0x20, 0x20, 0x20, 0x20, 0x20, 0x20, 0x20, 0x20, // 88)).
	0x20, 0x20, 0x20, 0x20, 0x20, 0x20, 0x20, 0x20, 0x20, 0x7b, 0x0a, 0x20, 0x20, 0x20, 0x20, 0x20, //          {.
	0x20, 0x20, 0x20, 0x20, 0x20, 0x20, 0x20, 0x20, 0x20, 0x20, 0x20, 0x20, 0x20, 0x20, 0x20, 0x20, //
	0x20, 0x20, 0x20, 0x66, 0x6c, 0x6f, 0x61, 0x74, 0x20, 0x5f, 0x34, 0x33, 0x35, 0x37, 0x3b, 0x0a, //    float _4357;.
	0x20, 0x20, 0x20, 0x20, 0x20, 0x20, 0x20, 0x20, 0x20, 0x20, 0x20, 0x20, 0x20, 0x20, 0x20, 0x20, //
	0x20, 0x20, 0x20, 0x20, 0x20, 0x20, 0x20, 0x20, 0x69, 0x66, 0x20, 0x28, 0x5f, 0x32, 0x37, 0x37, //         if (_277
	0x36, 0x2e, 0x79, 0x20, 0x3d, 0x3d, 0x20, 0x30, 0x2e, 0x30, 0x29, 0x0a, 0x20, 0x20, 0x20, 0x20, // 6.y == 0.0).
	0x20, 0x20, 0x20, 0x20, 0x20, 0x20, 0x20, 0x20, 0x20, 0x20, 0x20, 0x20, 0x20, 0x20, 0x20, 0x20, //
	0x20, 0x20, 0x20, 0x20, 0x7b, 0x0a, 0x20, 0x20, 0x20, 0x20, 0x20, 0x20, 0x20, 0x20, 0x20, 0x20, //     {.
	0x20, 0x20, 0x20, 0x20, 0x20, 0x20, 0x20, 0x20, 0x20, 0x20, 0x20, 0x20, 0x20, 0x20, 0x20, 0x20, //
	0x20, 0x20, 0x5f, 0x34, 0x33, 0x35, 0x37, 0x20, 0x3d, 0x20, 0x5f, 0x32, 0x37, 0x38, 0x35, 0x2e, //   _4357 = _2785.
	0x79, 0x20, 0x2a, 0x20, 0x5f, 0x32, 0x37, 0x38, 0x35, 0x2e, 0x79, 0x3b, 0x0a, 0x20, 0x20, 0x20, // y * _2785.y;.
	0x20, 0x20, 0x20, 0x20, 0x20, 0x20, 0x20, 0x20, 0x20, 0x20, 0x20, 0x20, 0x20, 0x20, 0x20, 0x20, //
	0x20, 0x20, 0x20, 0x20, 0x20, 0x7d, 0x0a, 0x20, 0x20, 0x20, 0x20, 0x20, 0x20, 0x20, 0x20, 0x20, //      }.
	0x20, 0x20, 0x20, 0x20, 0x20, 0x20, 0x20, 0x20, 0x20, 0x20, 0x20, 0x20, 0x20, 0x20, 0x20, 0x65, //                e
	0x6c, 0x73, 0x65, 0x0a, 0x20, 0x20, 0x20, 0x20, 0x20, 0x20, 0x20, 0x20, 0x20, 0x20, 0x20, 0x20, // lse.
	0x20, 0x20, 0x20, 0x20, 0x20, 0x20, 0x20, 0x20, 0x20, 0x20, 0x20, 0x20, 0x7b, 0x0a, 0x20, 0x20, //             {.
	0x20, 0x20, 0x20, 0x20, 0x20, 0x20, 0x20, 0x20, 0x20, 0x20, 0x20, 0x20, 0x20, 0x20, 0x20, 0x20, //
	0x20, 0x20, 0x20, 0x20, 0x20, 0x20, 0x20, 0x20, 0x20, 0x20, 0x66, 0x6c, 0x6f, 0x61, 0x74, 0x20, //           float
	0x5f, 0x34, 0x33, 0x35, 0x38, 0x3b, 0x0a, 0x20, 0x20, 0x20, 0x20, 0x20, 0x20, 0x20, 0x20, 0x20, // _4358;.
	0x20, 0x20, 0x20, 0x20, 0x20, 0x20, 0x20, 0x20, 0x20, 0x20, 0x20, 0x20, 0x20, 0x20, 0x20, 0x20, //
	0x20, 0x20, 0x20, 0x69, 0x66, 0x20, 0x28, 0x5f, 0x32, 0x37, 0x37, 0x36, 0x2e, 0x78, 0x20, 0x3d, //    if (_2776.x =
	0x3d, 0x20, 0x30, 0x2e, 0x30, 0x29, 0x0a, 0x20, 0x20, 0x20, 0x20, 0x20, 0x20, 0x20, 0x20, 0x20, // = 0.0).
	0x20, 0x20, 0x20, 0x20, 0x20, 0x20, 0x20, 0x20, 0x20, 0x20, 0x20, 0x20, 0x20, 0x20, 0x20, 0x20, //
	0x20, 0x20, 0x20, 0x7b, 0x0a, 0x20, 0x20, 0x20, 0x20, 0x20, 0x20, 0x20, 0x20, 0x20, 0x20, 0x20, //    {.
	0x20, 0x20, 0x20, 0x20, 0x20, 0x20, 0x20, 0x20, 0x20, 0x20, 0x20, 0x20, 0x20, 0x20, 0x20, 0x20, //
	0x20, 0x20, 0x20, 0x20, 0x20, 0x5f, 0x34, 0x33, 0x35, 0x38, 0x20, 0x3d, 0x20, 0x5f, 0x32, 0x37, //      _4358 = _27
	0x38, 0x35, 0x2e, 0x78, 0x20, 0x2a, 0x20, 0x5f, 0x32, 0x37, 0x38, 0x35, 0x2e, 0x78, 0x3b, 0x0a, // 85.x * _2785.x;.
	0x20, 0x20, 0x20, 0x20, 0x20, 0x20, 0x20, 0x20, 0x20, 0x20, 0x20, 0x20, 0x20, 0x20, 0x20, 0x20, //
	0x20, 0x20, 0x20, 0x20, 0x20, 0x20, 0x20, 0x20, 0x20, 0x20, 0x20, 0x20, 0x7d, 0x0a, 0x20, 0x20, //             }.
	0x20, 0x20, 0x20, 0x20, 0x20, 0x20, 0x20, 0x20, 0x20, 0x20, 0x20, 0x20, 0x20, 0x20, 0x20, 0x20, //
	0x20, 0x20, 0x20, 0x20, 0x20, 0x20, 0x20, 0x20, 0x20, 0x20, 0x65, 0x6c, 0x73, 0x65, 0x0a, 0x20, //           else.
	0x20, 0x20, 0x20, 0x20, 0x20, 0x20, 0x20, 0x20, 0x20, 0x20, 0x20, 0x20, 0x20, 0x20, 0x20, 0x20, //
	0x20, 0x20, 0x20, 0x20, 0x20, 0x20, 0x20, 0x20, 0x20, 0x20, 0x20, 0x7b, 0x0a, 0x20, 0x20, 0x20, //            {.
	0x20, 0x20, 0x20, 0x20, 0x20, 0x20, 0x20, 0x20, 0x20, 0x20, 0x20, 0x20, 0x20, 0x20, 0x20, 0x20, //
	0x20, 0x20, 0x20, 0x20, 0x20, 0x20, 0x20, 0x20, 0x20, 0x20, 0x20, 0x20, 0x20, 0x5f, 0x34, 0x33, //              _43
	0x35, 0x38, 0x20, 0x3d, 0x20, 0x5f, 0x32, 0x38, 0x32, 0x33, 0x3b, 0x0a, 0x20, 0x20, 0x20, 0x20, // 58 = _2823;.
	0x20, 0x20, 0x20, 0x20, 0x20, 0x20, 0x20, 0x20, 0x20, 0x20, 0x20, 0x20, 0x20, 0x20, 0x20, 0x20, //
	0x20, 0x20, 0x20, 0x20, 0x20, 0x20, 0x20, 0x20, 0x7d, 0x0a, 0x20, 0x20, 0x20, 0x20, 0x20, 0x20, //         }.
	0x20, 0x20, 0x20, 0x20, 0x20, 0x20, 0x20, 0x20, 0x20, 0x20, 0x20, 0x20, 0x20, 0x20, 0x20, 0x20, //
	0x20, 0x20, 0x20, 0x20, 0x20, 0x20, 0x5f, 0x34, 0x33, 0x35, 0x37, 0x20, 0x3d, 0x20, 0x5f, 0x34, //       _4357 = _4
	0x33, 0x35, 0x38, 0x3b, 0x0a, 0x20, 0x20, 0x20, 0x20, 0x20, 0x20, 0x20, 0x20, 0x20, 0x20, 0x20, // 358;.
	0x20, 0x20, 0x20, 0x20, 0x20, 0x20, 0x20, 0x20, 0x20, 0x20, 0x20, 0x20, 0x20, 0x7d, 0x0a, 0x20, //              }.
	0x20, 0x20, 0x20, 0x20, 0x20, 0x20, 0x20, 0x20, 0x20, 0x20, 0x20, 0x20, 0x20, 0x20, 0x20, 0x20, //
	0x20, 0x20, 0x20, 0x20, 0x20, 0x20, 0x20, 0x5f, 0x34, 0x33, 0x35, 0x36, 0x20, 0x3d, 0x20, 0x5f, //        _4356 = _
	0x34, 0x33, 0x35, 0x37, 0x3b, 0x0a, 0x20, 0x20, 0x20, 0x20, 0x20, 0x20, 0x20, 0x20, 0x20, 0x20, // 4357;.
	0x20, 0x20, 0x20, 0x20, 0x20, 0x20, 0x20, 0x20, 0x20, 0x20, 0x7d, 0x0a, 0x20, 0x20, 0x20, 0x20, //           }.
	0x20, 0x20, 0x20, 0x20, 0x20, 0x20, 0x20, 0x20, 0x20, 0x20, 0x20, 0x20, 0x20, 0x20, 0x20, 0x20, //
	0x65, 0x6c, 0x73, 0x65, 0x0a, 0x20, 0x20, 0x20, 0x20, 0x20, 0x20, 0x20, 0x20, 0x20, 0x20, 0x20, // else.
	0x20, 0x20, 0x20, 0x20, 0x20, 0x20, 0x20, 0x20, 0x20, 0x7b, 0x0a, 0x20, 0x20, 0x20, 0x20, 0x20, //          {.
	0x20, 0x20, 0x20, 0x20, 0x20, 0x20, 0x20, 0x20, 0x20, 0x20, 0x20, 0x20, 0x20, 0x20, 0x20, 0x20, //
	0x20, 0x20, 0x20, 0x5f, 0x34, 0x33, 0x35, 0x36, 0x20, 0x3d, 0x20, 0x5f, 0x32, 0x38, 0x32, 0x33, //    _4356 = _2823
	0x3b, 0x0a, 0x20, 0x20, 0x20, 0x20, 0x20, 0x20, 0x20, 0x20, 0x20, 0x20, 0x20, 0x20, 0x20, 0x20, // ;.
	0x20, 0x20, 0x20, 0x20, 0x20, 0x20, 0x7d, 0x0a, 0x20, 0x20, 0x20, 0x20, 0x20, 0x20, 0x20, 0x20, //       }.
	0x20, 0x20, 0x20, 0x20, 0x20, 0x20, 0x20, 0x20, 0x20, 0x20, 0x20, 0x20, 0x75, 0x69, 0x6e, 0x74, //             uint
	0x20, 0x5f, 0x32, 0x38, 0x36, 0x35, 0x20, 0x3d, 0x20, 0x75, 0x69, 0x6e, 0x74, 0x28, 0x66, 0x6c, //  _2865 = uint(fl
	0x6f, 0x6f, 0x72, 0x28, 0x66, 0x6d, 0x61, 0x28, 0x32, 0x35, 0x35, 0x2e, 0x30, 0x2c, 0x20, 0x66, // oor(fma(255.0, f
	0x61, 0x73, 0x74, 0x3a, 0x3a, 0x63, 0x6c, 0x61, 0x6d, 0x70, 0x28, 0x66, 0x6d, 0x61, 0x28, 0x61, // ast::clamp(fma(a
	0x73, 0x5f, 0x74, 0x79, 0x70, 0x65, 0x3c, 0x66, 0x6c, 0x6f, 0x61, 0x74, 0x3e, 0x28, 0x5f, 0x33, // s_type<float>(_3
	0x34, 0x31, 0x36, 0x2e, 0x7a, 0x29, 0x2c, 0x20, 0x30, 0x2e, 0x35, 0x2c, 0x20, 0x30, 0x2e, 0x35, // 416.z), 0.5, 0.5
	0x29, 0x20, 0x2d, 0x20, 0x73, 0x71, 0x72, 0x74, 0x28, 0x5f, 0x34, 0x33, 0x35, 0x36, 0x29, 0x2c, // ) - sqrt(_4356),
	0x20, 0x30, 0x2e, 0x30, 0x2c, 0x20, 0x31, 0x2e, 0x30, 0x29, 0x2c, 0x20, 0x30, 0x2e, 0x35, 0x29, //  0.0, 1.0), 0.5)
	0x29, 0x29, 0x3b, 0x0a, 0x20, 0x20, 0x20, 0x20, 0x20, 0x20, 0x20, 0x20, 0x20, 0x20, 0x20, 0x20, // ));.
	0x20, 0x20, 0x20, 0x20, 0x20, 0x20, 0x20, 0x20, 0x69, 0x66, 0x20, 0x28, 0x5f, 0x32, 0x38, 0x36, //         if (_286
	0x35, 0x20, 0x3d, 0x3d, 0x20, 0x30, 0x75, 0x29, 0x0a, 0x20, 0x20, 0x20, 0x20, 0x20, 0x20, 0x20, // 5 == 0u).
	0x20, 0x20, 0x20, 0x20, 0x20, 0x20, 0x20, 0x20, 0x20, 0x20, 0x20, 0x20, 0x20, 0x7b, 0x0a, 0x20, //              {.
	0x20, 0x20, 0x20, 0x20, 0x20, 0x20, 0x20, 0x20, 0x20, 0x20, 0x20, 0x20, 0x20, 0x20, 0x20, 0x20, //
	0x20, 0x20, 0x20, 0x20, 0x20, 0x20, 0x20, 0x5f, 0x34, 0x34, 0x35, 0x36, 0x20, 0x3d, 0x20, 0x5f, //        _4456 = _
	0x34, 0x32, 0x38, 0x36, 0x3b, 0x0a, 0x20, 0x20, 0x20, 0x20, 0x20, 0x20, 0x20, 0x20, 0x20, 0x20, // 4286;.
	0x20, 0x20, 0x20, 0x20, 0x20, 0x20, 0x20, 0x20, 0x20, 0x20, 0x20, 0x20, 0x20, 0x20, 0x5f, 0x34, //               _4
	0x34, 0x34, 0x38, 0x20, 0x3d, 0x20, 0x5f, 0x34, 0x31, 0x36, 0x35, 0x3b, 0x0a, 0x20, 0x20, 0x20, // 448 = _4165;.
	0x20, 0x20, 0x20, 0x20, 0x20, 0x20, 0x20, 0x20, 0x20, 0x20, 0x20, 0x20, 0x20, 0x20, 0x20, 0x20, //
	0x20, 0x20, 0x20, 0x20, 0x20, 0x5f, 0x34, 0x34, 0x34, 0x34, 0x20, 0x3d, 0x20, 0x5f, 0x34, 0x31, //      _4444 = _41
	0x34, 0x33, 0x3b, 0x0a, 0x20, 0x20, 0x20, 0x20, 0x20, 0x20, 0x20, 0x20, 0x20, 0x20, 0x20, 0x20, // 43;.
	0x20, 0x20, 0x20, 0x20, 0x20, 0x20, 0x20, 0x20, 0x20, 0x20, 0x20, 0x20, 0x5f, 0x34, 0x34, 0x34, //             _444
	0x30, 0x20, 0x3d, 0x20, 0x5f, 0x34, 0x31, 0x34, 0x32, 0x3b, 0x0a, 0x20, 0x20, 0x20, 0x20, 0x20, // 0 = _4142;.
	0x20, 0x20, 0x20, 0x20, 0x20, 0x20, 0x20, 0x20, 0x20, 0x20, 0x20, 0x20, 0x20, 0x20, 0x20, 0x20, //
	0x20, 0x20, 0x20, 0x5f, 0x34, 0x34, 0x33, 0x32, 0x20, 0x3d, 0x20, 0x5f, 0x34, 0x31, 0x34, 0x31, //    _4432 = _4141
	0x3b, 0x0a, 0x20, 0x20, 0x20, 0x20, 0x20, 0x20, 0x20, 0x20, 0x20, 0x20, 0x20, 0x20, 0x20, 0x20, // ;.
	0x20, 0x20, 0x20, 0x20, 0x20, 0x20, 0x20, 0x20, 0x20, 0x20, 0x63, 0x6f, 0x6e, 0x74, 0x69, 0x6e, //           contin
	0x75, 0x65, 0x3b, 0x0a, 0x20, 0x20, 0x20, 0x20, 0x20, 0x20, 0x20, 0x20, 0x20, 0x20, 0x20, 0x20, // ue;.
	0x20, 0x20, 0x20, 0x20, 0x20, 0x20, 0x20, 0x20, 0x7d, 0x0a, 0x20, 0x20, 0x20, 0x20, 0x20, 0x20, //         }.
	0x20, 0x20, 0x20, 0x20, 0x20, 0x20, 0x20, 0x20, 0x20, 0x20, 0x20, 0x20, 0x20, 0x20, 0x5f, 0x34, //               _4
	0x33, 0x36, 0x37, 0x20, 0x3d, 0x20, 0x5f, 0x32, 0x38, 0x36, 0x35, 0x3b, 0x0a, 0x20, 0x20, 0x20, // 367 = _2865;.
	0x20, 0x20, 0x20, 0x20, 0x20, 0x20, 0x20, 0x20, 0x20, 0x20, 0x20, 0x20, 0x20, 0x7d, 0x0a, 0x20, //              }.
	0x20, 0x20, 0x20, 0x20, 0x20, 0x20, 0x20, 0x20, 0x20, 0x20, 0x20, 0x20, 0x20, 0x20, 0x20, 0x65, //                e
	0x6c, 0x73, 0x65, 0x0a, 0x20, 0x20, 0x20, 0x20, 0x20, 0x20, 0x20, 0x20, 0x20, 0x20, 0x20, 0x20, // lse.
	0x20, 0x20, 0x20, 0x20, 0x7b, 0x0a, 0x20, 0x20, 0x20, 0x20, 0x20, 0x20, 0x20, 0x20, 0x20, 0x20, //     {.
	0x20, 0x20, 0x20, 0x20, 0x20, 0x20, 0x20, 0x20, 0x20, 0x20, 0x69, 0x66, 0x20, 0x28, 0x28, 0x5f, //           if ((_
	0x31, 0x32, 0x36, 0x37, 0x20, 0x3c, 0x20, 0x5f, 0x33, 0x34, 0x31, 0x31, 0x2e, 0x78, 0x29, 0x20, // 1267 < _3411.x)
	0x7c, 0x7c, 0x20, 0x28, 0x5f, 0x31, 0x32, 0x36, 0x37, 0x20, 0x3e, 0x3d, 0x20, 0x5f, 0x33, 0x34, // || (_1267 >= _34
	0x31, 0x31, 0x2e, 0x79, 0x29, 0x29, 0x0a, 0x20, 0x20, 0x20, 0x20, 0x20, 0x20, 0x20, 0x20, 0x20, // 11.y)).
	0x20, 0x20, 0x20, 0x20, 0x20, 0x20, 0x20, 0x20, 0x20, 0x20, 0x20, 0x7b, 0x0a, 0x20, 0x20, 0x20, //            {.
	0x20, 0x20, 0x20, 0x20, 0x20, 0x20, 0x20, 0x20, 0x20, 0x20, 0x20, 0x20, 0x20, 0x20, 0x20, 0x20, //
	0x20, 0x20, 0x20, 0x20, 0x20, 0x5f, 0x34, 0x34, 0x35, 0x36, 0x20, 0x3d, 0x20, 0x5f, 0x34, 0x32, //      _4456 = _42
	0x38, 0x36, 0x3b, 0x0a, 0x20, 0x20, 0x20, 0x20, 0x20, 0x20, 0x20, 0x20, 0x20, 0x20, 0x20, 0x20, // 86;.
	0x20, 0x20, 0x20, 0x20, 0x20, 0x20, 0x20, 0x20, 0x20, 0x20, 0x20, 0x20, 0x5f, 0x34, 0x34, 0x34, //             _444
	0x38, 0x20, 0x3d, 0x20, 0x5f, 0x34, 0x31, 0x36, 0x35, 0x3b, 0x0a, 0x20, 0x20, 0x20, 0x20, 0x20, // 8 = _4165;.
	0x20, 0x20, 0x20, 0x20, 0x20, 0x20, 0x20, 0x20, 0x20, 0x20, 0x20, 0x20, 0x20, 0x20, 0x20, 0x20, //
	0x20, 0x20, 0x20, 0x5f, 0x34, 0x34, 0x34, 0x34, 0x20, 0x3d, 0x20, 0x5f, 0x34, 0x31, 0x34, 0x33, //    _4444 = _4143
	0x3b, 0x0a, 0x20, 0x20, 0x20, 0x20, 0x20, 0x20, 0x20, 0x20, 0x20, 0x20, 0x20, 0x20, 0x20, 0x20, // ;.
	0x20, 0x20, 0x20, 0x20, 0x20, 0x20, 0x20, 0x20, 0x20, 0x20, 0x5f, 0x34, 0x34, 0x34, 0x30, 0x20, //           _4440
	0x3d, 0x20, 0x5f, 0x34, 0x31, 0x34, 0x32, 0x3b, 0x0a, 0x20, 0x20, 0x20, 0x20, 0x20, 0x20, 0x20, // = _4142;.
	0x20, 0x20, 0x20, 0x20, 0x20, 0x20, 0x20, 0x20, 0x20, 0x20, 0x20, 0x20, 0x20, 0x20, 0x20, 0x20, //
	0x20, 0x5f, 0x34, 0x34, 0x33, 0x32, 0x20, 0x3d, 0x20, 0x5f, 0x34, 0x31, 0x34, 0x31, 0x3b, 0x0a, //  _4432 = _4141;.
	0x20, 0x20, 0x20, 0x20, 0x20, 0x20, 0x20, 0x20, 0x20, 0x20, 0x20, 0x20, 0x20, 0x20, 0x20, 0x20, //
	0x20, 0x20, 0x20, 0x20, 0x20, 0x20, 0x20, 0x20, 0x63, 0x6f, 0x6e, 0x74, 0x69, 0x6e, 0x75, 0x65, //         continue
	0x3b, 0x0a, 0x20, 0x20, 0x20, 0x20, 0x20, 0x20, 0x20, 0x20, 0x20, 0x20, 0x20, 0x20, 0x20, 0x20, // ;.
	0x20, 0x20, 0x20, 0x20, 0x20, 0x20, 0x7d, 0x0a, 0x20, 0x20, 0x20, 0x20, 0x20, 0x20, 0x20, 0x20, //       }.
	0x20, 0x20, 0x20, 0x20, 0x20, 0x20, 0x20, 0x20, 0x20, 0x20, 0x20, 0x20, 0x5f, 0x34, 0x33, 0x36, //             _436
	0x37, 0x20, 0x3d, 0x20, 0x28, 0x5f, 0x33, 0x34, 0x31, 0x31, 0x2e, 0x7a, 0x20, 0x3e, 0x3e, 0x20, // 7 = (_3411.z >>
	0x75, 0x69, 0x6e, 0x74, 0x28, 0x31, 0x36, 0x29, 0x29, 0x20, 0x26, 0x20, 0x32, 0x35, 0x35, 0x75, // uint(16)) & 255u
	0x3b, 0x0a, 0x20, 0x20, 0x20, 0x20, 0x20, 0x20, 0x20, 0x20, 0x20, 0x20, 0x20, 0x20, 0x20, 0x20, // ;.
	0x20, 0x20, 0x7d, 0x0a, 0x20, 0x20, 0x20, 0x20, 0x20, 0x20, 0x20, 0x20, 0x20, 0x20, 0x20, 0x20, //   }.
	0x20, 0x20, 0x20, 0x20, 0x75, 0x69, 0x6e, 0x74, 0x20, 0x5f, 0x34, 0x34, 0x33, 0x36, 0x3b, 0x0a, //     uint _4436;.
	0x20, 0x20, 0x20, 0x20, 0x20, 0x20, 0x20, 0x20, 0x20, 0x20, 0x20, 0x20, 0x20, 0x20, 0x20, 0x20, //
	0x75, 0x69, 0x6e, 0x74, 0x20, 0x5f, 0x34, 0x34, 0x34, 0x31, 0x3b, 0x0a, 0x20, 0x20, 0x20, 0x20, // uint _4441;.
	0x20, 0x20, 0x20, 0x20, 0x20, 0x20, 0x20, 0x20, 0x20, 0x20, 0x20, 0x20, 0x75, 0x69, 0x6e, 0x74, //             uint
	0x20, 0x5f, 0x34, 0x34, 0x34, 0x35, 0x3b, 0x0a, 0x20, 0x20, 0x20, 0x20, 0x20, 0x20, 0x20, 0x20, //  _4445;.
	0x20, 0x20, 0x20, 0x20, 0x20, 0x20, 0x20, 0x20, 0x75, 0x69, 0x6e, 0x74, 0x20, 0x5f, 0x34, 0x34, //         uint _44
	0x35, 0x32, 0x3b, 0x0a, 0x20, 0x20, 0x20, 0x20, 0x20, 0x20, 0x20, 0x20, 0x20, 0x20, 0x20, 0x20, // 52;.
	0x20, 0x20, 0x20, 0x20, 0x75, 0x69, 0x6e, 0x74, 0x20, 0x5f, 0x34, 0x34, 0x35, 0x37, 0x3b, 0x0a, //     uint _4457;.
	0x20, 0x20, 0x20, 0x20, 0x20, 0x20, 0x20, 0x20, 0x20, 0x20, 0x20, 0x20, 0x20, 0x20, 0x20, 0x20, //
	0x69, 0x66, 0x20, 0x28, 0x28, 0x5f, 0x33, 0x34, 0x31, 0x31, 0x2e, 0x7a, 0x20, 0x26, 0x20, 0x32, // if ((_3411.z & 2
	0x31, 0x34, 0x37, 0x34, 0x38, 0x33, 0x36, 0x34, 0x38, 0x75, 0x29, 0x20, 0x21, 0x3d, 0x20, 0x30, // 147483648u) != 0
	0x75, 0x29, 0x0a, 0x20, 0x20, 0x20, 0x20, 0x20, 0x20, 0x20, 0x20, 0x20, 0x20, 0x20, 0x20, 0x20, // u).
	0x20, 0x20, 0x20, 0x7b, 0x0a, 0x20, 0x20, 0x20, 0x20, 0x20, 0x20, 0x20, 0x20, 0x20, 0x20, 0x20, //    {.
	0x20, 0x20, 0x20, 0x20, 0x20, 0x20, 0x20, 0x20, 0x20, 0x62, 0x6f, 0x6f, 0x6c, 0x20, 0x5f, 0x32, //          bool _2
	0x39, 0x30, 0x30, 0x20, 0x3d, 0x20, 0x28, 0x5f, 0x33, 0x34, 0x31, 0x31, 0x2e, 0x77, 0x20, 0x3c, // 900 = (_3411.w <
	0x20, 0x5f, 0x34, 0x31, 0x34, 0x32, 0x29, 0x20, 0x7c, 0x7c, 0x20, 0x28, 0x28, 0x5f, 0x33, 0x34, //  _4142) || ((_34
	0x31, 0x31, 0x2e, 0x77, 0x20, 0x3d, 0x3d, 0x20, 0x5f, 0x34, 0x31, 0x34, 0x32, 0x29, 0x20, 0x26, // 11.w == _4142) &
	0x26, 0x20, 0x28, 0x5f, 0x34, 0x33, 0x36, 0x37, 0x20, 0x3e, 0x20, 0x5f, 0x34, 0x32, 0x38, 0x36, // & (_4367 > _4286
	0x29, 0x29, 0x3b, 0x0a, 0x20, 0x20, 0x20, 0x20, 0x20, 0x20, 0x20, 0x20, 0x20, 0x20, 0x20, 0x20, // ));.
	0x20, 0x20, 0x20, 0x20, 0x20, 0x20, 0x20, 0x20, 0x75, 0x69, 0x6e, 0x74, 0x20, 0x5f, 0x34, 0x34, //         uint _44
	0x33, 0x37, 0x3b, 0x0a, 0x20, 0x20, 0x20, 0x20, 0x20, 0x20, 0x20, 0x20, 0x20, 0x20, 0x20, 0x20, // 37;.
	0x20, 0x20, 0x20, 0x20, 0x20, 0x20, 0x20, 0x20, 0x75, 0x69, 0x6e, 0x74, 0x20, 0x5f, 0x34, 0x34, //         uint _44
	0x34, 0x32, 0x3b, 0x0a, 0x20, 0x20, 0x20, 0x20, 0x20, 0x20, 0x20, 0x20, 0x20, 0x20, 0x20, 0x20, // 42;.
	0x20, 0x20, 0x20, 0x20, 0x20, 0x20, 0x20, 0x20, 0x69, 0x66, 0x20, 0x28, 0x5f, 0x32, 0x39, 0x30, //         if (_290
	0x30, 0x29, 0x0a, 0x20, 0x20, 0x20, 0x20, 0x20, 0x20, 0x20, 0x20, 0x20, 0x20, 0x20, 0x20, 0x20, // 0).
	0x20, 0x20, 0x20, 0x20, 0x20, 0x20, 0x20, 0x7b, 0x0a, 0x20, 0x20, 0x20, 0x20, 0x20, 0x20, 0x20, //        {.
	0x20, 0x20, 0x20, 0x20, 0x20, 0x20, 0x20, 0x20, 0x20, 0x20, 0x20, 0x20, 0x20, 0x20, 0x20, 0x20, //
	0x20, 0x5f, 0x34, 0x34, 0x34, 0x32, 0x20, 0x3d, 0x20, 0x5f, 0x33, 0x34, 0x31, 0x31, 0x2e, 0x77, //  _4442 = _3411.w
	0x3b, 0x0a, 0x20, 0x20, 0x20, 0x20, 0x20, 0x20, 0x20, 0x20, 0x20, 0x20, 0x20, 0x20, 0x20, 0x20, // ;.
	0x20, 0x20, 0x20, 0x20, 0x20, 0x20, 0x20, 0x20, 0x20, 0x20, 0x5f, 0x34, 0x34, 0x33, 0x37, 0x20, //           _4437
	0x3d, 0x20, 0x5f, 0x33, 0x34, 0x31, 0x31, 0x2e, 0x7a, 0x20, 0x26, 0x20, 0x36, 0x35, 0x35, 0x33, // = _3411.z & 6553
	0x35, 0x75, 0x3b, 0x0a, 0x20, 0x20, 0x20, 0x20, 0x20, 0x20, 0x20, 0x20, 0x20, 0x20, 0x20, 0x20, // 5u;.
	0x20, 0x20, 0x20, 0x20, 0x20, 0x20, 0x20, 0x20, 0x7d, 0x0a, 0x20, 0x20, 0x20, 0x20, 0x20, 0x20, //         }.
	0x20, 0x20, 0x20, 0x20, 0x20, 0x20, 0x20, 0x20, 0x20, 0x20, 0x20, 0x20, 0x20, 0x20, 0x65, 0x6c, //               el
	0x73, 0x65, 0x0a, 0x20, 0x20, 0x20, 0x20, 0x20, 0x20, 0x20, 0x20, 0x20, 0x20, 0x20, 0x20, 0x20, // se.
	0x20, 0x20, 0x20, 0x20, 0x20, 0x20, 0x20, 0x7b, 0x0a, 0x20, 0x20, 0x20, 0x20, 0x20, 0x20, 0x20, //        {.
	0x20, 0x20, 0x20, 0x20, 0x20, 0x20, 0x20, 0x20, 0x20, 0x20, 0x20, 0x20, 0x20, 0x20, 0x20, 0x20, //
	0x20, 0x5f, 0x34, 0x34, 0x34, 0x32, 0x20, 0x3d, 0x20, 0x5f, 0x34, 0x31, 0x34, 0x32, 0x3b, 0x0a, //  _4442 = _4142;.
	0x20, 0x20, 0x20, 0x20, 0x20, 0x20, 0x20, 0x20, 0x20, 0x20, 0x20, 0x20, 0x20, 0x20, 0x20, 0x20, //
	0x20, 0x20, 0x20, 0x20, 0x20, 0x20, 0x20, 0x20, 0x5f, 0x34, 0x34, 0x33, 0x37, 0x20, 0x3d, 0x20, //         _4437 =
	0x5f, 0x34, 0x31, 0x34, 0x31, 0x3b, 0x0a, 0x20, 0x20, 0x20, 0x20, 0x20, 0x20, 0x20, 0x20, 0x20, // _4141;.
	0x20, 0x20, 0x20, 0x20, 0x20, 0x20, 0x20, 0x20, 0x20, 0x20, 0x20, 0x7d, 0x0a, 0x20, 0x20, 0x20, //            }.
	0x20, 0x20, 0x20, 0x20, 0x20, 0x20, 0x20, 0x20, 0x20, 0x20, 0x20, 0x20, 0x20, 0x20, 0x20, 0x20, //
	0x20, 0x5f, 0x34, 0x34, 0x35, 0x37, 0x20, 0x3d, 0x20, 0x5f, 0x32, 0x39, 0x30, 0x30, 0x20, 0x3f, //  _4457 = _2900 ?
	0x20, 0x5f, 0x34, 0x33, 0x36, 0x37, 0x20, 0x3a, 0x20, 0x5f, 0x34, 0x32, 0x38, 0x36, 0x3b, 0x0a, //  _4367 : _4286;.
	0x20, 0x20, 0x20, 0x20, 0x20, 0x20, 0x20, 0x20, 0x20, 0x20, 0x20, 0x20, 0x20, 0x20, 0x20, 0x20, //
	0x20, 0x20, 0x20, 0x20, 0x5f, 0x34, 0x34, 0x35, 0x32, 0x20, 0x3d, 0x20, 0x5f, 0x34, 0x31, 0x36, //     _4452 = _416
	0x35, 0x3b, 0x0a, 0x20, 0x20, 0x20, 0x20, 0x20, 0x20, 0x20, 0x20, 0x20, 0x20, 0x20, 0x20, 0x20, // 5;.
	0x20, 0x20, 0x20, 0x20, 0x20, 0x20, 0x20, 0x5f, 0x34, 0x34, 0x34, 0x35, 0x20, 0x3d, 0x20, 0x5f, //        _4445 = _
	0x34, 0x31, 0x34, 0x33, 0x3b, 0x0a, 0x20, 0x20, 0x20, 0x20, 0x20, 0x20, 0x20, 0x20, 0x20, 0x20, // 4143;.
	0x20, 0x20, 0x20, 0x20, 0x20, 0x20, 0x20, 0x20, 0x20, 0x20, 0x5f, 0x34, 0x34, 0x34, 0x31, 0x20, //           _4441
	0x3d, 0x20, 0x5f, 0x34, 0x34, 0x34, 0x32, 0x3b, 0x0a, 0x20, 0x20, 0x20, 0x20, 0x20, 0x20, 0x20, // = _4442;.
	0x20, 0x20, 0x20, 0x20, 0x20, 0x20, 0x20, 0x20, 0x20, 0x20, 0x20, 0x20, 0x20, 0x5f, 0x34, 0x34, //              _44
	0x33, 0x36, 0x20, 0x3d, 0x20, 0x5f, 0x34, 0x34, 0x33, 0x37, 0x3b, 0x0a, 0x20, 0x20, 0x20, 0x20, // 36 = _4437;.
	0x20, 0x20, 0x20, 0x20, 0x20, 0x20, 0x20, 0x20, 0x20, 0x20, 0x20, 0x20, 0x7d, 0x0a, 0x20, 0x20, //             }.
	0x20, 0x20, 0x20, 0x20, 0x20, 0x20, 0x20, 0x20, 0x20, 0x20, 0x20, 0x20, 0x20, 0x20, 0x65, 0x6c, //               el
	0x73, 0x65, 0x0a, 0x20, 0x20, 0x20, 0x20, 0x20, 0x20, 0x20, 0x20, 0x20, 0x20, 0x20, 0x20, 0x20, // se.
	0x20, 0x20, 0x20, 0x7b, 0x0a, 0x20, 0x20, 0x20, 0x20, 0x20, 0x20, 0x20, 0x20, 0x20, 0x20, 0x20, //    {.
	0x20, 0x20, 0x20, 0x20, 0x20, 0x20, 0x20, 0x20, 0x20, 0x75, 0x69, 0x6e, 0x74, 0x20, 0x5f, 0x34, //          uint _4
	0x34, 0x34, 0x37, 0x3b, 0x0a, 0x20, 0x20, 0x20, 0x20, 0x20, 0x20, 0x20, 0x20, 0x20, 0x20, 0x20, // 447;.
	0x20, 0x20, 0x20, 0x20, 0x20, 0x20, 0x20, 0x20, 0x20, 0x75, 0x69, 0x6e, 0x74, 0x20, 0x5f, 0x34, //          uint _4
	0x34, 0x35, 0x35, 0x3b, 0x0a, 0x20, 0x20, 0x20, 0x20, 0x20, 0x20, 0x20, 0x20, 0x20, 0x20, 0x20, // 455;.
	0x20, 0x20, 0x20, 0x20, 0x20, 0x20, 0x20, 0x20, 0x20, 0x69, 0x66, 0x20, 0x28, 0x5f, 0x33, 0x34, //          if (_34
	0x31, 0x31, 0x2e, 0x77, 0x20, 0x3c, 0x20, 0x5f, 0x34, 0x31, 0x34, 0x33, 0x29, 0x0a, 0x20, 0x20, // 11.w < _4143).
	0x20, 0x20, 0x20, 0x20, 0x20, 0x20, 0x20, 0x20, 0x20, 0x20, 0x20, 0x20, 0x20, 0x20, 0x20, 0x20, //
	0x20, 0x20, 0x7b, 0x0a, 0x20, 0x20, 0x20, 0x20, 0x20, 0x20, 0x20, 0x20, 0x20, 0x20, 0x20, 0x20, //   {.
	0x20, 0x20, 0x20, 0x20, 0x20, 0x20, 0x20, 0x20, 0x20, 0x20, 0x20, 0x20, 0x5f, 0x34, 0x34, 0x35, //             _445
	0x35, 0x20, 0x3d, 0x20, 0x5f, 0x33, 0x34, 0x31, 0x31, 0x2e, 0x7a, 0x3b, 0x0a, 0x20, 0x20, 0x20, // 5 = _3411.z;.
	0x20, 0x20, 0x20, 0x20, 0x20, 0x20, 0x20, 0x20, 0x20, 0x20, 0x20, 0x20, 0x20, 0x20, 0x20, 0x20, //
	0x20, 0x20, 0x20, 0x20, 0x20, 0x5f, 0x34, 0x34, 0x34, 0x37, 0x20, 0x3d, 0x20, 0x5f, 0x33, 0x34, //      _4447 = _34
	0x31, 0x31, 0x2e, 0x77, 0x3b, 0x0a, 0x20, 0x20, 0x20, 0x20, 0x20, 0x20, 0x20, 0x20, 0x20, 0x20, // 11.w;.
	0x20, 0x20, 0x20, 0x20, 0x20, 0x20, 0x20, 0x20, 0x20, 0x20, 0x7d, 0x0a, 0x20, 0x20, 0x20, 0x20, //           }.
	0x20, 0x20, 0x20, 0x20, 0x20, 0x20, 0x20, 0x20, 0x20, 0x20, 0x20, 0x20, 0x20, 0x20, 0x20, 0x20, //
	0x65, 0x6c, 0x73, 0x65, 0x0a, 0x20, 0x20, 0x20, 0x20, 0x20, 0x20, 0x20, 0x20, 0x20, 0x20, 0x20, // else.
	0x20, 0x20, 0x20, 0x20, 0x20, 0x20, 0x20, 0x20, 0x20, 0x7b, 0x0a, 0x20, 0x20, 0x20, 0x20, 0x20, //          {.
	0x20, 0x20, 0x20, 0x20, 0x20, 0x20, 0x20, 0x20, 0x20, 0x20, 0x20, 0x20, 0x20, 0x20, 0x20, 0x20, //
	0x20, 0x20, 0x20, 0x5f, 0x34, 0x34, 0x35, 0x35, 0x20, 0x3d, 0x20, 0x5f, 0x34, 0x31, 0x36, 0x35, //    _4455 = _4165
	0x3b, 0x0a, 0x20, 0x20, 0x20, 0x20, 0x20, 0x20, 0x20, 0x20, 0x20, 0x20, 0x20, 0x20, 0x20, 0x20, // ;.
	0x20, 0x20, 0x20, 0x20, 0x20, 0x20, 0x20, 0x20, 0x20, 0x20, 0x5f, 0x34, 0x34, 0x34, 0x37, 0x20, //           _4447
	0x3d, 0x20, 0x5f, 0x34, 0x31, 0x34, 0x33, 0x3b, 0x0a, 0x20, 0x20, 0x20, 0x20, 0x20, 0x20, 0x20, // = _4143;.
	0x20, 0x20, 0x20, 0x20, 0x20, 0x20, 0x20, 0x20, 0x20, 0x20, 0x20, 0x20, 0x20, 0x7d, 0x0a, 0x20, //              }.
	0x20, 0x20, 0x20, 0x20, 0x20, 0x20, 0x20, 0x20, 0x20, 0x20, 0x20, 0x20, 0x20, 0x20, 0x20, 0x20, //
	0x20, 0x20, 0x20, 0x5f, 0x34, 0x34, 0x35, 0x37, 0x20, 0x3d, 0x20, 0x5f, 0x34, 0x32, 0x38, 0x36, //    _4457 = _4286
	0x3b, 0x0a, 0x20, 0x20, 0x20, 0x20, 0x20, 0x20, 0x20, 0x20, 0x20, 0x20, 0x20, 0x20, 0x20, 0x20, // ;.
	0x20, 0x20, 0x20, 0x20, 0x20, 0x20, 0x5f, 0x34, 0x34, 0x35, 0x32, 0x20, 0x3d, 0x20, 0x5f, 0x34, //       _4452 = _4
	0x34, 0x35, 0x35, 0x3b, 0x0a, 0x20, 0x20, 0x20, 0x20, 0x20, 0x20, 0x20, 0x20, 0x20, 0x20, 0x20, // 455;.
	0x20, 0x20, 0x20, 0x20, 0x20, 0x20, 0x20, 0x20, 0x20, 0x5f, 0x34, 0x34, 0x34, 0x35, 0x20, 0x3d, //          _4445 =
	0x20, 0x5f, 0x34, 0x34, 0x34, 0x37, 0x3b, 0x0a, 0x20, 0x20, 0x20, 0x20, 0x20, 0x20, 0x20, 0x20, //  _4447;.
	0x20, 0x20, 0x20, 0x20, 0x20, 0x20, 0x20, 0x20, 0x20, 0x20, 0x20, 0x20, 0x5f, 0x34, 0x34, 0x34, //             _444
	0x31, 0x20, 0x3d, 0x20, 0x5f, 0x34, 0x31, 0x34, 0x32, 0x3b, 0x0a, 0x20, 0x20, 0x20, 0x20, 0x20, // 1 = _4142;.
	0x20, 0x20, 0x20, 0x20, 0x20, 0x20, 0x20, 0x20, 0x20, 0x20, 0x20, 0x20, 0x20, 0x20, 0x20, 0x5f, //                _
	0x34, 0x34, 0x33, 0x36, 0x20, 0x3d, 0x20, 0x5f, 0x34, 0x31, 0x34, 0x31, 0x3b, 0x0a, 0x20, 0x20, // 4436 = _4141;.
	0x20, 0x20, 0x20, 0x20, 0x20, 0x20, 0x20, 0x20, 0x20, 0x20, 0x20, 0x20, 0x20, 0x20, 0x7d, 0x0a, //               }.
	0x20, 0x20, 0x20, 0x20, 0x20, 0x20, 0x20, 0x20, 0x20, 0x20, 0x20, 0x20, 0x20, 0x20, 0x20, 0x20, //
	0x5f, 0x34, 0x34, 0x35, 0x36, 0x20, 0x3d, 0x20, 0x5f, 0x34, 0x34, 0x35, 0x37, 0x3b, 0x0a, 0x20, // _4456 = _4457;.
	0x20, 0x20, 0x20, 0x20, 0x20, 0x20, 0x20, 0x20, 0x20, 0x20, 0x20, 0x20, 0x20, 0x20, 0x20, 0x5f, //                _
	0x34, 0x34, 0x34, 0x38, 0x20, 0x3d, 0x20, 0x5f, 0x34, 0x34, 0x35, 0x32, 0x3b, 0x0a, 0x20, 0x20, // 4448 = _4452;.
	0x20, 0x20, 0x20, 0x20, 0x20, 0x20, 0x20, 0x20, 0x20, 0x20, 0x20, 0x20, 0x20, 0x20, 0x5f, 0x34, //               _4
	0x34, 0x34, 0x34, 0x20, 0x3d, 0x20, 0x5f, 0x34, 0x34, 0x34, 0x35, 0x3b, 0x0a, 0x20, 0x20, 0x20, // 444 = _4445;.
	0x20, 0x20, 0x20, 0x20, 0x20, 0x20, 0x20, 0x20, 0x20, 0x20, 0x20, 0x20, 0x20, 0x5f, 0x34, 0x34, //              _44
	0x34, 0x30, 0x20, 0x3d, 0x20, 0x5f, 0x34, 0x34, 0x34, 0x31, 0x3b, 0x0a, 0x20, 0x20, 0x20, 0x20, // 40 = _4441;.
	0x20, 0x20, 0x20, 0x20, 0x20, 0x20, 0x20, 0x20, 0x20, 0x20, 0x20, 0x20, 0x5f, 0x34, 0x34, 0x33, //             _443
	0x32, 0x20, 0x3d, 0x20, 0x5f, 0x34, 0x34, 0x33, 0x36, 0x3b, 0x0a, 0x20, 0x20, 0x20, 0x20, 0x20, // 2 = _4436;.
	0x20, 0x20, 0x20, 0x20, 0x20, 0x20, 0x20, 0x7d, 0x0a, 0x20, 0x20, 0x20, 0x20, 0x20, 0x20, 0x20, //        }.
	0x20, 0x20, 0x20, 0x20, 0x20, 0x62, 0x6f, 0x6f, 0x6c, 0x20, 0x5f, 0x32, 0x39, 0x33, 0x35, 0x20, //      bool _2935
	0x3d, 0x20, 0x28, 0x28, 0x70, 0x61, 0x6c, 0x65, 0x74, 0x74, 0x65, 0x2e, 0x72, 0x65, 0x61, 0x64, // = ((palette.read
	0x28, 0x75, 0x69, 0x6e, 0x74, 0x32, 0x28, 0x69, 0x6e, 0x74, 0x32, 0x28, 0x32, 0x33, 0x2c, 0x20, // (uint2(int2(23,
	0x31, 0x34, 0x34, 0x29, 0x29, 0x2c, 0x20, 0x30, 0x29, 0x2e, 0x78, 0x20, 0x21, 0x3d, 0x20, 0x30, // 144)), 0).x != 0
	0x75, 0x29, 0x20, 0x26, 0x26, 0x20, 0x28, 0x5f, 0x34, 0x31, 0x34, 0x31, 0x20, 0x21, 0x3d, 0x20, // u) && (_4141 !=
	0x30, 0x75, 0x29, 0x29, 0x20, 0x26, 0x26, 0x20, 0x28, 0x5f, 0x34, 0x31, 0x34, 0x32, 0x20, 0x3e, // 0u)) && (_4142 >
	0x20, 0x5f, 0x34, 0x31, 0x34, 0x33, 0x29, 0x3b, 0x0a, 0x20, 0x20, 0x20, 0x20, 0x20, 0x20, 0x20, //  _4143);.
	0x20, 0x20, 0x20, 0x20, 0x20, 0x75, 0x69, 0x6e, 0x74, 0x20, 0x5f, 0x34, 0x34, 0x38, 0x30, 0x20, //      uint _4480
	0x3d, 0x20, 0x28, 0x28, 0x5f, 0x34, 0x31, 0x34, 0x32, 0x20, 0x3c, 0x3d, 0x20, 0x5f, 0x34, 0x31, // = ((_4142 <= _41
	0x34, 0x33, 0x29, 0x20, 0x7c, 0x7c, 0x20, 0x5f, 0x32, 0x39, 0x33, 0x35, 0x29, 0x20, 0x3f, 0x20, // 43) || _2935) ?
	0x5f, 0x34, 0x31, 0x34, 0x31, 0x20, 0x3a, 0x20, 0x5f, 0x34, 0x31, 0x36, 0x35, 0x3b, 0x0a, 0x20, // _4141 : _4165;.
	0x20, 0x20, 0x20, 0x20, 0x20, 0x20, 0x20, 0x20, 0x20, 0x20, 0x20, 0x75, 0x69, 0x6e, 0x74, 0x20, //            uint
	0x5f, 0x32, 0x39, 0x34, 0x36, 0x20, 0x3d, 0x20, 0x28, 0x5f, 0x31, 0x32, 0x37, 0x31, 0x20, 0x2a, // _2946 = (_1271 *
	0x20, 0x34, 0x38, 0x30, 0x75, 0x29, 0x20, 0x2f, 0x20, 0x31, 0x30, 0x38, 0x30, 0x75, 0x3b, 0x0a, //  480u) / 1080u;.
	0x20, 0x20, 0x20, 0x20, 0x20, 0x20, 0x20, 0x20, 0x20, 0x20, 0x20, 0x20, 0x75, 0x69, 0x6e, 0x74, //             uint
	0x20, 0x5f, 0x32, 0x39, 0x35, 0x37, 0x20, 0x3d, 0x20, 0x75, 0x69, 0x6e, 0x74, 0x28, 0x63, 0x6c, //  _2957 = uint(cl
	0x61, 0x6d, 0x70, 0x28, 0x28, 0x28, 0x69, 0x6e, 0x74, 0x28, 0x5f, 0x31, 0x32, 0x36, 0x37, 0x29, // amp(((int(_1267)
	0x20, 0x2d, 0x20, 0x69, 0x6e, 0x74, 0x28, 0x70, 0x61, 0x6c, 0x65, 0x74, 0x74, 0x65, 0x2e, 0x72, //  - int(palette.r
	0x65, 0x61, 0x64, 0x28, 0x75, 0x69, 0x6e, 0x74, 0x32, 0x28, 0x69, 0x6e, 0x74, 0x32, 0x28, 0x31, // ead(uint2(int2(1
	0x38, 0x2c, 0x20, 0x31, 0x34, 0x34, 0x29, 0x29, 0x2c, 0x20, 0x30, 0x29, 0x2e, 0x78, 0x29, 0x29, // 8, 144)), 0).x))
	0x20, 0x2a, 0x20, 0x34, 0x39, 0x36, 0x29, 0x20, 0x2f, 0x20, 0x31, 0x34, 0x34, 0x30, 0x2c, 0x20, //  * 496) / 1440,
	0x30, 0x2c, 0x20, 0x69, 0x6e, 0x74, 0x28, 0x70, 0x61, 0x6c, 0x65, 0x74, 0x74, 0x65, 0x2e, 0x72, // 0, int(palette.r
	0x65, 0x61, 0x64, 0x28, 0x75, 0x69, 0x6e, 0x74, 0x32, 0x28, 0x69, 0x6e, 0x74, 0x32, 0x28, 0x31, // ead(uint2(int2(1
	0x39, 0x2c, 0x20, 0x31, 0x34, 0x34, 0x29, 0x29, 0x2c, 0x20, 0x30, 0x29, 0x2e, 0x78, 0x29, 0x20, // 9, 144)), 0).x)
	0x2d, 0x20, 0x31, 0x29, 0x29, 0x3b, 0x0a, 0x20, 0x20, 0x20, 0x20, 0x20, 0x20, 0x20, 0x20, 0x20, // - 1));.
	0x20, 0x20, 0x20, 0x75, 0x69, 0x6e, 0x74, 0x20, 0x5f, 0x32, 0x39, 0x37, 0x32, 0x20, 0x3d, 0x20, //    uint _2972 =
	0x28, 0x77, 0x69, 0x64, 0x65, 0x53, 0x70, 0x72, 0x69, 0x74, 0x65, 0x73, 0x2e, 0x72, 0x65, 0x61, // (wideSprites.rea
	0x64, 0x28, 0x75, 0x69, 0x6e, 0x74, 0x32, 0x28, 0x69, 0x6e, 0x74, 0x32, 0x28, 0x69, 0x6e, 0x74, // d(uint2(int2(int
	0x28, 0x5f, 0x32, 0x39, 0x35, 0x37, 0x20, 0x2f, 0x20, 0x32, 0x75, 0x29, 0x2c, 0x20, 0x69, 0x6e, // (_2957 / 2u), in
	0x74, 0x28, 0x5f, 0x32, 0x39, 0x34, 0x36, 0x29, 0x29, 0x29, 0x2c, 0x20, 0x30, 0x29, 0x2e, 0x78, // t(_2946))), 0).x
	0x20, 0x3e, 0x3e, 0x20, 0x28, 0x28, 0x5f, 0x32, 0x39, 0x35, 0x37, 0x20, 0x26, 0x20, 0x31, 0x75, //  >> ((_2957 & 1u
	0x29, 0x20, 0x2a, 0x20, 0x31, 0x36, 0x75, 0x29, 0x29, 0x20, 0x26, 0x20, 0x36, 0x35, 0x35, 0x33, // ) * 16u)) & 6553
	0x35, 0x75, 0x3b, 0x0a, 0x20, 0x20, 0x20, 0x20, 0x20, 0x20, 0x20, 0x20, 0x20, 0x20, 0x20, 0x20, // 5u;.
	0x75, 0x69, 0x6e, 0x74, 0x20, 0x5f, 0x32, 0x39, 0x37, 0x35, 0x20, 0x3d, 0x20, 0x28, 0x5f, 0x33, // uint _2975 = (_3
	0x33, 0x32, 0x38, 0x20, 0x2d, 0x20, 0x31, 0x34, 0x34, 0x30, 0x75, 0x29, 0x20, 0x2f, 0x20, 0x32, // 328 - 1440u) / 2
	0x75, 0x3b, 0x0a, 0x20, 0x20, 0x20, 0x20, 0x20, 0x20, 0x20, 0x20, 0x20, 0x20, 0x20, 0x20, 0x75, // u;.            u
	0x69, 0x6e, 0x74, 0x34, 0x20, 0x5f, 0x33, 0x34, 0x34, 0x37, 0x20, 0x3d, 0x20, 0x73, 0x70, 0x72, // int4 _3447 = spr
	0x69, 0x74, 0x65, 0x73, 0x2e, 0x72, 0x65, 0x61, 0x64, 0x28, 0x75, 0x69, 0x6e, 0x74, 0x32, 0x28, // ites.read(uint2(
	0x69, 0x6e, 0x74, 0x32, 0x28, 0x69, 0x6e, 0x74, 0x28, 0x28, 0x5f, 0x31, 0x32, 0x36, 0x37, 0x20, // int2(int((_1267
	0x3c, 0x20, 0x5f, 0x32, 0x39, 0x37, 0x35, 0x29, 0x20, 0x3f, 0x20, 0x30, 0x75, 0x20, 0x3a, 0x20, // < _2975) ? 0u :
	0x28, 0x28, 0x5f, 0x31, 0x32, 0x36, 0x37, 0x20, 0x3e, 0x3d, 0x20, 0x28, 0x5f, 0x32, 0x39, 0x37, // ((_1267 >= (_297
	0x35, 0x20, 0x2b, 0x20, 0x31, 0x34, 0x34, 0x30, 0x75, 0x29, 0x29, 0x20, 0x3f, 0x20, 0x34, 0x39, // 5 + 1440u)) ? 49
	0x35, 0x75, 0x20, 0x3a, 0x20, 0x28, 0x28, 0x28, 0x5f, 0x31, 0x32, 0x36, 0x37, 0x20, 0x2d, 0x20, // 5u : (((_1267 -
	0x5f, 0x32, 0x39, 0x37, 0x35, 0x29, 0x20, 0x2a, 0x20, 0x34, 0x39, 0x36, 0x75, 0x29, 0x20, 0x2f, // _2975) * 496u) /
	0x20, 0x31, 0x34, 0x34, 0x30, 0x75, 0x29, 0x29, 0x29, 0x2c, 0x20, 0x69, 0x6e, 0x74, 0x28, 0x5f, //  1440u))), int(_
	0x32, 0x39, 0x34, 0x36, 0x29, 0x29, 0x29, 0x2c, 0x20, 0x30, 0x29, 0x3b, 0x0a, 0x20, 0x20, 0x20, // 2946))), 0);.
	0x20, 0x20, 0x20, 0x20, 0x20, 0x20, 0x20, 0x20, 0x20, 0x75, 0x69, 0x6e, 0x74, 0x20, 0x5f, 0x33, //          uint _3
	0x34, 0x34, 0x38, 0x20, 0x3d, 0x20, 0x5f, 0x33, 0x34, 0x34, 0x37, 0x2e, 0x78, 0x3b, 0x0a, 0x20, // 448 = _3447.x;.
	0x20, 0x20, 0x20, 0x20, 0x20, 0x20, 0x20, 0x20, 0x20, 0x20, 0x20, 0x75, 0x69, 0x6e, 0x74, 0x20, //            uint
	0x5f, 0x33, 0x30, 0x30, 0x37, 0x20, 0x3d, 0x20, 0x5f, 0x33, 0x34, 0x34, 0x38, 0x20, 0x26, 0x20, // _3007 = _3448 &
	0x36, 0x35, 0x35, 0x33, 0x35, 0x75, 0x3b, 0x0a, 0x20, 0x20, 0x20, 0x20, 0x20, 0x20, 0x20, 0x20, // 65535u;.
	0x20, 0x20, 0x20, 0x20, 0x75, 0x69, 0x6e, 0x74, 0x20, 0x5f, 0x33, 0x30, 0x30, 0x39, 0x20, 0x3d, //     uint _3009 =
	0x20, 0x5f, 0x33, 0x34, 0x34, 0x38, 0x20, 0x3e, 0x3e, 0x20, 0x75, 0x69, 0x6e, 0x74, 0x28, 0x31, //  _3448 >> uint(1
	0x36, 0x29, 0x3b, 0x0a, 0x20, 0x20, 0x20, 0x20, 0x20, 0x20, 0x20, 0x20, 0x20, 0x20, 0x20, 0x20, // 6);.
	0x75, 0x69, 0x6e, 0x74, 0x20, 0x5f, 0x34, 0x31, 0x34, 0x38, 0x3b, 0x0a, 0x20, 0x20, 0x20, 0x20, // uint _4148;.
	0x20, 0x20, 0x20, 0x20, 0x20, 0x20, 0x20, 0x20, 0x69, 0x66, 0x20, 0x28, 0x5f, 0x34, 0x31, 0x34, //         if (_414
	0x33, 0x20, 0x3d, 0x3d, 0x20, 0x33, 0x32, 0x37, 0x36, 0x38, 0x75, 0x29, 0x0a, 0x20, 0x20, 0x20, // 3 == 32768u).
	0x20, 0x20, 0x20, 0x20, 0x20, 0x20, 0x20, 0x20, 0x20, 0x7b, 0x0a, 0x20, 0x20, 0x20, 0x20, 0x20, //          {.
	0x20, 0x20, 0x20, 0x20, 0x20, 0x20, 0x20, 0x20, 0x20, 0x20, 0x20, 0x75, 0x69, 0x6e, 0x74, 0x20, //            uint
	0x5f, 0x34, 0x31, 0x34, 0x35, 0x3b, 0x0a, 0x20, 0x20, 0x20, 0x20, 0x20, 0x20, 0x20, 0x20, 0x20, // _4145;.
	0x20, 0x20, 0x20, 0x20, 0x20, 0x20, 0x20, 0x64, 0x6f, 0x0a, 0x20, 0x20, 0x20, 0x20, 0x20, 0x20, //        do.
	0x20, 0x20, 0x20, 0x20, 0x20, 0x20, 0x20, 0x20, 0x20, 0x20, 0x7b, 0x0a, 0x20, 0x20, 0x20, 0x20, //           {.
	0x20, 0x20, 0x20, 0x20, 0x20, 0x20, 0x20, 0x20, 0x20, 0x20, 0x20, 0x20, 0x20, 0x20, 0x20, 0x20, //
	0x69, 0x66, 0x20, 0x28, 0x28, 0x5f, 0x32, 0x39, 0x37, 0x32, 0x20, 0x3d, 0x3d, 0x20, 0x36, 0x35, // if ((_2972 == 65
	0x35, 0x33, 0x35, 0x75, 0x29, 0x20, 0x7c, 0x7c, 0x20, 0x28, 0x28, 0x28, 0x5f, 0x32, 0x39, 0x37, // 535u) || (((_297
	0x32, 0x20, 0x3e, 0x3e, 0x20, 0x75, 0x69, 0x6e, 0x74, 0x28, 0x31, 0x32, 0x29, 0x29, 0x20, 0x26, // 2 >> uint(12)) &
	0x20, 0x33, 0x75, 0x29, 0x20, 0x21, 0x3d, 0x20, 0x32, 0x75, 0x29, 0x29, 0x0a, 0x20, 0x20, 0x20, //  3u) != 2u)).
	0x20, 0x20, 0x20, 0x20, 0x20, 0x20, 0x20, 0x20, 0x20, 0x20, 0x20, 0x20, 0x20, 0x20, 0x20, 0x20, //
	0x20, 0x7b, 0x0a, 0x20, 0x20, 0x20, 0x20, 0x20, 0x20, 0x20, 0x20, 0x20, 0x20, 0x20, 0x20, 0x20, //  {.
	0x20, 0x20, 0x20, 0x20, 0x20, 0x20, 0x20, 0x20, 0x20, 0x20, 0x20, 0x5f, 0x34, 0x31, 0x34, 0x35, //            _4145
	0x20, 0x3d, 0x20, 0x32, 0x35, 0x35, 0x75, 0x3b, 0x0a, 0x20, 0x20, 0x20, 0x20, 0x20, 0x20, 0x20, //  = 255u;.
	0x20, 0x20, 0x20, 0x20, 0x20, 0x20, 0x20, 0x20, 0x20, 0x20, 0x20, 0x20, 0x20, 0x20, 0x20, 0x20, //
	0x20, 0x62, 0x72, 0x65, 0x61, 0x6b, 0x3b, 0x0a, 0x20, 0x20, 0x20, 0x20, 0x20, 0x20, 0x20, 0x20, //  break;.
	0x20, 0x20, 0x20, 0x20, 0x20, 0x20, 0x20, 0x20, 0x20, 0x20, 0x20, 0x20, 0x7d, 0x0a, 0x20, 0x20, //             }.
	0x20, 0x20, 0x20, 0x20, 0x20, 0x20, 0x20, 0x20, 0x20, 0x20, 0x20, 0x20, 0x20, 0x20, 0x20, 0x20, //
	0x20, 0x20, 0x75, 0x69, 0x6e, 0x74, 0x20, 0x5f, 0x33, 0x34, 0x36, 0x38, 0x20, 0x3d, 0x20, 0x28, //   uint _3468 = (
	0x5f, 0x32, 0x39, 0x37, 0x32, 0x20, 0x26, 0x20, 0x34, 0x30, 0x39, 0x35, 0x75, 0x29, 0x20, 0x5e, // _2972 & 4095u) ^
	0x20, 0x33, 0x38, 0x34, 0x30, 0x75, 0x3b, 0x0a, 0x20, 0x20, 0x20, 0x20, 0x20, 0x20, 0x20, 0x20, //  3840u;.
	0x20, 0x20, 0x20, 0x20, 0x20, 0x20, 0x20, 0x20, 0x20, 0x20, 0x20, 0x20, 0x75, 0x69, 0x6e, 0x74, //             uint
	0x20, 0x5f, 0x34, 0x31, 0x34, 0x36, 0x3b, 0x0a, 0x20, 0x20, 0x20, 0x20, 0x20, 0x20, 0x20, 0x20, //  _4146;.
	0x20, 0x20, 0x20, 0x20, 0x20, 0x20, 0x20, 0x20, 0x20, 0x20, 0x20, 0x20, 0x69, 0x66, 0x20, 0x28, //             if (
	0x28, 0x5f, 0x33, 0x34, 0x36, 0x38, 0x20, 0x26, 0x20, 0x32, 0x35, 0x35, 0x75, 0x29, 0x20, 0x3d, // (_3468 & 255u) =
	0x3d, 0x20, 0x32, 0x35, 0x35, 0x75, 0x29, 0x0a, 0x20, 0x20, 0x20, 0x20, 0x20, 0x20, 0x20, 0x20, // = 255u).
	0x20, 0x20, 0x20, 0x20, 0x20, 0x20, 0x20, 0x20, 0x20, 0x20, 0x20, 0x20, 0x7b, 0x0a, 0x20, 0x20, //             {.
	0x20, 0x20, 0x20, 0x20, 0x20, 0x20, 0x20, 0x20, 0x20, 0x20, 0x20, 0x20, 0x20, 0x20, 0x20, 0x20, //
	0x20, 0x20, 0x20, 0x20, 0x20, 0x20, 0x5f, 0x34, 0x31, 0x34, 0x36, 0x20, 0x3d, 0x20, 0x5f, 0x33, //       _4146 = _3
	0x34, 0x36, 0x38, 0x3b, 0x0a, 0x20, 0x20, 0x20, 0x20, 0x20, 0x20, 0x20, 0x20, 0x20, 0x20, 0x20, // 468;.
	0x20, 0x20, 0x20, 0x20, 0x20, 0x20, 0x20, 0x20, 0x20, 0x7d, 0x0a, 0x20, 0x20, 0x20, 0x20, 0x20, //          }.
	0x20, 0x20, 0x20, 0x20, 0x20, 0x20, 0x20, 0x20, 0x20, 0x20, 0x20, 0x20, 0x20, 0x20, 0x20, 0x65, //                e
	0x6c, 0x73, 0x65, 0x0a, 0x20, 0x20, 0x20, 0x20, 0x20, 0x20, 0x20, 0x20, 0x20, 0x20, 0x20, 0x20, // lse.
	0x20, 0x20, 0x20, 0x20, 0x20, 0x20, 0x20, 0x20, 0x7b, 0x0a, 0x20, 0x20, 0x20, 0x20, 0x20, 0x20, //         {.
	0x20, 0x20, 0x20, 0x20, 0x20, 0x20, 0x20, 0x20, 0x20, 0x20, 0x20, 0x20, 0x20, 0x20, 0x20, 0x20, //
	0x20, 0x20, 0x75, 0x69, 0x6e, 0x74, 0x20, 0x5f, 0x34, 0x31, 0x34, 0x37, 0x3b, 0x0a, 0x20, 0x20, //   uint _4147;.
	0x20, 0x20, 0x20, 0x20, 0x20, 0x20, 0x20, 0x20, 0x20, 0x20, 0x20, 0x20, 0x20, 0x20, 0x20, 0x20, //
	0x20, 0x20, 0x20, 0x20, 0x20, 0x20, 0x69, 0x66, 0x20, 0x28, 0x28, 0x5f, 0x33, 0x34, 0x36, 0x38, //       if ((_3468
	0x20, 0x26, 0x20, 0x32, 0x35, 0x35, 0x75, 0x29, 0x20, 0x3c, 0x20, 0x32, 0x75, 0x29, 0x0a, 0x20, //  & 255u) < 2u).
	0x20, 0x20, 0x20, 0x20, 0x20, 0x20, 0x20, 0x20, 0x20, 0x20, 0x20, 0x20, 0x20, 0x20, 0x20, 0x20, //
	0x20, 0x20, 0x20, 0x20, 0x20, 0x20, 0x20, 0x7b, 0x0a, 0x20, 0x20, 0x20, 0x20, 0x20, 0x20, 0x20, //        {.
	0x20, 0x20, 0x20, 0x20, 0x20, 0x20, 0x20, 0x20, 0x20, 0x20, 0x20, 0x20, 0x20, 0x20, 0x20, 0x20, //
	0x20, 0x20, 0x20, 0x20, 0x20, 0x5f, 0x34, 0x31, 0x34, 0x37, 0x20, 0x3d, 0x20, 0x5f, 0x33, 0x34, //      _4147 = _34
	0x36, 0x38, 0x3b, 0x0a, 0x20, 0x20, 0x20, 0x20, 0x20, 0x20, 0x20, 0x20, 0x20, 0x20, 0x20, 0x20, // 68;.
	0x20, 0x20, 0x20, 0x20, 0x20, 0x20, 0x20, 0x20, 0x20, 0x20, 0x20, 0x20, 0x7d, 0x0a, 0x20, 0x20, //             }.
	0x20, 0x20, 0x20, 0x20, 0x20, 0x20, 0x20, 0x20, 0x20, 0x20, 0x20, 0x20, 0x20, 0x20, 0x20, 0x20, //
	0x20, 0x20, 0x20, 0x20, 0x20, 0x20, 0x65, 0x6c, 0x73, 0x65, 0x0a, 0x20, 0x20, 0x20, 0x20, 0x20, //       else.
	0x20, 0x20, 0x20, 0x20, 0x20, 0x20, 0x20, 0x20, 0x20, 0x20, 0x20, 0x20, 0x20, 0x20, 0x20, 0x20, //
	0x20, 0x20, 0x20, 0x7b, 0x0a, 0x20, 0x20, 0x20, 0x20, 0x20, 0x20, 0x20, 0x20, 0x20, 0x20, 0x20, //    {.
	0x20, 0x20, 0x20, 0x20, 0x20, 0x20, 0x20, 0x20, 0x20, 0x20, 0x20, 0x20, 0x20, 0x20, 0x20, 0x20, //
	0x20, 0x5f, 0x34, 0x31, 0x34, 0x37, 0x20, 0x3d, 0x20, 0x34, 0x30, 0x39, 0x36, 0x75, 0x20, 0x7c, //  _4147 = 4096u |
	0x20, 0x5f, 0x33, 0x34, 0x36, 0x38, 0x3b, 0x0a, 0x20, 0x20, 0x20, 0x20, 0x20, 0x20, 0x20, 0x20, //  _3468;.
	0x20, 0x20, 0x20, 0x20, 0x20, 0x20, 0x20, 0x20, 0x20, 0x20, 0x20, 0x20, 0x20, 0x20, 0x20, 0x20, //
	0x7d, 0x0a, 0x20, 0x20, 0x20, 0x20, 0x20, 0x20, 0x20, 0x20, 0x20, 0x20, 0x20, 0x20, 0x20, 0x20, // }.
	0x20, 0x20, 0x20, 0x20, 0x20, 0x20, 0x20, 0x20, 0x20, 0x20, 0x5f, 0x34, 0x31, 0x34, 0x36, 0x20, //           _4146
	0x3d, 0x20, 0x5f, 0x34, 0x31, 0x34, 0x37, 0x3b, 0x0a, 0x20, 0x20, 0x20, 0x20, 0x20, 0x20, 0x20, // = _4147;.
	0x20, 0x20, 0x20, 0x20, 0x20, 0x20, 0x20, 0x20, 0x20, 0x20, 0x20, 0x20, 0x20, 0x7d, 0x0a, 0x20, //              }.
	0x20, 0x20, 0x20, 0x20, 0x20, 0x20, 0x20, 0x20, 0x20, 0x20, 0x20, 0x20, 0x20, 0x20, 0x20, 0x20, //
	0x20, 0x20, 0x20, 0x5f, 0x34, 0x31, 0x34, 0x35, 0x20, 0x3d, 0x20, 0x5f, 0x34, 0x31, 0x34, 0x36, //    _4145 = _4146
	0x3b, 0x0a, 0x20, 0x20, 0x20, 0x20, 0x20, 0x20, 0x20, 0x20, 0x20, 0x20, 0x20, 0x20, 0x20, 0x20, // ;.
	0x20, 0x20, 0x20, 0x20, 0x20, 0x20, 0x62, 0x72, 0x65, 0x61, 0x6b, 0x3b, 0x0a, 0x20, 0x20, 0x20, //       break;.
	0x20, 0x20, 0x20, 0x20, 0x20, 0x20, 0x20, 0x20, 0x20, 0x20, 0x20, 0x20, 0x20, 0x7d, 0x20, 0x77, //              } w
	0x68, 0x69, 0x6c, 0x65, 0x28, 0x66, 0x61, 0x6c, 0x73, 0x65, 0x29, 0x3b, 0x0a, 0x20, 0x20, 0x20, // hile(false);.
	0x20, 0x20, 0x20, 0x20, 0x20, 0x20, 0x20, 0x20, 0x20, 0x20, 0x20, 0x20, 0x20, 0x5f, 0x34, 0x31, //              _41
	0x34, 0x38, 0x20, 0x3d, 0x20, 0x5f, 0x34, 0x31, 0x34, 0x35, 0x3b, 0x0a, 0x20, 0x20, 0x20, 0x20, // 48 = _4145;.
	0x20, 0x20, 0x20, 0x20, 0x20, 0x20, 0x20, 0x20, 0x7d, 0x0a, 0x20, 0x20, 0x20, 0x20, 0x20, 0x20, //         }.
	0x20, 0x20, 0x20, 0x20, 0x20, 0x20, 0x65, 0x6c, 0x73, 0x65, 0x0a, 0x20, 0x20, 0x20, 0x20, 0x20, //       else.
	0x20, 0x20, 0x20, 0x20, 0x20, 0x20, 0x20, 0x7b, 0x0a, 0x20, 0x20, 0x20, 0x20, 0x20, 0x20, 0x20, //        {.
	0x20, 0x20, 0x20, 0x20, 0x20, 0x20, 0x20, 0x20, 0x20, 0x5f, 0x34, 0x31, 0x34, 0x38, 0x20, 0x3d, //          _4148 =
	0x20, 0x32, 0x35, 0x35, 0x75, 0x3b, 0x0a, 0x20, 0x20, 0x20, 0x20, 0x20, 0x20, 0x20, 0x20, 0x20, //  255u;.
	0x20, 0x20, 0x20, 0x7d, 0x0a, 0x20, 0x20, 0x20, 0x20, 0x20, 0x20, 0x20, 0x20, 0x20, 0x20, 0x20, //    }.
	0x20, 0x62, 0x6f, 0x6f, 0x6c, 0x20, 0x5f, 0x33, 0x30, 0x32, 0x36, 0x20, 0x3d, 0x20, 0x28, 0x28, //  bool _3026 = ((
	0x5f, 0x34, 0x31, 0x34, 0x32, 0x20, 0x3c, 0x3d, 0x20, 0x5f, 0x34, 0x31, 0x34, 0x33, 0x29, 0x20, // _4142 <= _4143)
	0x7c, 0x7c, 0x20, 0x5f, 0x32, 0x39, 0x33, 0x35, 0x29, 0x20, 0x26, 0x26, 0x20, 0x28, 0x5f, 0x34, // || _2935) && (_4
	0x31, 0x34, 0x31, 0x20, 0x21, 0x3d, 0x20, 0x30, 0x75, 0x29, 0x3b, 0x0a, 0x20, 0x20, 0x20, 0x20, // 141 != 0u);.
	0x20, 0x20, 0x20, 0x20, 0x20, 0x20, 0x20, 0x20, 0x75, 0x69, 0x6e, 0x74, 0x20, 0x5f, 0x34, 0x34, //         uint _44
	0x38, 0x31, 0x20, 0x3d, 0x20, 0x28, 0x5f, 0x34, 0x34, 0x38, 0x30, 0x20, 0x21, 0x3d, 0x20, 0x30, // 81 = (_4480 != 0
	0x75, 0x29, 0x20, 0x3f, 0x20, 0x5f, 0x34, 0x34, 0x38, 0x30, 0x20, 0x3a, 0x20, 0x5f, 0x34, 0x31, // u) ? _4480 : _41
	0x34, 0x38, 0x3b, 0x0a, 0x20, 0x20, 0x20, 0x20, 0x20, 0x20, 0x20, 0x20, 0x20, 0x20, 0x20, 0x20, // 48;.
	0x62, 0x6f, 0x6f, 0x6c, 0x20, 0x5f, 0x34, 0x31, 0x37, 0x30, 0x3b, 0x0a, 0x20, 0x20, 0x20, 0x20, // bool _4170;.
	0x20, 0x20, 0x20, 0x20, 0x20, 0x20, 0x20, 0x20, 0x75, 0x69, 0x6e, 0x74, 0x20, 0x5f, 0x34, 0x31, //         uint _41
	0x37, 0x31, 0x3b, 0x0a, 0x20, 0x20, 0x20, 0x20, 0x20, 0x20, 0x20, 0x20, 0x20, 0x20, 0x20, 0x20, // 71;.
	0x64, 0x6f, 0x0a, 0x20, 0x20, 0x20, 0x20, 0x20, 0x20, 0x20, 0x20, 0x20, 0x20, 0x20, 0x20, 0x7b, // do.            {
	0x0a, 0x20, 0x20, 0x20, 0x20, 0x20, 0x20, 0x20, 0x20, 0x20, 0x20, 0x20, 0x20, 0x20, 0x20, 0x20, // .
	0x20, 0x69, 0x66, 0x20, 0x28, 0x28, 0x5f, 0x32, 0x39, 0x37, 0x32, 0x20, 0x3d, 0x3d, 0x20, 0x36, //  if ((_2972 == 6
	0x35, 0x35, 0x33, 0x35, 0x75, 0x29, 0x20, 0x7c, 0x7c, 0x20, 0x28, 0x28, 0x28, 0x5f, 0x32, 0x39, // 5535u) || (((_29
	0x37, 0x32, 0x20, 0x3e, 0x3e, 0x20, 0x75, 0x69, 0x6e, 0x74, 0x28, 0x31, 0x32, 0x29, 0x29, 0x20, // 72 >> uint(12))
	0x26, 0x20, 0x33, 0x75, 0x29, 0x20, 0x21, 0x3d, 0x20, 0x30, 0x75, 0x29, 0x29, 0x0a, 0x20, 0x20, // & 3u) != 0u)).
	0x20, 0x20, 0x20, 0x20, 0x20, 0x20, 0x20, 0x20, 0x20, 0x20, 0x20, 0x20, 0x20, 0x20, 0x7b, 0x0a, //               {.
	0x20, 0x20, 0x20, 0x20, 0x20, 0x20, 0x20, 0x20, 0x20, 0x20, 0x20, 0x20, 0x20, 0x20, 0x20, 0x20, //
	0x20, 0x20, 0x20, 0x20, 0x5f, 0x34, 0x31, 0x37, 0x31, 0x20, 0x3d, 0x20, 0x5f, 0x34, 0x34, 0x38, //     _4171 = _448
	0x31, 0x3b, 0x0a, 0x20, 0x20, 0x20, 0x20, 0x20, 0x20, 0x20, 0x20, 0x20, 0x20, 0x20, 0x20, 0x20, // 1;.
	0x20, 0x20, 0x20, 0x20, 0x20, 0x20, 0x20, 0x5f, 0x34, 0x31, 0x37, 0x30, 0x20, 0x3d, 0x20, 0x66, //        _4170 = f
	0x61, 0x6c, 0x73, 0x65, 0x3b, 0x0a, 0x20, 0x20, 0x20, 0x20, 0x20, 0x20, 0x20, 0x20, 0x20, 0x20, // alse;.
	0x20, 0x20, 0x20, 0x20, 0x20, 0x20, 0x20, 0x20, 0x20, 0x20, 0x62, 0x72, 0x65, 0x61, 0x6b, 0x3b, //           break;
	0x0a, 0x20, 0x20, 0x20, 0x20, 0x20, 0x20, 0x20, 0x20, 0x20, 0x20, 0x20, 0x20, 0x20, 0x20, 0x20, // .
	0x20, 0x7d, 0x0a, 0x20, 0x20, 0x20, 0x20, 0x20, 0x20, 0x20, 0x20, 0x20, 0x20, 0x20, 0x20, 0x20, //  }.
	0x20, 0x20, 0x20, 0x75, 0x69, 0x6e, 0x74, 0x20, 0x5f, 0x33, 0x35, 0x32, 0x30, 0x20, 0x3d, 0x20, //    uint _3520 =
	0x28, 0x5f, 0x32, 0x39, 0x37, 0x32, 0x20, 0x26, 0x20, 0x34, 0x30, 0x39, 0x35, 0x75, 0x29, 0x20, // (_2972 & 4095u)
	0x5e, 0x20, 0x33, 0x38, 0x34, 0x30, 0x75, 0x3b, 0x0a, 0x20, 0x20, 0x20, 0x20, 0x20, 0x20, 0x20, // ^ 3840u;.
	0x20, 0x20, 0x20, 0x20, 0x20, 0x20, 0x20, 0x20, 0x20, 0x75, 0x69, 0x6e, 0x74, 0x20, 0x5f, 0x34, //          uint _4
	0x31, 0x37, 0x32, 0x3b, 0x0a, 0x20, 0x20, 0x20, 0x20, 0x20, 0x20, 0x20, 0x20, 0x20, 0x20, 0x20, // 172;.
	0x20, 0x20, 0x20, 0x20, 0x20, 0x69, 0x66, 0x20, 0x28, 0x28, 0x5f, 0x33, 0x35, 0x32, 0x30, 0x20, //      if ((_3520
	0x26, 0x20, 0x32, 0x35, 0x35, 0x75, 0x29, 0x20, 0x3d, 0x3d, 0x20, 0x32, 0x35, 0x35, 0x75, 0x29, // & 255u) == 255u)
	0x0a, 0x20, 0x20, 0x20, 0x20, 0x20, 0x20, 0x20, 0x20, 0x20, 0x20, 0x20, 0x20, 0x20, 0x20, 0x20, // .
	0x20, 0x7b, 0x0a, 0x20, 0x20, 0x20, 0x20, 0x20, 0x20, 0x20, 0x20, 0x20, 0x20, 0x20, 0x20, 0x20, //  {.
	0x20, 0x20, 0x20, 0x20, 0x20, 0x20, 0x20, 0x69, 0x66, 0x20, 0x28, 0x5f, 0x34, 0x34, 0x38, 0x31, //        if (_4481
	0x20, 0x21, 0x3d, 0x20, 0x32, 0x35, 0x35, 0x75, 0x29, 0x0a, 0x20, 0x20, 0x20, 0x20, 0x20, 0x20, //  != 255u).
	0x20, 0x20, 0x20, 0x20, 0x20, 0x20, 0x20, 0x20, 0x20, 0x20, 0x20, 0x20, 0x20, 0x20, 0x7b, 0x0a, //               {.
	0x20, 0x20, 0x20, 0x20, 0x20, 0x20, 0x20, 0x20, 0x20, 0x20, 0x20, 0x20, 0x20, 0x20, 0x20, 0x20, //
	0x20, 0x20, 0x20, 0x20, 0x20, 0x20, 0x20, 0x20, 0x5f, 0x34, 0x31, 0x37, 0x31, 0x20, 0x3d, 0x20, //         _4171 =
	0x5f, 0x34, 0x34, 0x38, 0x31, 0x3b, 0x0a, 0x20, 0x20, 0x20, 0x20, 0x20, 0x20, 0x20, 0x20, 0x20, // _4481;.
	0x20, 0x20, 0x20, 0x20, 0x20, 0x20, 0x20, 0x20, 0x20, 0x20, 0x20, 0x20, 0x20, 0x20, 0x20, 0x5f, //                _
	0x34, 0x31, 0x37, 0x30, 0x20, 0x3d, 0x20, 0x66, 0x61, 0x6c, 0x73, 0x65, 0x3b, 0x0a, 0x20, 0x20, // 4170 = false;.
	0x20, 0x20, 0x20, 0x20, 0x20, 0x20, 0x20, 0x20, 0x20, 0x20, 0x20, 0x20, 0x20, 0x20, 0x20, 0x20, //
	0x20, 0x20, 0x20, 0x20, 0x20, 0x20, 0x62, 0x72, 0x65, 0x61, 0x6b, 0x3b, 0x0a, 0x20, 0x20, 0x20, //       break;.
	0x20, 0x20, 0x20, 0x20, 0x20, 0x20, 0x20, 0x20, 0x20, 0x20, 0x20, 0x20, 0x20, 0x20, 0x20, 0x20, //
	0x20, 0x7d, 0x0a, 0x20, 0x20, 0x20, 0x20, 0x20, 0x20, 0x20, 0x20, 0x20, 0x20, 0x20, 0x20, 0x20, //  }.
	0x20, 0x20, 0x20, 0x20, 0x20, 0x20, 0x20, 0x5f, 0x34, 0x31, 0x37, 0x32, 0x20, 0x3d, 0x20, 0x5f, //        _4172 = _
	0x33, 0x35, 0x32, 0x30, 0x3b, 0x0a, 0x20, 0x20, 0x20, 0x20, 0x20, 0x20, 0x20, 0x20, 0x20, 0x20, // 3520;.
	0x20, 0x20, 0x20, 0x20, 0x20, 0x20, 0x7d, 0x0a, 0x20, 0x20, 0x20, 0x20, 0x20, 0x20, 0x20, 0x20, //       }.
	0x20, 0x20, 0x20, 0x20, 0x20, 0x20, 0x20, 0x20, 0x65, 0x6c, 0x73, 0x65, 0x0a, 0x20, 0x20, 0x20, //         else.
	0x20, 0x20, 0x20, 0x20, 0x20, 0x20, 0x20, 0x20, 0x20, 0x20, 0x20, 0x20, 0x20, 0x7b, 0x0a, 0x20, //              {.
	0x20, 0x20, 0x20, 0x20, 0x20, 0x20, 0x20, 0x20, 0x20, 0x20, 0x20, 0x20, 0x20, 0x20, 0x20, 0x20, //
	0x20, 0x20, 0x20, 0x75, 0x69, 0x6e, 0x74, 0x20, 0x5f, 0x34, 0x31, 0x37, 0x33, 0x3b, 0x0a, 0x20, //    uint _4173;.
	0x20, 0x20, 0x20, 0x20, 0x20, 0x20, 0x20, 0x20, 0x20, 0x20, 0x20, 0x20, 0x20, 0x20, 0x20, 0x20, //
	0x20, 0x20, 0x20, 0x69, 0x66, 0x20, 0x28, 0x28, 0x5f, 0x33, 0x35, 0x32, 0x30, 0x20, 0x26, 0x20, //    if ((_3520 &
	0x32, 0x35, 0x35, 0x75, 0x29, 0x20, 0x3c, 0x20, 0x32, 0x75, 0x29, 0x0a, 0x20, 0x20, 0x20, 0x20, // 255u) < 2u).
	0x20, 0x20, 0x20, 0x20, 0x20, 0x20, 0x20, 0x20, 0x20, 0x20, 0x20, 0x20, 0x20, 0x20, 0x20, 0x20, //
	0x7b, 0x0a, 0x20, 0x20, 0x20, 0x20, 0x20, 0x20, 0x20, 0x20, 0x20, 0x20, 0x20, 0x20, 0x20, 0x20, // {.
	0x20, 0x20, 0x20, 0x20, 0x20, 0x20, 0x20, 0x20, 0x20, 0x20, 0x5f, 0x34, 0x31, 0x37, 0x33, 0x20, //           _4173
	0x3d, 0x20, 0x28, 0x5f, 0x34, 0x34, 0x38, 0x31, 0x20, 0x21, 0x3d, 0x20, 0x32, 0x35, 0x35, 0x75, // = (_4481 != 255u
	0x29, 0x20, 0x3f, 0x20, 0x28, 0x75, 0x69, 0x6e, 0x74, 0x28, 0x28, 0x28, 0x5f, 0x33, 0x35, 0x32, // ) ? (uint(((_352
	0x30, 0x20, 0x26, 0x20, 0x31, 0x75, 0x29, 0x20, 0x21, 0x3d, 0x20, 0x30, 0x75, 0x29, 0x20, 0x3f, // 0 & 1u) != 0u) ?
	0x20, 0x32, 0x34, 0x35, 0x37, 0x36, 0x20, 0x3a, 0x20, 0x31, 0x36, 0x33, 0x38, 0x34, 0x29, 0x20, //  24576 : 16384)
	0x7c, 0x20, 0x28, 0x5f, 0x34, 0x34, 0x38, 0x31, 0x20, 0x26, 0x20, 0x38, 0x31, 0x39, 0x31, 0x75, // | (_4481 & 8191u
	0x29, 0x29, 0x20, 0x3a, 0x20, 0x5f, 0x33, 0x35, 0x32, 0x30, 0x3b, 0x0a, 0x20, 0x20, 0x20, 0x20, // )) : _3520;.
	0x20, 0x20, 0x20, 0x20, 0x20, 0x20, 0x20, 0x20, 0x20, 0x20, 0x20, 0x20, 0x20, 0x20, 0x20, 0x20, //
	0x7d, 0x0a, 0x20, 0x20, 0x20, 0x20, 0x20, 0x20, 0x20, 0x20, 0x20, 0x20, 0x20, 0x20, 0x20, 0x20, // }.
	0x20, 0x20, 0x20, 0x20, 0x20, 0x20, 0x65, 0x6c, 0x73, 0x65, 0x0a, 0x20, 0x20, 0x20, 0x20, 0x20, //       else.
	0x20, 0x20, 0x20, 0x20, 0x20, 0x20, 0x20, 0x20, 0x20, 0x20, 0x20, 0x20, 0x20, 0x20, 0x20, 0x7b, //                {
	0x0a, 0x20, 0x20, 0x20, 0x20, 0x20, 0x20, 0x20, 0x20, 0x20, 0x20, 0x20, 0x20, 0x20, 0x20, 0x20, // .
	0x20, 0x20, 0x20, 0x20, 0x20, 0x20, 0x20, 0x20, 0x20, 0x5f, 0x34, 0x31, 0x37, 0x33, 0x20, 0x3d, //          _4173 =
	0x20, 0x34, 0x30, 0x39, 0x36, 0x75, 0x20, 0x7c, 0x20, 0x5f, 0x33, 0x35, 0x32, 0x30, 0x3b, 0x0a, //  4096u | _3520;.
	0x20, 0x20, 0x20, 0x20, 0x20, 0x20, 0x20, 0x20, 0x20, 0x20, 0x20, 0x20, 0x20, 0x20, 0x20, 0x20, //
	0x20, 0x20, 0x20, 0x20, 0x7d, 0x0a, 0x20, 0x20, 0x20, 0x20, 0x20, 0x20, 0x20, 0x20, 0x20, 0x20, //     }.
	0x20, 0x20, 0x20, 0x20, 0x20, 0x20, 0x20, 0x20, 0x20, 0x20, 0x5f, 0x34, 0x31, 0x37, 0x32, 0x20, //           _4172
	0x3d, 0x20, 0x5f, 0x34, 0x31, 0x37, 0x33, 0x3b, 0x0a, 0x20, 0x20, 0x20, 0x20, 0x20, 0x20, 0x20, // = _4173;.
	0x20, 0x20, 0x20, 0x20, 0x20, 0x20, 0x20, 0x20, 0x20, 0x7d, 0x0a, 0x20, 0x20, 0x20, 0x20, 0x20, //          }.
	0x20, 0x20, 0x20, 0x20, 0x20, 0x20, 0x20, 0x20, 0x20, 0x20, 0x20, 0x5f, 0x34, 0x31, 0x37, 0x31, //            _4171
	0x20, 0x3d, 0x20, 0x5f, 0x34, 0x31, 0x37, 0x32, 0x3b, 0x0a, 0x20, 0x20, 0x20, 0x20, 0x20, 0x20, //  = _4172;.
	0x20, 0x20, 0x20, 0x20, 0x20, 0x20, 0x20, 0x20, 0x20, 0x20, 0x5f, 0x34, 0x31, 0x37, 0x30, 0x20, //           _4170
	0x3d, 0x20, 0x74, 0x72, 0x75, 0x65, 0x3b, 0x0a, 0x20, 0x20, 0x20, 0x20, 0x20, 0x20, 0x20, 0x20, // = true;.
	0x20, 0x20, 0x20, 0x20, 0x20, 0x20, 0x20, 0x20, 0x62, 0x72, 0x65, 0x61, 0x6b, 0x3b, 0x0a, 0x20, //         break;.
	0x20, 0x20, 0x20, 0x20, 0x20, 0x20, 0x20, 0x20, 0x20, 0x20, 0x20, 0x7d, 0x20, 0x77, 0x68, 0x69, //            } whi
	0x6c, 0x65, 0x28, 0x66, 0x61, 0x6c, 0x73, 0x65, 0x29, 0x3b, 0x0a, 0x20, 0x20, 0x20, 0x20, 0x20, // le(false);.
	0x20, 0x20, 0x20, 0x20, 0x20, 0x20, 0x20, 0x75, 0x69, 0x6e, 0x74, 0x20, 0x5f, 0x34, 0x31, 0x39, //        uint _419
	0x35, 0x3b, 0x0a, 0x20, 0x20, 0x20, 0x20, 0x20, 0x20, 0x20, 0x20, 0x20, 0x20, 0x20, 0x20, 0x62, // 5;.            b
	0x6f, 0x6f, 0x6c, 0x20, 0x5f, 0x34, 0x32, 0x35, 0x30, 0x3b, 0x0a, 0x20, 0x20, 0x20, 0x20, 0x20, // ool _4250;.
	0x20, 0x20, 0x20, 0x20, 0x20, 0x20, 0x20, 0x69, 0x66, 0x20, 0x28, 0x5f, 0x34, 0x31, 0x37, 0x30, //        if (_4170
	0x29, 0x0a, 0x20, 0x20, 0x20, 0x20, 0x20, 0x20, 0x20, 0x20, 0x20, 0x20, 0x20, 0x20, 0x7b, 0x0a, // ).            {.
	0x20, 0x20, 0x20, 0x20, 0x20, 0x20, 0x20, 0x20, 0x20, 0x20, 0x20, 0x20, 0x20, 0x20, 0x20, 0x20, //
	0x62, 0x6f, 0x6f, 0x6c, 0x20, 0x5f, 0x33, 0x30, 0x36, 0x30, 0x20, 0x3d, 0x20, 0x28, 0x28, 0x28, // bool _3060 = (((
	0x5f, 0x33, 0x33, 0x32, 0x31, 0x20, 0x26, 0x20, 0x31, 0x75, 0x29, 0x20, 0x3d, 0x3d, 0x20, 0x30, // _3321 & 1u) == 0
	0x75, 0x29, 0x20, 0x7c, 0x7c, 0x20, 0x28, 0x28, 0x28, 0x5f, 0x34, 0x31, 0x37, 0x31, 0x20, 0x26, // u) || (((_4171 &
	0x20, 0x32, 0x30, 0x34, 0x38, 0x30, 0x75, 0x29, 0x20, 0x21, 0x3d, 0x20, 0x30, 0x75, 0x29, 0x20, //  20480u) != 0u)
	0x26, 0x26, 0x20, 0x28, 0x70, 0x61, 0x6c, 0x65, 0x74, 0x74, 0x65, 0x2e, 0x72, 0x65, 0x61, 0x64, // && (palette.read
	0x28, 0x75, 0x69, 0x6e, 0x74, 0x32, 0x28, 0x69, 0x6e, 0x74, 0x32, 0x28, 0x69, 0x6e, 0x74, 0x28, // (uint2(int2(int(
	0x31, 0x75, 0x20, 0x2b, 0x20, 0x28, 0x28, 0x5f, 0x34, 0x31, 0x37, 0x31, 0x20, 0x3e, 0x3e, 0x20, // 1u + ((_4171 >>
	0x75, 0x69, 0x6e, 0x74, 0x28, 0x38, 0x29, 0x29, 0x20, 0x26, 0x20, 0x31, 0x35, 0x75, 0x29, 0x29, // uint(8)) & 15u))
	0x2c, 0x20, 0x31, 0x34, 0x34, 0x29, 0x29, 0x2c, 0x20, 0x30, 0x29, 0x2e, 0x78, 0x20, 0x3c, 0x3d, // , 144)), 0).x <=
	0x20, 0x5f, 0x34, 0x31, 0x34, 0x33, 0x29, 0x29, 0x29, 0x20, 0x7c, 0x7c, 0x20, 0x28, 0x5f, 0x34, //  _4143))) || (_4
	0x31, 0x37, 0x31, 0x20, 0x3c, 0x20, 0x34, 0x30, 0x39, 0x36, 0x75, 0x29, 0x3b, 0x0a, 0x20, 0x20, // 171 < 4096u);.
	0x20, 0x20, 0x20, 0x20, 0x20, 0x20, 0x20, 0x20, 0x20, 0x20, 0x20, 0x20, 0x20, 0x20, 0x5f, 0x34, //               _4
	0x32, 0x35, 0x30, 0x20, 0x3d, 0x20, 0x5f, 0x33, 0x30, 0x36, 0x30, 0x20, 0x3f, 0x20, 0x66, 0x61, // 250 = _3060 ? fa
	0x6c, 0x73, 0x65, 0x20, 0x3a, 0x20, 0x5f, 0x33, 0x30, 0x32, 0x36, 0x3b, 0x0a, 0x20, 0x20, 0x20, // lse : _3026;.
	0x20, 0x20, 0x20, 0x20, 0x20, 0x20, 0x20, 0x20, 0x20, 0x20, 0x20, 0x20, 0x20, 0x5f, 0x34, 0x31, //              _41
	0x39, 0x35, 0x20, 0x3d, 0x20, 0x5f, 0x33, 0x30, 0x36, 0x30, 0x20, 0x3f, 0x20, 0x5f, 0x34, 0x31, // 95 = _3060 ? _41
	0x37, 0x31, 0x20, 0x3a, 0x20, 0x5f, 0x34, 0x34, 0x38, 0x31, 0x3b, 0x0a, 0x20, 0x20, 0x20, 0x20, // 71 : _4481;.
	0x20, 0x20, 0x20, 0x20, 0x20, 0x20, 0x20, 0x20, 0x7d, 0x0a, 0x20, 0x20, 0x20, 0x20, 0x20, 0x20, //         }.
	0x20, 0x20, 0x20, 0x20, 0x20, 0x20, 0x65, 0x6c, 0x73, 0x65, 0x0a, 0x20, 0x20, 0x20, 0x20, 0x20, //       else.
	0x20, 0x20, 0x20, 0x20, 0x20, 0x20, 0x20, 0x7b, 0x0a, 0x20, 0x20, 0x20, 0x20, 0x20, 0x20, 0x20, //        {.
	0x20, 0x20, 0x20, 0x20, 0x20, 0x20, 0x20, 0x20, 0x20, 0x5f, 0x34, 0x32, 0x35, 0x30, 0x20, 0x3d, //          _4250 =
	0x20, 0x5f, 0x33, 0x30, 0x32, 0x36, 0x3b, 0x0a, 0x20, 0x20, 0x20, 0x20, 0x20, 0x20, 0x20, 0x20, //  _3026;.
	0x20, 0x20, 0x20, 0x20, 0x20, 0x20, 0x20, 0x20, 0x5f, 0x34, 0x31, 0x39, 0x35, 0x20, 0x3d, 0x20, //         _4195 =
	0x5f, 0x34, 0x34, 0x38, 0x31, 0x3b, 0x0a, 0x20, 0x20, 0x20, 0x20, 0x20, 0x20, 0x20, 0x20, 0x20, // _4481;.
	0x20, 0x20, 0x20, 0x7d, 0x0a, 0x20, 0x20, 0x20, 0x20, 0x20, 0x20, 0x20, 0x20, 0x20, 0x20, 0x20, //    }.
	0x20, 0x62, 0x6f, 0x6f, 0x6c, 0x20, 0x5f, 0x34, 0x31, 0x38, 0x34, 0x3b, 0x0a, 0x20, 0x20, 0x20, //  bool _4184;.
	0x20, 0x20, 0x20, 0x20, 0x20, 0x20, 0x20, 0x20, 0x20, 0x75, 0x69, 0x6e, 0x74, 0x20, 0x5f, 0x34, //          uint _4
	0x31, 0x38, 0x35, 0x3b, 0x0a, 0x20, 0x20, 0x20, 0x20, 0x20, 0x20, 0x20, 0x20, 0x20, 0x20, 0x20, // 185;.
	0x20, 0x64, 0x6f, 0x0a, 0x20, 0x20, 0x20, 0x20, 0x20, 0x20, 0x20, 0x20, 0x20, 0x20, 0x20, 0x20, //  do.
	0x7b, 0x0a, 0x20, 0x20, 0x20, 0x20, 0x20, 0x20, 0x20, 0x20, 0x20, 0x20, 0x20, 0x20, 0x20, 0x20, // {.
	0x20, 0x20, 0x69, 0x66, 0x20, 0x28, 0x28, 0x5f, 0x32, 0x39, 0x37, 0x32, 0x20, 0x3d, 0x3d, 0x20, //   if ((_2972 ==
	0x36, 0x35, 0x35, 0x33, 0x35, 0x75, 0x29, 0x20, 0x7c, 0x7c, 0x20, 0x28, 0x28, 0x28, 0x5f, 0x32, // 65535u) || (((_2
	0x39, 0x37, 0x32, 0x20, 0x3e, 0x3e, 0x20, 0x75, 0x69, 0x6e, 0x74, 0x28, 0x31, 0x32, 0x29, 0x29, // 972 >> uint(12))
	0x20, 0x26, 0x20, 0x33, 0x75, 0x29, 0x20, 0x21, 0x3d, 0x20, 0x30, 0x75, 0x29, 0x29, 0x0a, 0x20, //  & 3u) != 0u)).
	0x20, 0x20, 0x20, 0x20, 0x20, 0x20, 0x20, 0x20, 0x20, 0x20, 0x20, 0x20, 0x20, 0x20, 0x20, 0x7b, //                {
	0x0a, 0x20, 0x20, 0x20, 0x20, 0x20, 0x20, 0x20, 0x20, 0x20, 0x20, 0x20, 0x20, 0x20, 0x20, 0x20, // .
	0x20, 0x20, 0x20, 0x20, 0x20, 0x5f, 0x34, 0x31, 0x38, 0x35, 0x20, 0x3d, 0x20, 0x5f, 0x34, 0x31, //      _4185 = _41
	0x34, 0x38, 0x3b, 0x0a, 0x20, 0x20, 0x20, 0x20, 0x20, 0x20, 0x20, 0x20, 0x20, 0x20, 0x20, 0x20, // 48;.
	0x20, 0x20, 0x20, 0x20, 0x20, 0x20, 0x20, 0x20, 0x5f, 0x34, 0x31, 0x38, 0x34, 0x20, 0x3d, 0x20, //         _4184 =
	0x66, 0x61, 0x6c, 0x73, 0x65, 0x3b, 0x0a, 0x20, 0x20, 0x20, 0x20, 0x20, 0x20, 0x20, 0x20, 0x20, // false;.
	0x20, 0x20, 0x20, 0x20, 0x20, 0x20, 0x20, 0x20, 0x20, 0x20, 0x20, 0x62, 0x72, 0x65, 0x61, 0x6b, //            break
	0x3b, 0x0a, 0x20, 0x20, 0x20, 0x20, 0x20, 0x20, 0x20, 0x20, 0x20, 0x20, 0x20, 0x20, 0x20, 0x20, // ;.
	0x20, 0x20, 0x7d, 0x0a, 0x20, 0x20, 0x20, 0x20, 0x20, 0x20, 0x20, 0x20, 0x20, 0x20, 0x20, 0x20, //   }.
	0x20, 0x20, 0x20, 0x20, 0x75, 0x69, 0x6e, 0x74, 0x20, 0x5f, 0x33, 0x35, 0x37, 0x39, 0x20, 0x3d, //     uint _3579 =
	0x20, 0x28, 0x5f, 0x32, 0x39, 0x37, 0x32, 0x20, 0x26, 0x20, 0x34, 0x30, 0x39, 0x35, 0x75, 0x29, //  (_2972 & 4095u)
	0x20, 0x5e, 0x20, 0x33, 0x38, 0x34, 0x30, 0x75, 0x3b, 0x0a, 0x20, 0x20, 0x20, 0x20, 0x20, 0x20, //  ^ 3840u;.
	0x20, 0x20, 0x20, 0x20, 0x20, 0x20, 0x20, 0x20, 0x20, 0x20, 0x75, 0x69, 0x6e, 0x74, 0x20, 0x5f, //           uint _
	0x34, 0x31, 0x38, 0x36, 0x3b, 0x0a, 0x20, 0x20, 0x20, 0x20, 0x20, 0x20, 0x20, 0x20, 0x20, 0x20, // 4186;.
	0x20, 0x20, 0x20, 0x20, 0x20, 0x20, 0x69, 0x66, 0x20, 0x28, 0x28, 0x5f, 0x33, 0x35, 0x37, 0x39, //       if ((_3579
	0x20, 0x26, 0x20, 0x32, 0x35, 0x35, 0x75, 0x29, 0x20, 0x3d, 0x3d, 0x20, 0x32, 0x35, 0x35, 0x75, //  & 255u) == 255u
	0x29, 0x0a, 0x20, 0x20, 0x20, 0x20, 0x20, 0x20, 0x20, 0x20, 0x20, 0x20, 0x20, 0x20, 0x20, 0x20, // ).
	0x20, 0x20, 0x7b, 0x0a, 0x20, 0x20, 0x20, 0x20, 0x20, 0x20, 0x20, 0x20, 0x20, 0x20, 0x20, 0x20, //   {.
	0x20, 0x20, 0x20, 0x20, 0x20, 0x20, 0x20, 0x20, 0x69, 0x66, 0x20, 0x28, 0x5f, 0x34, 0x31, 0x34, //         if (_414
	0x38, 0x20, 0x21, 0x3d, 0x20, 0x32, 0x35, 0x35, 0x75, 0x29, 0x0a, 0x20, 0x20, 0x20, 0x20, 0x20, // 8 != 255u).
	0x20, 0x20, 0x20, 0x20, 0x20, 0x20, 0x20, 0x20, 0x20, 0x20, 0x20, 0x20, 0x20, 0x20, 0x20, 0x7b, //                {
	0x0a, 0x20, 0x20, 0x20, 0x20, 0x20, 0x20, 0x20, 0x20, 0x20, 0x20, 0x20, 0x20, 0x20, 0x20, 0x20, // .
	0x20, 0x20, 0x20, 0x20, 0x20, 0x20, 0x20, 0x20, 0x20, 0x5f, 0x34, 0x31, 0x38, 0x35, 0x20, 0x3d, //          _4185 =
	0x20, 0x5f, 0x34, 0x31, 0x34, 0x38, 0x3b, 0x0a, 0x20, 0x20, 0x20, 0x20, 0x20, 0x20, 0x20, 0x20, //  _4148;.
	0x20, 0x20, 0x20, 0x20, 0x20, 0x20, 0x20, 0x20, 0x20, 0x20, 0x20, 0x20, 0x20, 0x20, 0x20, 0x20, //
	0x5f, 0x34, 0x31, 0x38, 0x34, 0x20, 0x3d, 0x20, 0x66, 0x61, 0x6c, 0x73, 0x65, 0x3b, 0x0a, 0x20, // _4184 = false;.
	0x20, 0x20, 0x20, 0x20, 0x20, 0x20, 0x20, 0x20, 0x20, 0x20, 0x20, 0x20, 0x20, 0x20, 0x20, 0x20, //
	0x20, 0x20, 0x20, 0x20, 0x20, 0x20, 0x20, 0x62, 0x72, 0x65, 0x61, 0x6b, 0x3b, 0x0a, 0x20, 0x20, //        break;.
	0x20, 0x20, 0x20, 0x20, 0x20, 0x20, 0x20, 0x20, 0x20, 0x20, 0x20, 0x20, 0x20, 0x20, 0x20, 0x20, //
	0x20, 0x20, 0x7d, 0x0a, 0x20, 0x20, 0x20, 0x20, 0x20, 0x20, 0x20, 0x20, 0x20, 0x20, 0x20, 0x20, //   }.
	0x20, 0x20, 0x20, 0x20, 0x20, 0x20, 0x20, 0x20, 0x5f, 0x34, 0x31, 0x38, 0x36, 0x20, 0x3d, 0x20, //         _4186 =
	0x5f, 0x33, 0x35, 0x37, 0x39, 0x3b, 0x0a, 0x20, 0x20, 0x20, 0x20, 0x20, 0x20, 0x20, 0x20, 0x20, // _3579;.
	0x20, 0x20, 0x20, 0x20, 0x20, 0x20, 0x20, 0x7d, 0x0a, 0x20, 0x20, 0x20, 0x20, 0x20, 0x20, 0x20, //        }.
	0x20, 0x20, 0x20, 0x20, 0x20, 0x20, 0x20, 0x20, 0x20, 0x65, 0x6c, 0x73, 0x65, 0x0a, 0x20, 0x20, //          else.
	0x20, 0x20, 0x20, 0x20, 0x20, 0x20, 0x20, 0x20, 0x20, 0x20, 0x20, 0x20, 0x20, 0x20, 0x7b, 0x0a, //               {.
	0x20, 0x20, 0x20, 0x20, 0x20, 0x20, 0x20, 0x20, 0x20, 0x20, 0x20, 0x20, 0x20, 0x20, 0x20, 0x20, //
	0x20, 0x20, 0x20, 0x20, 0x75, 0x69, 0x6e, 0x74, 0x20, 0x5f, 0x34, 0x31, 0x38, 0x37, 0x3b, 0x0a, //     uint _4187;.
	0x20, 0x20, 0x20, 0x20, 0x20, 0x20, 0x20, 0x20, 0x20, 0x20, 0x20, 0x20, 0x20, 0x20, 0x20, 0x20, //
	0x20, 0x20, 0x20, 0x20, 0x69, 0x66, 0x20, 0x28, 0x28, 0x5f, 0x33, 0x35, 0x37, 0x39, 0x20, 0x26, //     if ((_3579 &
	0x20, 0x32, 0x35, 0x35, 0x75, 0x29, 0x20, 0x3c, 0x20, 0x32, 0x75, 0x29, 0x0a, 0x20, 0x20, 0x20, //  255u) < 2u).
	0x20, 0x20, 0x20, 0x20, 0x20, 0x20, 0x20, 0x20, 0x20, 0x20, 0x20, 0x20, 0x20, 0x20, 0x20, 0x20, //
	0x20, 0x7b, 0x0a, 0x20, 0x20, 0x20, 0x20, 0x20, 0x20, 0x20, 0x20, 0x20, 0x20, 0x20, 0x20, 0x20, //  {.
	0x20, 0x20, 0x20, 0x20, 0x20, 0x20, 0x20, 0x20, 0x20, 0x20, 0x20, 0x5f, 0x34, 0x31, 0x38, 0x37, //            _4187
	0x20, 0x3d, 0x20, 0x28, 0x5f, 0x34, 0x31, 0x34, 0x38, 0x20, 0x21, 0x3d, 0x20, 0x32, 0x35, 0x35, //  = (_4148 != 255
	0x75, 0x29, 0x20, 0x3f, 0x20, 0x28, 0x75, 0x69, 0x6e, 0x74, 0x28, 0x28, 0x28, 0x5f, 0x33, 0x35, // u) ? (uint(((_35
	0x37, 0x39, 0x20, 0x26, 0x20, 0x31, 0x75, 0x29, 0x20, 0x21, 0x3d, 0x20, 0x30, 0x75, 0x29, 0x20, // 79 & 1u) != 0u)
	0x3f, 0x20, 0x32, 0x34, 0x35, 0x37, 0x36, 0x20, 0x3a, 0x20, 0x31, 0x36, 0x33, 0x38, 0x34, 0x29, // ? 24576 : 16384)
	0x20, 0x7c, 0x20, 0x28, 0x5f, 0x34, 0x31, 0x34, 0x38, 0x20, 0x26, 0x20, 0x38, 0x31, 0x39, 0x31, //  | (_4148 & 8191
	0x75, 0x29, 0x29, 0x20, 0x3a, 0x20, 0x5f, 0x33, 0x35, 0x37, 0x39, 0x3b, 0x0a, 0x20, 0x20, 0x20, // u)) : _3579;.
	0x20, 0x20, 0x20, 0x20, 0x20, 0x20, 0x20, 0x20, 0x20, 0x20, 0x20, 0x20, 0x20, 0x20, 0x20, 0x20, //
	0x20, 0x7d, 0x0a, 0x20, 0x20, 0x20, 0x20, 0x20, 0x20, 0x20, 0x20, 0x20, 0x20, 0x20, 0x20, 0x20, //  }.
	0x20, 0x20, 0x20, 0x20, 0x20, 0x20, 0x20, 0x65, 0x6c, 0x73, 0x65, 0x0a, 0x20, 0x20, 0x20, 0x20, //        else.
	0x20, 0x20, 0x20, 0x20, 0x20, 0x20, 0x20, 0x20, 0x20, 0x20, 0x20, 0x20, 0x20, 0x20, 0x20, 0x20, //
	0x7b, 0x0a, 0x20, 0x20, 0x20, 0x20, 0x20, 0x20, 0x20, 0x20, 0x20, 0x20, 0x20, 0x20, 0x20, 0x20, // {.
	0x20, 0x20, 0x20, 0x20, 0x20, 0x20, 0x20, 0x20, 0x20, 0x20, 0x5f, 0x34, 0x31, 0x38, 0x37, 0x20, //           _4187
	0x3d, 0x20, 0x34, 0x30, 0x39, 0x36, 0x75, 0x20, 0x7c, 0x20, 0x5f, 0x33, 0x35, 0x37, 0x39, 0x3b, // = 4096u | _3579;
	0x0a, 0x20, 0x20, 0x20, 0x20, 0x20, 0x20, 0x20, 0x20, 0x20, 0x20, 0x20, 0x20, 0x20, 0x20, 0x20, // .
	0x20, 0x20, 0x20, 0x20, 0x20, 0x7d, 0x0a, 0x20, 0x20, 0x20, 0x20, 0x20, 0x20, 0x20, 0x20, 0x20, //      }.
	0x20, 0x20, 0x20, 0x20, 0x20, 0x20, 0x20, 0x20, 0x20, 0x20, 0x20, 0x5f, 0x34, 0x31, 0x38, 0x36, //            _4186
	0x20, 0x3d, 0x20, 0x5f, 0x34, 0x31, 0x38, 0x37, 0x3b, 0x0a, 0x20, 0x20, 0x20, 0x20, 0x20, 0x20, //  = _4187;.
	0x20, 0x20, 0x20, 0x20, 0x20, 0x20, 0x20, 0x20, 0x20, 0x20, 0x7d, 0x0a, 0x20, 0x20, 0x20, 0x20, //           }.
	0x20, 0x20, 0x20, 0x20, 0x20, 0x20, 0x20, 0x20, 0x20, 0x20, 0x20, 0x20, 0x5f, 0x34, 0x31, 0x38, //             _418
	0x35, 0x20, 0x3d, 0x20, 0x5f, 0x34, 0x31, 0x38, 0x36, 0x3b, 0x0a, 0x20, 0x20, 0x20, 0x20, 0x20, // 5 = _4186;.
	0x20, 0x20, 0x20, 0x20, 0x20, 0x20, 0x20, 0x20, 0x20, 0x20, 0x20, 0x5f, 0x34, 0x31, 0x38, 0x34, //            _4184
	0x20, 0x3d, 0x20, 0x74, 0x72, 0x75, 0x65, 0x3b, 0x0a, 0x20, 0x20, 0x20, 0x20, 0x20, 0x20, 0x20, //  = true;.
	0x20, 0x20, 0x20, 0x20, 0x20, 0x20, 0x20, 0x20, 0x20, 0x62, 0x72, 0x65, 0x61, 0x6b, 0x3b, 0x0a, //          break;.
	0x20, 0x20, 0x20, 0x20, 0x20, 0x20, 0x20, 0x20, 0x20, 0x20, 0x20, 0x20, 0x7d, 0x20, 0x77, 0x68, //             } wh
	0x69, 0x6c, 0x65, 0x28, 0x66, 0x61, 0x6c, 0x73, 0x65, 0x29, 0x3b, 0x0a, 0x20, 0x20, 0x20, 0x20, // ile(false);.
	0x20, 0x20, 0x20, 0x20, 0x20, 0x20, 0x20, 0x20, 0x75, 0x69, 0x6e, 0x74, 0x20, 0x5f, 0x34, 0x32, //         uint _42
	0x30, 0x39, 0x3b, 0x0a, 0x20, 0x20, 0x20, 0x20, 0x20, 0x20, 0x20, 0x20, 0x20, 0x20, 0x20, 0x20, // 09;.
	0x69, 0x66, 0x20, 0x28, 0x5f, 0x34, 0x31, 0x38, 0x34, 0x29, 0x0a, 0x20, 0x20, 0x20, 0x20, 0x20, // if (_4184).
	0x20, 0x20, 0x20, 0x20, 0x20, 0x20, 0x20, 0x7b, 0x0a, 0x20, 0x20, 0x20, 0x20, 0x20, 0x20, 0x20, //        {.
	0x20, 0x20, 0x20, 0x20, 0x20, 0x20, 0x20, 0x20, 0x20, 0x5f, 0x34, 0x32, 0x30, 0x39, 0x20, 0x3d, //          _4209 =
	0x20, 0x28, 0x28, 0x28, 0x28, 0x5f, 0x33, 0x33, 0x32, 0x31, 0x20, 0x26, 0x20, 0x31, 0x75, 0x29, //  ((((_3321 & 1u)
	0x20, 0x3d, 0x3d, 0x20, 0x30, 0x75, 0x29, 0x20, 0x7c, 0x7c, 0x20, 0x28, 0x28, 0x28, 0x5f, 0x34, //  == 0u) || (((_4
	0x31, 0x38, 0x35, 0x20, 0x26, 0x20, 0x32, 0x30, 0x34, 0x38, 0x30, 0x75, 0x29, 0x20, 0x21, 0x3d, // 185 & 20480u) !=
	0x20, 0x30, 0x75, 0x29, 0x20, 0x26, 0x26, 0x20, 0x28, 0x70, 0x61, 0x6c, 0x65, 0x74, 0x74, 0x65, //  0u) && (palette
	0x2e, 0x72, 0x65, 0x61, 0x64, 0x28, 0x75, 0x69, 0x6e, 0x74, 0x32, 0x28, 0x69, 0x6e, 0x74, 0x32, // .read(uint2(int2
	0x28, 0x69, 0x6e, 0x74, 0x28, 0x31, 0x75, 0x20, 0x2b, 0x20, 0x28, 0x28, 0x5f, 0x34, 0x31, 0x38, // (int(1u + ((_418
	0x35, 0x20, 0x3e, 0x3e, 0x20, 0x75, 0x69, 0x6e, 0x74, 0x28, 0x38, 0x29, 0x29, 0x20, 0x26, 0x20, // 5 >> uint(8)) &
	0x31, 0x35, 0x75, 0x29, 0x29, 0x2c, 0x20, 0x31, 0x34, 0x34, 0x29, 0x29, 0x2c, 0x20, 0x30, 0x29, // 15u)), 144)), 0)
	0x2e, 0x78, 0x20, 0x3c, 0x3d, 0x20, 0x5f, 0x34, 0x31, 0x34, 0x33, 0x29, 0x29, 0x29, 0x20, 0x7c, // .x <= _4143))) |
	0x7c, 0x20, 0x28, 0x5f, 0x34, 0x31, 0x38, 0x35, 0x20, 0x3c, 0x20, 0x34, 0x30, 0x39, 0x36, 0x75, // | (_4185 < 4096u
	0x29, 0x29, 0x20, 0x3f, 0x20, 0x5f, 0x34, 0x31, 0x38, 0x35, 0x20, 0x3a, 0x20, 0x5f, 0x34, 0x31, // )) ? _4185 : _41
	0x34, 0x38, 0x3b, 0x0a, 0x20, 0x20, 0x20, 0x20, 0x20, 0x20, 0x20, 0x20, 0x20, 0x20, 0x20, 0x20, // 48;.
	0x7d, 0x0a, 0x20, 0x20, 0x20, 0x20, 0x20, 0x20, 0x20, 0x20, 0x20, 0x20, 0x20, 0x20, 0x65, 0x6c, // }.            el
	0x73, 0x65, 0x0a, 0x20, 0x20, 0x20, 0x20, 0x20, 0x20, 0x20, 0x20, 0x20, 0x20, 0x20, 0x20, 0x7b, // se.            {
	0x0a, 0x20, 0x20, 0x20, 0x20, 0x20, 0x20, 0x20, 0x20, 0x20, 0x20, 0x20, 0x20, 0x20, 0x20, 0x20, // .
	0x20, 0x5f, 0x34, 0x32, 0x30, 0x39, 0x20, 0x3d, 0x20, 0x5f, 0x34, 0x31, 0x34, 0x38, 0x3b, 0x0a, //  _4209 = _4148;.
	0x20, 0x20, 0x20, 0x20, 0x20, 0x20, 0x20, 0x20, 0x20, 0x20, 0x20, 0x20, 0x7d, 0x0a, 0x20, 0x20, //             }.
	0x20, 0x20, 0x20, 0x20, 0x20, 0x20, 0x20, 0x20, 0x20, 0x20, 0x62, 0x6f, 0x6f, 0x6c, 0x20, 0x5f, //           bool _
	0x34, 0x32, 0x30, 0x33, 0x3b, 0x0a, 0x20, 0x20, 0x20, 0x20, 0x20, 0x20, 0x20, 0x20, 0x20, 0x20, // 4203;.
	0x20, 0x20, 0x75, 0x69, 0x6e, 0x74, 0x20, 0x5f, 0x34, 0x32, 0x30, 0x34, 0x3b, 0x0a, 0x20, 0x20, //   uint _4204;.
	0x20, 0x20, 0x20, 0x20, 0x20, 0x20, 0x20, 0x20, 0x20, 0x20, 0x64, 0x6f, 0x0a, 0x20, 0x20, 0x20, //           do.
	0x20, 0x20, 0x20, 0x20, 0x20, 0x20, 0x20, 0x20, 0x20, 0x7b, 0x0a, 0x20, 0x20, 0x20, 0x20, 0x20, //          {.
	0x20, 0x20, 0x20, 0x20, 0x20, 0x20, 0x20, 0x20, 0x20, 0x20, 0x20, 0x69, 0x66, 0x20, 0x28, 0x28, //            if ((
	0x5f, 0x32, 0x39, 0x37, 0x32, 0x20, 0x3d, 0x3d, 0x20, 0x36, 0x35, 0x35, 0x33, 0x35, 0x75, 0x29, // _2972 == 65535u)
	0x20, 0x7c, 0x7c, 0x20, 0x28, 0x28, 0x28, 0x5f, 0x32, 0x39, 0x37, 0x32, 0x20, 0x3e, 0x3e, 0x20, //  || (((_2972 >>
	0x75, 0x69, 0x6e, 0x74, 0x28, 0x31, 0x32, 0x29, 0x29, 0x20, 0x26, 0x20, 0x33, 0x75, 0x29, 0x20, // uint(12)) & 3u)
	0x21, 0x3d, 0x20, 0x33, 0x75, 0x29, 0x29, 0x0a, 0x20, 0x20, 0x20, 0x20, 0x20, 0x20, 0x20, 0x20, // != 3u)).
	0x20, 0x20, 0x20, 0x20, 0x20, 0x20, 0x20, 0x20, 0x7b, 0x0a, 0x20, 0x20, 0x20, 0x20, 0x20, 0x20, //         {.
	0x20, 0x20, 0x20, 0x20, 0x20, 0x20, 0x20, 0x20, 0x20, 0x20, 0x20, 0x20, 0x20, 0x20, 0x5f, 0x34, //               _4
	0x32, 0x30, 0x34, 0x20, 0x3d, 0x20, 0x5f, 0x34, 0x31, 0x39, 0x35, 0x3b, 0x0a, 0x20, 0x20, 0x20, // 204 = _4195;.
	0x20, 0x20, 0x20, 0x20, 0x20, 0x20, 0x20, 0x20, 0x20, 0x20, 0x20, 0x20, 0x20, 0x20, 0x20, 0x20, //
	0x20, 0x5f, 0x34, 0x32, 0x30, 0x33, 0x20, 0x3d, 0x20, 0x66, 0x61, 0x6c, 0x73, 0x65, 0x3b, 0x0a, //  _4203 = false;.
	0x20, 0x20, 0x20, 0x20, 0x20, 0x20, 0x20, 0x20, 0x20, 0x20, 0x20, 0x20, 0x20, 0x20, 0x20, 0x20, //
	0x20, 0x20, 0x20, 0x20, 0x62, 0x72, 0x65, 0x61, 0x6b, 0x3b, 0x0a, 0x20, 0x20, 0x20, 0x20, 0x20, //     break;.
	0x20, 0x20, 0x20, 0x20, 0x20, 0x20, 0x20, 0x20, 0x20, 0x20, 0x20, 0x7d, 0x0a, 0x20, 0x20, 0x20, //            }.
	0x20, 0x20, 0x20, 0x20, 0x20, 0x20, 0x20, 0x20, 0x20, 0x20, 0x20, 0x20, 0x20, 0x75, 0x69, 0x6e, //              uin
	0x74, 0x20, 0x5f, 0x33, 0x36, 0x33, 0x38, 0x20, 0x3d, 0x20, 0x28, 0x5f, 0x32, 0x39, 0x37, 0x32, // t _3638 = (_2972
	0x20, 0x26, 0x20, 0x34, 0x30, 0x39, 0x35, 0x75, 0x29, 0x20, 0x5e, 0x20, 0x33, 0x38, 0x34, 0x30, //  & 4095u) ^ 3840
	0x75, 0x3b, 0x0a, 0x20, 0x20, 0x20, 0x20, 0x20, 0x20, 0x20, 0x20, 0x20, 0x20, 0x20, 0x20, 0x20, // u;.
	0x20, 0x20, 0x20, 0x75, 0x69, 0x6e, 0x74, 0x20, 0x5f, 0x34, 0x32, 0x30, 0x35, 0x3b, 0x0a, 0x20, //    uint _4205;.
	0x20, 0x20, 0x20, 0x20, 0x20, 0x20, 0x20, 0x20, 0x20, 0x20, 0x20, 0x20, 0x20, 0x20, 0x20, 0x69, //                i
	0x66, 0x20, 0x28, 0x28, 0x5f, 0x33, 0x36, 0x33, 0x38, 0x20, 0x26, 0x20, 0x32, 0x35, 0x35, 0x75, // f ((_3638 & 255u
	0x29, 0x20, 0x3d, 0x3d, 0x20, 0x32, 0x35, 0x35, 0x75, 0x29, 0x0a, 0x20, 0x20, 0x20, 0x20, 0x20, // ) == 255u).
	0x20, 0x20, 0x20, 0x20, 0x20, 0x20, 0x20, 0x20, 0x20, 0x20, 0x20, 0x7b, 0x0a, 0x20, 0x20, 0x20, //            {.
	0x20, 0x20, 0x20, 0x20, 0x20, 0x20, 0x20, 0x20, 0x20, 0x20, 0x20, 0x20, 0x20, 0x20, 0x20, 0x20, //
	0x20, 0x69, 0x66, 0x20, 0x28, 0x5f, 0x34, 0x31, 0x39, 0x35, 0x20, 0x21, 0x3d, 0x20, 0x32, 0x35, //  if (_4195 != 25
	0x35, 0x75, 0x29, 0x0a, 0x20, 0x20, 0x20, 0x20, 0x20, 0x20, 0x20, 0x20, 0x20, 0x20, 0x20, 0x20, // 5u).
	0x20, 0x20, 0x20, 0x20, 0x20, 0x20, 0x20, 0x20, 0x7b, 0x0a, 0x20, 0x20, 0x20, 0x20, 0x20, 0x20, //         {.
	0x20, 0x20, 0x20, 0x20, 0x20, 0x20, 0x20, 0x20, 0x20, 0x20, 0x20, 0x20, 0x20, 0x20, 0x20, 0x20, //
	0x20, 0x20, 0x5f, 0x34, 0x32, 0x30, 0x34, 0x20, 0x3d, 0x20, 0x5f, 0x34, 0x31, 0x39, 0x35, 0x3b, //   _4204 = _4195;
	0x0a, 0x20, 0x20, 0x20, 0x20, 0x20, 0x20, 0x20, 0x20, 0x20, 0x20, 0x20, 0x20, 0x20, 0x20, 0x20, // .
	0x20, 0x20, 0x20, 0x20, 0x20, 0x20, 0x20, 0x20, 0x20, 0x5f, 0x34, 0x32, 0x30, 0x33, 0x20, 0x3d, //          _4203 =
	0x20, 0x66, 0x61, 0x6c, 0x73, 0x65, 0x3b, 0x0a, 0x20, 0x20, 0x20, 0x20, 0x20, 0x20, 0x20, 0x20, //  false;.
	0x20, 0x20, 0x20, 0x20, 0x20, 0x20, 0x20, 0x20, 0x20, 0x20, 0x20, 0x20, 0x20, 0x20, 0x20, 0x20, //
	0x62, 0x72, 0x65, 0x61, 0x6b, 0x3b, 0x0a, 0x20, 0x20, 0x20, 0x20, 0x20, 0x20, 0x20, 0x20, 0x20, // break;.
	0x20, 0x20, 0x20, 0x20, 0x20, 0x20, 0x20, 0x20, 0x20, 0x20, 0x20, 0x7d, 0x0a, 0x20, 0x20, 0x20, //            }.
	0x20, 0x20, 0x20, 0x20, 0x20, 0x20, 0x20, 0x20, 0x20, 0x20, 0x20, 0x20, 0x20, 0x20, 0x20, 0x20, //
	0x20, 0x5f, 0x34, 0x32, 0x30, 0x35, 0x20, 0x3d, 0x20, 0x5f, 0x33, 0x36, 0x33, 0x38, 0x3b, 0x0a, //  _4205 = _3638;.
	0x20, 0x20, 0x20, 0x20, 0x20, 0x20, 0x20, 0x20, 0x20, 0x20, 0x20, 0x20, 0x20, 0x20, 0x20, 0x20, //
	0x7d, 0x0a, 0x20, 0x20, 0x20, 0x20, 0x20, 0x20, 0x20, 0x20, 0x20, 0x20, 0x20, 0x20, 0x20, 0x20, // }.
	0x20, 0x20, 0x65, 0x6c, 0x73, 0x65, 0x0a, 0x20, 0x20, 0x20, 0x20, 0x20, 0x20, 0x20, 0x20, 0x20, //   else.
	0x20, 0x20, 0x20, 0x20, 0x20, 0x20, 0x20, 0x7b, 0x0a, 0x20, 0x20, 0x20, 0x20, 0x20, 0x20, 0x20, //        {.
	0x20, 0x20, 0x20, 0x20, 0x20, 0x20, 0x20, 0x20, 0x20, 0x20, 0x20, 0x20, 0x20, 0x75, 0x69, 0x6e, //              uin
	0x74, 0x20, 0x5f, 0x34, 0x32, 0x30, 0x36, 0x3b, 0x0a, 0x20, 0x20, 0x20, 0x20, 0x20, 0x20, 0x20, // t _4206;.
	0x20, 0x20, 0x20, 0x20, 0x20, 0x20, 0x20, 0x20, 0x20, 0x20, 0x20, 0x20, 0x20, 0x69, 0x66, 0x20, //              if
	0x28, 0x28, 0x5f, 0x33, 0x36, 0x33, 0x38, 0x20, 0x26, 0x20, 0x32, 0x35, 0x35, 0x75, 0x29, 0x20, // ((_3638 & 255u)
	0x3c, 0x20, 0x32, 0x75, 0x29, 0x0a, 0x20, 0x20, 0x20, 0x20, 0x20, 0x20, 0x20, 0x20, 0x20, 0x20, // < 2u).
	0x20, 0x20, 0x20, 0x20, 0x20, 0x20, 0x20, 0x20, 0x20, 0x20, 0x7b, 0x0a, 0x20, 0x20, 0x20, 0x20, //           {.
	0x20, 0x20, 0x20, 0x20, 0x20, 0x20, 0x20, 0x20, 0x20, 0x20, 0x20, 0x20, 0x20, 0x20, 0x20, 0x20, //
	0x20, 0x20, 0x20, 0x20, 0x5f, 0x34, 0x32, 0x30, 0x36, 0x20, 0x3d, 0x20, 0x28, 0x5f, 0x34, 0x31, //     _4206 = (_41
	0x39, 0x35, 0x20, 0x21, 0x3d, 0x20, 0x32, 0x35, 0x35, 0x75, 0x29, 0x20, 0x3f, 0x20, 0x28, 0x75, // 95 != 255u) ? (u
	0x69, 0x6e, 0x74, 0x28, 0x28, 0x28, 0x5f, 0x33, 0x36, 0x33, 0x38, 0x20, 0x26, 0x20, 0x31, 0x75, // int(((_3638 & 1u
	0x29, 0x20, 0x21, 0x3d, 0x20, 0x30, 0x75, 0x29, 0x20, 0x3f, 0x20, 0x32, 0x34, 0x35, 0x37, 0x36, // ) != 0u) ? 24576
	0x20, 0x3a, 0x20, 0x31, 0x36, 0x33, 0x38, 0x34, 0x29, 0x20, 0x7c, 0x20, 0x28, 0x5f, 0x34, 0x31, //  : 16384) | (_41
	0x39, 0x35, 0x20, 0x26, 0x20, 0x38, 0x31, 0x39, 0x31, 0x75, 0x29, 0x29, 0x20, 0x3a, 0x20, 0x5f, // 95 & 8191u)) : _
	0x33, 0x36, 0x33, 0x38, 0x3b, 0x0a, 0x20, 0x20, 0x20, 0x20, 0x20, 0x20, 0x20, 0x20, 0x20, 0x20, // 3638;.
	0x20, 0x20, 0x20, 0x20, 0x20, 0x20, 0x20, 0x20, 0x20, 0x20, 0x7d, 0x0a, 0x20, 0x20, 0x20, 0x20, //           }.
	0x20, 0x20, 0x20, 0x20, 0x20, 0x20, 0x20, 0x20, 0x20, 0x20, 0x20, 0x20, 0x20, 0x20, 0x20, 0x20, //
	0x65, 0x6c, 0x73, 0x65, 0x0a, 0x20, 0x20, 0x20, 0x20, 0x20, 0x20, 0x20, 0x20, 0x20, 0x20, 0x20, // else.
	0x20, 0x20, 0x20, 0x20, 0x20, 0x20, 0x20, 0x20, 0x20, 0x7b, 0x0a, 0x20, 0x20, 0x20, 0x20, 0x20, //          {.
	0x20, 0x20, 0x20, 0x20, 0x20, 0x20, 0x20, 0x20, 0x20, 0x20, 0x20, 0x20, 0x20, 0x20, 0x20, 0x20, //
	0x20, 0x20, 0x20, 0x5f, 0x34, 0x32, 0x30, 0x36, 0x20, 0x3d, 0x20, 0x34, 0x30, 0x39, 0x36, 0x75, //    _4206 = 4096u
	0x20, 0x7c, 0x20, 0x5f, 0x33, 0x36, 0x33, 0x38, 0x3b, 0x0a, 0x20, 0x20, 0x20, 0x20, 0x20, 0x20, //  | _3638;.
	0x20, 0x20, 0x20, 0x20, 0x20, 0x20, 0x20, 0x20, 0x20, 0x20, 0x20, 0x20, 0x20, 0x20, 0x7d, 0x0a, //               }.
	0x20, 0x20, 0x20, 0x20, 0x20, 0x20, 0x20, 0x20, 0x20, 0x20, 0x20, 0x20, 0x20, 0x20, 0x20, 0x20, //
	0x20, 0x20, 0x20, 0x20, 0x5f, 0x34, 0x32, 0x30, 0x35, 0x20, 0x3d, 0x20, 0x5f, 0x34, 0x32, 0x30, //     _4205 = _420
	0x36, 0x3b, 0x0a, 0x20, 0x20, 0x20, 0x20, 0x20, 0x20, 0x20, 0x20, 0x20, 0x20, 0x20, 0x20, 0x20, // 6;.
	0x20, 0x20, 0x20, 0x7d, 0x0a, 0x20, 0x20, 0x20, 0x20, 0x20, 0x20, 0x20, 0x20, 0x20, 0x20, 0x20, //    }.
	0x20, 0x20, 0x20, 0x20, 0x20, 0x5f, 0x34, 0x32, 0x30, 0x34, 0x20, 0x3d, 0x20, 0x5f, 0x34, 0x32, //      _4204 = _42
	0x30, 0x35, 0x3b, 0x0a, 0x20, 0x20, 0x20, 0x20, 0x20, 0x20, 0x20, 0x20, 0x20, 0x20, 0x20, 0x20, // 05;.
	0x20, 0x20, 0x20, 0x20, 0x5f, 0x34, 0x32, 0x30, 0x33, 0x20, 0x3d, 0x20, 0x74, 0x72, 0x75, 0x65, //     _4203 = true
	0x3b, 0x0a, 0x20, 0x20, 0x20, 0x20, 0x20, 0x20, 0x20, 0x20, 0x20, 0x20, 0x20, 0x20, 0x20, 0x20, // ;.
	0x20, 0x20, 0x62, 0x72, 0x65, 0x61, 0x6b, 0x3b, 0x0a, 0x20, 0x20, 0x20, 0x20, 0x20, 0x20, 0x20, //   break;.
	0x20, 0x20, 0x20, 0x20, 0x20, 0x7d, 0x20, 0x77, 0x68, 0x69, 0x6c, 0x65, 0x28, 0x66, 0x61, 0x6c, //      } while(fal
	0x73, 0x65, 0x29, 0x3b, 0x0a, 0x20, 0x20, 0x20, 0x20, 0x20, 0x20, 0x20, 0x20, 0x20, 0x20, 0x20, // se);.
	0x20, 0x62, 0x6f, 0x6f, 0x6c, 0x20, 0x5f, 0x34, 0x34, 0x38, 0x35, 0x20, 0x3d, 0x20, 0x5f, 0x34, //  bool _4485 = _4
	0x32, 0x30, 0x33, 0x20, 0x3f, 0x20, 0x66, 0x61, 0x6c, 0x73, 0x65, 0x20, 0x3a, 0x20, 0x5f, 0x34, // 203 ? false : _4
	0x32, 0x35, 0x30, 0x3b, 0x0a, 0x20, 0x20, 0x20, 0x20, 0x20, 0x20, 0x20, 0x20, 0x20, 0x20, 0x20, // 250;.
	0x20, 0x75, 0x69, 0x6e, 0x74, 0x20, 0x5f, 0x34, 0x32, 0x31, 0x36, 0x3b, 0x0a, 0x20, 0x20, 0x20, //  uint _4216;.
	0x20, 0x20, 0x20, 0x20, 0x20, 0x20, 0x20, 0x20, 0x20, 0x64, 0x6f, 0x0a, 0x20, 0x20, 0x20, 0x20, //          do.
	0x20, 0x20, 0x20, 0x20, 0x20, 0x20, 0x20, 0x20, 0x7b, 0x0a, 0x20, 0x20, 0x20, 0x20, 0x20, 0x20, //         {.
	0x20, 0x20, 0x20, 0x20, 0x20, 0x20, 0x20, 0x20, 0x20, 0x20, 0x69, 0x66, 0x20, 0x28, 0x28, 0x5f, //           if ((_
	0x32, 0x39, 0x37, 0x32, 0x20, 0x3d, 0x3d, 0x20, 0x36, 0x35, 0x35, 0x33, 0x35, 0x75, 0x29, 0x20, // 2972 == 65535u)
	0x7c, 0x7c, 0x20, 0x28, 0x28, 0x28, 0x5f, 0x32, 0x39, 0x37, 0x32, 0x20, 0x3e, 0x3e, 0x20, 0x75, // || (((_2972 >> u
	0x69, 0x6e, 0x74, 0x28, 0x31, 0x32, 0x29, 0x29, 0x20, 0x26, 0x20, 0x33, 0x75, 0x29, 0x20, 0x21, // int(12)) & 3u) !
	0x3d, 0x20, 0x33, 0x75, 0x29, 0x29, 0x0a, 0x20, 0x20, 0x20, 0x20, 0x20, 0x20, 0x20, 0x20, 0x20, // = 3u)).
	0x20, 0x20, 0x20, 0x20, 0x20, 0x20, 0x20, 0x7b, 0x0a, 0x20, 0x20, 0x20, 0x20, 0x20, 0x20, 0x20, //        {.
	0x20, 0x20, 0x20, 0x20, 0x20, 0x20, 0x20, 0x20, 0x20, 0x20, 0x20, 0x20, 0x20, 0x5f, 0x34, 0x32, //              _42
	0x31, 0x36, 0x20, 0x3d, 0x20, 0x5f, 0x34, 0x32, 0x30, 0x39, 0x3b, 0x0a, 0x20, 0x20, 0x20, 0x20, // 16 = _4209;.
	0x20, 0x20, 0x20, 0x20, 0x20, 0x20, 0x20, 0x20, 0x20, 0x20, 0x20, 0x20, 0x20, 0x20, 0x20, 0x20, //
	0x62, 0x72, 0x65, 0x61, 0x6b, 0x3b, 0x0a, 0x20, 0x20, 0x20, 0x20, 0x20, 0x20, 0x20, 0x20, 0x20, // break;.
	0x20, 0x20, 0x20, 0x20, 0x20, 0x20, 0x20, 0x7d, 0x0a, 0x20, 0x20, 0x20, 0x20, 0x20, 0x20, 0x20, //        }.
	0x20, 0x20, 0x20, 0x20, 0x20, 0x20, 0x20, 0x20, 0x20, 0x75, 0x69, 0x6e, 0x74, 0x20, 0x5f, 0x33, //          uint _3
	0x36, 0x39, 0x30, 0x20, 0x3d, 0x20, 0x28, 0x5f, 0x32, 0x39, 0x37, 0x32, 0x20, 0x26, 0x20, 0x34, // 690 = (_2972 & 4
	0x30, 0x39, 0x35, 0x75, 0x29, 0x20, 0x5e, 0x20, 0x33, 0x38, 0x34, 0x30, 0x75, 0x3b, 0x0a, 0x20, // 095u) ^ 3840u;.
	0x20, 0x20, 0x20, 0x20, 0x20, 0x20, 0x20, 0x20, 0x20, 0x20, 0x20, 0x20, 0x20, 0x20, 0x20, 0x75, //                u
	0x69, 0x6e, 0x74, 0x20, 0x5f, 0x34, 0x32, 0x31, 0x37, 0x3b, 0x0a, 0x20, 0x20, 0x20, 0x20, 0x20, // int _4217;.
	0x20, 0x20, 0x20, 0x20, 0x20, 0x20, 0x20, 0x20, 0x20, 0x20, 0x20, 0x69, 0x66, 0x20, 0x28, 0x28, //            if ((
	0x5f, 0x33, 0x36, 0x39, 0x30, 0x20, 0x26, 0x20, 0x32, 0x35, 0x35, 0x75, 0x29, 0x20, 0x3d, 0x3d, // _3690 & 255u) ==
	0x20, 0x32, 0x35, 0x35, 0x75, 0x29, 0x0a, 0x20, 0x20, 0x20, 0x20, 0x20, 0x20, 0x20, 0x20, 0x20, //  255u).
	0x20, 0x20, 0x20, 0x20, 0x20, 0x20, 0x20, 0x7b, 0x0a, 0x20, 0x20, 0x20, 0x20, 0x20, 0x20, 0x20, //        {.
	0x20, 0x20, 0x20, 0x20, 0x20, 0x20, 0x20, 0x20, 0x20, 0x20, 0x20, 0x20, 0x20, 0x69, 0x66, 0x20, //              if
	0x28, 0x5f, 0x34, 0x32, 0x30, 0x39, 0x20, 0x21, 0x3d, 0x20, 0x32, 0x35, 0x35, 0x75, 0x29, 0x0a, // (_4209 != 255u).
	0x20, 0x20, 0x20, 0x20, 0x20, 0x20, 0x20, 0x20, 0x20, 0x20, 0x20, 0x20, 0x20, 0x20, 0x20, 0x20, //
	0x20, 0x20, 0x20, 0x20, 0x7b, 0x0a, 0x20, 0x20, 0x20, 0x20, 0x20, 0x20, 0x20, 0x20, 0x20, 0x20, //     {.
	0x20, 0x20, 0x20, 0x20, 0x20, 0x20, 0x20, 0x20, 0x20, 0x20, 0x20, 0x20, 0x20, 0x20, 0x5f, 0x34, //               _4
	0x32, 0x31, 0x36, 0x20, 0x3d, 0x20, 0x5f, 0x34, 0x32, 0x30, 0x39, 0x3b, 0x0a, 0x20, 0x20, 0x20, // 216 = _4209;.
	0x20, 0x20, 0x20, 0x20, 0x20, 0x20, 0x20, 0x20, 0x20, 0x20, 0x20, 0x20, 0x20, 0x20, 0x20, 0x20, //
	0x20, 0x20, 0x20, 0x20, 0x20, 0x62, 0x72, 0x65, 0x61, 0x6b, 0x3b, 0x0a, 0x20, 0x20, 0x20, 0x20, //      break;.
	0x20, 0x20, 0x20, 0x20, 0x20, 0x20, 0x20, 0x20, 0x20, 0x20, 0x20, 0x20, 0x20, 0x20, 0x20, 0x20, //
	0x7d, 0x0a, 0x20, 0x20, 0x20, 0x20, 0x20, 0x20, 0x20, 0x20, 0x20, 0x20, 0x20, 0x20, 0x20, 0x20, // }.
	0x20, 0x20, 0x20, 0x20, 0x20, 0x20, 0x5f, 0x34, 0x32, 0x31, 0x37, 0x20, 0x3d, 0x20, 0x5f, 0x33, //       _4217 = _3
	0x36, 0x39, 0x30, 0x3b, 0x0a, 0x20, 0x20, 0x20, 0x20, 0x20, 0x20, 0x20, 0x20, 0x20, 0x20, 0x20, // 690;.
	0x20, 0x20, 0x20, 0x20, 0x20, 0x7d, 0x0a, 0x20, 0x20, 0x20, 0x20, 0x20, 0x20, 0x20, 0x20, 0x20, //      }.
	0x20, 0x20, 0x20, 0x20, 0x20, 0x20, 0x20, 0x65, 0x6c, 0x73, 0x65, 0x0a, 0x20, 0x20, 0x20, 0x20, //        else.
	0x20, 0x20, 0x20, 0x20, 0x20, 0x20, 0x20, 0x20, 0x20, 0x20, 0x20, 0x20, 0x7b, 0x0a, 0x20, 0x20, //             {.
	0x20, 0x20, 0x20, 0x20, 0x20, 0x20, 0x20, 0x20, 0x20, 0x20, 0x20, 0x20, 0x20, 0x20, 0x20, 0x20, //
	0x20, 0x20, 0x75, 0x69, 0x6e, 0x74, 0x20, 0x5f, 0x34, 0x32, 0x31, 0x38, 0x3b, 0x0a, 0x20, 0x20, //   uint _4218;.
	0x20, 0x20, 0x20, 0x20, 0x20, 0x20, 0x20, 0x20, 0x20, 0x20, 0x20, 0x20, 0x20, 0x20, 0x20, 0x20, //
	0x20, 0x20, 0x69, 0x66, 0x20, 0x28, 0x28, 0x5f, 0x33, 0x36, 0x39, 0x30, 0x20, 0x26, 0x20, 0x32, //   if ((_3690 & 2
	0x35, 0x35, 0x75, 0x29, 0x20, 0x3c, 0x20, 0x32, 0x75, 0x29, 0x0a, 0x20, 0x20, 0x20, 0x20, 0x20, // 55u) < 2u).
	0x20, 0x20, 0x20, 0x20, 0x20, 0x20, 0x20, 0x20, 0x20, 0x20, 0x20, 0x20, 0x20, 0x20, 0x20, 0x7b, //                {
	0x0a, 0x20, 0x20, 0x20, 0x20, 0x20, 0x20, 0x20, 0x20, 0x20, 0x20, 0x20, 0x20, 0x20, 0x20, 0x20, // .
	0x20, 0x20, 0x20, 0x20, 0x20, 0x20, 0x20, 0x20, 0x20, 0x5f, 0x34, 0x32, 0x31, 0x38, 0x20, 0x3d, //          _4218 =
	0x20, 0x28, 0x5f, 0x34, 0x32, 0x30, 0x39, 0x20, 0x21, 0x3d, 0x20, 0x32, 0x35, 0x35, 0x75, 0x29, //  (_4209 != 255u)
	0x20, 0x3f, 0x20, 0x28, 0x75, 0x69, 0x6e, 0x74, 0x28, 0x28, 0x28, 0x5f, 0x33, 0x36, 0x39, 0x30, //  ? (uint(((_3690
	0x20, 0x26, 0x20, 0x31, 0x75, 0x29, 0x20, 0x21, 0x3d, 0x20, 0x30, 0x75, 0x29, 0x20, 0x3f, 0x20, //  & 1u) != 0u) ?
	0x32, 0x34, 0x35, 0x37, 0x36, 0x20, 0x3a, 0x20, 0x31, 0x36, 0x33, 0x38, 0x34, 0x29, 0x20, 0x7c, // 24576 : 16384) |
	0x20, 0x28, 0x5f, 0x34, 0x32, 0x30, 0x39, 0x20, 0x26, 0x20, 0x38, 0x31, 0x39, 0x31, 0x75, 0x29, //  (_4209 & 8191u)
	0x29, 0x20, 0x3a, 0x20, 0x5f, 0x33, 0x36, 0x39, 0x30, 0x3b, 0x0a, 0x20, 0x20, 0x20, 0x20, 0x20, // ) : _3690;.
	0x20, 0x20, 0x20, 0x20, 0x20, 0x20, 0x20, 0x20, 0x20, 0x20, 0x20, 0x20, 0x20, 0x20, 0x20, 0x7d, //                }
	0x0a, 0x20, 0x20, 0x20, 0x20, 0x20, 0x20, 0x20, 0x20, 0x20, 0x20, 0x20, 0x20, 0x20, 0x20, 0x20, // .
	0x20, 0x20, 0x20, 0x20, 0x20, 0x65, 0x6c, 0x73, 0x65, 0x0a, 0x20, 0x20, 0x20, 0x20, 0x20, 0x20, //      else.
	0x20, 0x20, 0x20, 0x20, 0x20, 0x20, 0x20, 0x20, 0x20, 0x20, 0x20, 0x20, 0x20, 0x20, 0x7b, 0x0a, //               {.
	0x20, 0x20, 0x20, 0x20, 0x20, 0x20, 0x20, 0x20, 0x20, 0x20, 0x20, 0x20, 0x20, 0x20, 0x20, 0x20, //
	0x20, 0x20, 0x20, 0x20, 0x20, 0x20, 0x20, 0x20, 0x5f, 0x34, 0x32, 0x31, 0x38, 0x20, 0x3d, 0x20, //         _4218 =
	0x34, 0x30, 0x39, 0x36, 0x75, 0x20, 0x7c, 0x20, 0x5f, 0x33, 0x36, 0x39, 0x30, 0x3b, 0x0a, 0x20, // 4096u | _3690;.
	0x20, 0x20, 0x20, 0x20, 0x20, 0x20, 0x20, 0x20, 0x20, 0x20, 0x20, 0x20, 0x20, 0x20, 0x20, 0x20, //
	0x20, 0x20, 0x20, 0x7d, 0x0a, 0x20, 0x20, 0x20, 0x20, 0x20, 0x20, 0x20, 0x20, 0x20, 0x20, 0x20, //    }.
	0x20, 0x20, 0x20, 0x20, 0x20, 0x20, 0x20, 0x20, 0x20, 0x5f, 0x34, 0x32, 0x31, 0x37, 0x20, 0x3d, //          _4217 =
	0x20, 0x5f, 0x34, 0x32, 0x31, 0x38, 0x3b, 0x0a, 0x20, 0x20, 0x20, 0x20, 0x20, 0x20, 0x20, 0x20, //  _4218;.
	0x20, 0x20, 0x20, 0x20, 0x20, 0x20, 0x20, 0x20, 0x7d, 0x0a, 0x20, 0x20, 0x20, 0x20, 0x20, 0x20, //         }.
	0x20, 0x20, 0x20, 0x20, 0x20, 0x20, 0x20, 0x20, 0x20, 0x20, 0x5f, 0x34, 0x32, 0x31, 0x36, 0x20, //           _4216
	0x3d, 0x20, 0x5f, 0x34, 0x32, 0x31, 0x37, 0x3b, 0x0a, 0x20, 0x20, 0x20, 0x20, 0x20, 0x20, 0x20, // = _4217;.
	0x20, 0x20, 0x20, 0x20, 0x20, 0x20, 0x20, 0x20, 0x20, 0x62, 0x72, 0x65, 0x61, 0x6b, 0x3b, 0x0a, //          break;.
	0x20, 0x20, 0x20, 0x20, 0x20, 0x20, 0x20, 0x20, 0x20, 0x20, 0x20, 0x20, 0x7d, 0x20, 0x77, 0x68, //             } wh
	0x69, 0x6c, 0x65, 0x28, 0x66, 0x61, 0x6c, 0x73, 0x65, 0x29, 0x3b, 0x0a, 0x20, 0x20, 0x20, 0x20, // ile(false);.
	0x20, 0x20, 0x20, 0x20, 0x20, 0x20, 0x20, 0x20, 0x75, 0x69, 0x6e, 0x74, 0x20, 0x5f, 0x34, 0x32, //         uint _42
	0x33, 0x38, 0x3b, 0x0a, 0x20, 0x20, 0x20, 0x20, 0x20, 0x20, 0x20, 0x20, 0x20, 0x20, 0x20, 0x20, // 38;.
	0x62, 0x6f, 0x6f, 0x6c, 0x20, 0x5f, 0x34, 0x32, 0x34, 0x34, 0x3b, 0x0a, 0x20, 0x20, 0x20, 0x20, // bool _4244;.
	0x20, 0x20, 0x20, 0x20, 0x20, 0x20, 0x20, 0x20, 0x75, 0x69, 0x6e, 0x74, 0x20, 0x5f, 0x34, 0x33, //         uint _43
	0x31, 0x31, 0x3b, 0x0a, 0x20, 0x20, 0x20, 0x20, 0x20, 0x20, 0x20, 0x20, 0x20, 0x20, 0x20, 0x20, // 11;.
	0x69, 0x66, 0x20, 0x28, 0x28, 0x28, 0x5f, 0x31, 0x32, 0x36, 0x37, 0x20, 0x3e, 0x3d, 0x20, 0x5f, // if (((_1267 >= _
	0x32, 0x39, 0x37, 0x35, 0x29, 0x20, 0x26, 0x26, 0x20, 0x28, 0x5f, 0x31, 0x32, 0x36, 0x37, 0x20, // 2975) && (_1267
	0x3c, 0x20, 0x28, 0x5f, 0x32, 0x39, 0x37, 0x35, 0x20, 0x2b, 0x20, 0x31, 0x34, 0x34, 0x30, 0x75, // < (_2975 + 1440u
	0x29, 0x29, 0x29, 0x20, 0x7c, 0x7c, 0x20, 0x28, 0x5f, 0x33, 0x30, 0x30, 0x39, 0x20, 0x3d, 0x3d, // ))) || (_3009 ==
	0x20, 0x32, 0x75, 0x29, 0x29, 0x0a, 0x20, 0x20, 0x20, 0x20, 0x20, 0x20, 0x20, 0x20, 0x20, 0x20, //  2u)).
	0x20, 0x20, 0x7b, 0x0a, 0x20, 0x20, 0x20, 0x20, 0x20, 0x20, 0x20, 0x20, 0x20, 0x20, 0x20, 0x20, //   {.
	0x20, 0x20, 0x20, 0x20, 0x62, 0x6f, 0x6f, 0x6c, 0x20, 0x5f, 0x34, 0x32, 0x32, 0x33, 0x3b, 0x0a, //     bool _4223;.
	0x20, 0x20, 0x20, 0x20, 0x20, 0x20, 0x20, 0x20, 0x20, 0x20, 0x20, 0x20, 0x20, 0x20, 0x20, 0x20, //
	0x75, 0x69, 0x6e, 0x74, 0x20, 0x5f, 0x34, 0x32, 0x32, 0x34, 0x3b, 0x0a, 0x20, 0x20, 0x20, 0x20, // uint _4224;.
	0x20, 0x20, 0x20, 0x20, 0x20, 0x20, 0x20, 0x20, 0x20, 0x20, 0x20, 0x20, 0x64, 0x6f, 0x0a, 0x20, //             do.
	0x20, 0x20, 0x20, 0x20, 0x20, 0x20, 0x20, 0x20, 0x20, 0x20, 0x20, 0x20, 0x20, 0x20, 0x20, 0x7b, //                {
	0x0a, 0x20, 0x20, 0x20, 0x20, 0x20, 0x20, 0x20, 0x20, 0x20, 0x20, 0x20, 0x20, 0x20, 0x20, 0x20, // .
	0x20, 0x20, 0x20, 0x20, 0x20, 0x69, 0x66, 0x20, 0x28, 0x28, 0x5f, 0x33, 0x30, 0x30, 0x37, 0x20, //      if ((_3007
	0x3d, 0x3d, 0x20, 0x36, 0x35, 0x35, 0x33, 0x35, 0x75, 0x29, 0x20, 0x7c, 0x7c, 0x20, 0x28, 0x28, // == 65535u) || ((
	0x28, 0x5f, 0x33, 0x30, 0x30, 0x37, 0x20, 0x3e, 0x3e, 0x20, 0x75, 0x69, 0x6e, 0x74, 0x28, 0x31, // (_3007 >> uint(1
	0x32, 0x29, 0x29, 0x20, 0x26, 0x20, 0x33, 0x75, 0x29, 0x20, 0x21, 0x3d, 0x20, 0x33, 0x75, 0x29, // 2)) & 3u) != 3u)
	0x29, 0x0a, 0x20, 0x20, 0x20, 0x20, 0x20, 0x20, 0x20, 0x20, 0x20, 0x20, 0x20, 0x20, 0x20, 0x20, // ).
	0x20, 0x20, 0x20, 0x20, 0x20, 0x20, 0x7b, 0x0a, 0x20, 0x20, 0x20, 0x20, 0x20, 0x20, 0x20, 0x20, //       {.
	0x20, 0x20, 0x20, 0x20, 0x20, 0x20, 0x20, 0x20, 0x20, 0x20, 0x20, 0x20, 0x20, 0x20, 0x20, 0x20, //
	0x5f, 0x34, 0x32, 0x32, 0x34, 0x20, 0x3d, 0x20, 0x5f, 0x34, 0x32, 0x30, 0x34, 0x3b, 0x0a, 0x20, // _4224 = _4204;.
	0x20, 0x20, 0x20, 0x20, 0x20, 0x20, 0x20, 0x20, 0x20, 0x20, 0x20, 0x20, 0x20, 0x20, 0x20, 0x20, //
	0x20, 0x20, 0x20, 0x20, 0x20, 0x20, 0x20, 0x5f, 0x34, 0x32, 0x32, 0x33, 0x20, 0x3d, 0x20, 0x66, //        _4223 = f
	0x61, 0x6c, 0x73, 0x65, 0x3b, 0x0a, 0x20, 0x20, 0x20, 0x20, 0x20, 0x20, 0x20, 0x20, 0x20, 0x20, // alse;.
	0x20, 0x20, 0x20, 0x20, 0x20, 0x20, 0x20, 0x20, 0x20, 0x20, 0x20, 0x20, 0x20, 0x20, 0x62, 0x72, //               br
	0x65, 0x61, 0x6b, 0x3b, 0x0a, 0x20, 0x20, 0x20, 0x20, 0x20, 0x20, 0x20, 0x20, 0x20, 0x20, 0x20, // eak;.
	0x20, 0x20, 0x20, 0x20, 0x20, 0x20, 0x20, 0x20, 0x20, 0x7d, 0x0a, 0x20, 0x20, 0x20, 0x20, 0x20, //          }.
	0x20, 0x20, 0x20, 0x20, 0x20, 0x20, 0x20, 0x20, 0x20, 0x20, 0x20, 0x20, 0x20, 0x20, 0x20, 0x75, //                u
	0x69, 0x6e, 0x74, 0x20, 0x5f, 0x33, 0x37, 0x34, 0x32, 0x20, 0x3d, 0x20, 0x28, 0x5f, 0x33, 0x30, // int _3742 = (_30
	0x30, 0x37, 0x20, 0x26, 0x20, 0x34, 0x30, 0x39, 0x35, 0x75, 0x29, 0x20, 0x5e, 0x20, 0x33, 0x38, // 07 & 4095u) ^ 38
	0x34, 0x30, 0x75, 0x3b, 0x0a, 0x20, 0x20, 0x20, 0x20, 0x20, 0x20, 0x20, 0x20, 0x20, 0x20, 0x20, // 40u;.
	0x20, 0x20, 0x20, 0x20, 0x20, 0x20, 0x20, 0x20, 0x20, 0x75, 0x69, 0x6e, 0x74, 0x20, 0x5f, 0x34, //          uint _4
	0x32, 0x32, 0x35, 0x3b, 0x0a, 0x20, 0x20, 0x20, 0x20, 0x20, 0x20, 0x20, 0x20, 0x20, 0x20, 0x20, // 225;.
	0x20, 0x20, 0x20, 0x20, 0x20, 0x20, 0x20, 0x20, 0x20, 0x69, 0x66, 0x20, 0x28, 0x28, 0x5f, 0x33, //          if ((_3
	0x37, 0x34, 0x32, 0x20, 0x26, 0x20, 0x32, 0x35, 0x35, 0x75, 0x29, 0x20, 0x3d, 0x3d, 0x20, 0x32, // 742 & 255u) == 2
	0x35, 0x35, 0x75, 0x29, 0x0a, 0x20, 0x20, 0x20, 0x20, 0x20, 0x20, 0x20, 0x20, 0x20, 0x20, 0x20, // 55u).
	0x20, 0x20, 0x20, 0x20, 0x20, 0x20, 0x20, 0x20, 0x20, 0x7b, 0x0a, 0x20, 0x20, 0x20, 0x20, 0x20, //          {.
	0x20, 0x20, 0x20, 0x20, 0x20, 0x20, 0x20, 0x20, 0x20, 0x20, 0x20, 0x20, 0x20, 0x20, 0x20, 0x20, //
	0x20, 0x20, 0x20, 0x69, 0x66, 0x20, 0x28, 0x5f, 0x34, 0x32, 0x30, 0x34, 0x20, 0x21, 0x3d, 0x20, //    if (_4204 !=
	0x32, 0x35, 0x35, 0x75, 0x29, 0x0a, 0x20, 0x20, 0x20, 0x20, 0x20, 0x20, 0x20, 0x20, 0x20, 0x20, // 255u).
	0x20, 0x20, 0x20, 0x20, 0x20, 0x20, 0x20, 0x20, 0x20, 0x20, 0x20, 0x20, 0x20, 0x20, 0x7b, 0x0a, //               {.
	0x20, 0x20, 0x20, 0x20, 0x20, 0x20, 0x20, 0x20, 0x20, 0x20, 0x20, 0x20, 0x20, 0x20, 0x20, 0x20, //
	0x20, 0x20, 0x20, 0x20, 0x20, 0x20, 0x20, 0x20, 0x20, 0x20, 0x20, 0x20, 0x5f, 0x34, 0x32, 0x32, //             _422
	0x34, 0x20, 0x3d, 0x20, 0x5f, 0x34, 0x32, 0x30, 0x34, 0x3b, 0x0a, 0x20, 0x20, 0x20, 0x20, 0x20, // 4 = _4204;.
	0x20, 0x20, 0x20, 0x20, 0x20, 0x20, 0x20, 0x20, 0x20, 0x20, 0x20, 0x20, 0x20, 0x20, 0x20, 0x20, //
	0x20, 0x20, 0x20, 0x20, 0x20, 0x20, 0x20, 0x5f, 0x34, 0x32, 0x32, 0x33, 0x20, 0x3d, 0x20, 0x66, //        _4223 = f
	0x61, 0x6c, 0x73, 0x65, 0x3b, 0x0a, 0x20, 0x20, 0x20, 0x20, 0x20, 0x20, 0x20, 0x20, 0x20, 0x20, // alse;.
	0x20, 0x20, 0x20, 0x20, 0x20, 0x20, 0x20, 0x20, 0x20, 0x20, 0x20, 0x20, 0x20, 0x20, 0x20, 0x20, //
	0x20, 0x20, 0x62, 0x72, 0x65, 0x61, 0x6b, 0x3b, 0x0a, 0x20, 0x20, 0x20, 0x20, 0x20, 0x20, 0x20, //   break;.
	0x20, 0x20, 0x20, 0x20, 0x20, 0x20, 0x20, 0x20, 0x20, 0x20, 0x20, 0x20, 0x20, 0x20, 0x20, 0x20, //
	0x20, 0x7d, 0x0a, 0x20, 0x20, 0x20, 0x20, 0x20, 0x20, 0x20, 0x20, 0x20, 0x20, 0x20, 0x20, 0x20, //  }.
	0x20, 0x20, 0x20, 0x20, 0x20, 0x20, 0x20, 0x20, 0x20, 0x20, 0x20, 0x5f, 0x34, 0x32, 0x32, 0x35, //            _4225
	0x20, 0x3d, 0x20, 0x5f, 0x33, 0x37, 0x34, 0x32, 0x3b, 0x0a, 0x20, 0x20, 0x20, 0x20, 0x20, 0x20, //  = _3742;.
	0x20, 0x20, 0x20, 0x20, 0x20, 0x20, 0x20, 0x20, 0x20, 0x20, 0x20, 0x20, 0x20, 0x20, 0x7d, 0x0a, //               }.
	0x20, 0x20, 0x20, 0x20, 0x20, 0x20, 0x20, 0x20, 0x20, 0x20, 0x20, 0x20, 0x20, 0x20, 0x20, 0x20, //
	0x20, 0x20, 0x20, 0x20, 0x65, 0x6c, 0x73, 0x65, 0x0a, 0x20, 0x20, 0x20, 0x20, 0x20, 0x20, 0x20, //     else.
	0x20, 0x20, 0x20, 0x20, 0x20, 0x20, 0x20, 0x20, 0x20, 0x20, 0x20, 0x20, 0x20, 0x7b, 0x0a, 0x20, //              {.
	0x20, 0x20, 0x20, 0x20, 0x20, 0x20, 0x20, 0x20, 0x20, 0x20, 0x20, 0x20, 0x20, 0x20, 0x20, 0x20, //
	0x20, 0x20, 0x20, 0x20, 0x20, 0x20, 0x20, 0x75, 0x69, 0x6e, 0x74, 0x20, 0x5f, 0x34, 0x32, 0x32, //        uint _422
	0x36, 0x3b, 0x0a, 0x20, 0x20, 0x20, 0x20, 0x20, 0x20, 0x20, 0x20, 0x20, 0x20, 0x20, 0x20, 0x20, // 6;.
	0x20, 0x20, 0x20, 0x20, 0x20, 0x20, 0x20, 0x20, 0x20, 0x20, 0x20, 0x69, 0x66, 0x20, 0x28, 0x28, //            if ((
	0x5f, 0x33, 0x37, 0x34, 0x32, 0x20, 0x26, 0x20, 0x32, 0x35, 0x35, 0x75, 0x29, 0x20, 0x3c, 0x20, // _3742 & 255u) <
	0x32, 0x75, 0x29, 0x0a, 0x20, 0x20, 0x20, 0x20, 0x20, 0x20, 0x20, 0x20, 0x20, 0x20, 0x20, 0x20, // 2u).
	0x20, 0x20, 0x20, 0x20, 0x20, 0x20, 0x20, 0x20, 0x20, 0x20, 0x20, 0x20, 0x7b, 0x0a, 0x20, 0x20, //             {.
	0x20, 0x20, 0x20, 0x20, 0x20, 0x20, 0x20, 0x20, 0x20, 0x20, 0x20, 0x20, 0x20, 0x20, 0x20, 0x20, //
	0x20, 0x20, 0x20, 0x20, 0x20, 0x20, 0x20, 0x20, 0x20, 0x20, 0x5f, 0x34, 0x32, 0x32, 0x36, 0x20, //           _4226
	0x3d, 0x20, 0x28, 0x5f, 0x34, 0x32, 0x30, 0x34, 0x20, 0x21, 0x3d, 0x20, 0x32, 0x35, 0x35, 0x75, // = (_4204 != 255u
	0x29, 0x20, 0x3f, 0x20, 0x28, 0x75, 0x69, 0x6e, 0x74, 0x28, 0x28, 0x28, 0x5f, 0x33, 0x37, 0x34, // ) ? (uint(((_374
	0x32, 0x20, 0x26, 0x20, 0x31, 0x75, 0x29, 0x20, 0x21, 0x3d, 0x20, 0x30, 0x75, 0x29, 0x20, 0x3f, // 2 & 1u) != 0u) ?
	0x20, 0x32, 0x34, 0x35, 0x37, 0x36, 0x20, 0x3a, 0x20, 0x31, 0x36, 0x33, 0x38, 0x34, 0x29, 0x20, //  24576 : 16384)
	0x7c, 0x20, 0x28, 0x5f, 0x34, 0x32, 0x30, 0x34, 0x20, 0x26, 0x20, 0x38, 0x31, 0x39, 0x31, 0x75, // | (_4204 & 8191u
	0x29, 0x29, 0x20, 0x3a, 0x20, 0x5f, 0x33, 0x37, 0x34, 0x32, 0x3b, 0x0a, 0x20, 0x20, 0x20, 0x20, // )) : _3742;.
	0x20, 0x20, 0x20, 0x20, 0x20, 0x20, 0x20, 0x20, 0x20, 0x20, 0x20, 0x20, 0x20, 0x20, 0x20, 0x20, //
	0x20, 0x20, 0x20, 0x20, 0x7d, 0x0a, 0x20, 0x20, 0x20, 0x20, 0x20, 0x20, 0x20, 0x20, 0x20, 0x20, //     }.
	0x20, 0x20, 0x20, 0x20, 0x20, 0x20, 0x20, 0x20, 0x20, 0x20, 0x20, 0x20, 0x20, 0x20, 0x65, 0x6c, //               el
	0x73, 0x65, 0x0a, 0x20, 0x20, 0x20, 0x20, 0x20, 0x20, 0x20, 0x20, 0x20, 0x20, 0x20, 0x20, 0x20, // se.
	0x20, 0x20, 0x20, 0x20, 0x20, 0x20, 0x20, 0x20, 0x20, 0x20, 0x20, 0x7b, 0x0a, 0x20, 0x20, 0x20, //            {.
	0x20, 0x20, 0x20, 0x20, 0x20, 0x20, 0x20, 0x20, 0x20, 0x20, 0x20, 0x20, 0x20, 0x20, 0x20, 0x20, //
	0x20, 0x20, 0x20, 0x20, 0x20, 0x20, 0x20, 0x20, 0x20, 0x5f, 0x34, 0x32, 0x32, 0x36, 0x20, 0x3d, //          _4226 =
	0x20, 0x34, 0x30, 0x39, 0x36, 0x75, 0x20, 0x7c, 0x20, 0x5f, 0x33, 0x37, 0x34, 0x32, 0x3b, 0x0a, //  4096u | _3742;.
	0x20, 0x20, 0x20, 0x20, 0x20, 0x20, 0x20, 0x20, 0x20, 0x20, 0x20, 0x20, 0x20, 0x20, 0x20, 0x20, //
	0x20, 0x20, 0x20, 0x20, 0x20, 0x20, 0x20, 0x20, 0x7d, 0x0a, 0x20, 0x20, 0x20, 0x20, 0x20, 0x20, //         }.
	0x20, 0x20, 0x20, 0x20, 0x20, 0x20, 0x20, 0x20, 0x20, 0x20, 0x20, 0x20, 0x20, 0x20, 0x20, 0x20, //
	0x20, 0x20, 0x5f, 0x34, 0x32, 0x32, 0x35, 0x20, 0x3d, 0x20, 0x5f, 0x34, 0x32, 0x32, 0x36, 0x3b, //   _4225 = _4226;
	0x0a, 0x20, 0x20, 0x20, 0x20, 0x20, 0x20, 0x20, 0x20, 0x20, 0x20, 0x20, 0x20, 0x20, 0x20, 0x20, // .
	0x20, 0x20, 0x20, 0x20, 0x20, 0x7d, 0x0a, 0x20, 0x20, 0x20, 0x20, 0x20, 0x20, 0x20, 0x20, 0x20, //      }.
	0x20, 0x20, 0x20, 0x20, 0x20, 0x20, 0x20, 0x20, 0x20, 0x20, 0x20, 0x5f, 0x34, 0x32, 0x32, 0x34, //            _4224
	0x20, 0x3d, 0x20, 0x5f, 0x34, 0x32, 0x32, 0x35, 0x3b, 0x0a, 0x20, 0x20, 0x20, 0x20, 0x20, 0x20, //  = _4225;.
	0x20, 0x20, 0x20, 0x20, 0x20, 0x20, 0x20, 0x20, 0x20, 0x20, 0x20, 0x20, 0x20, 0x20, 0x5f, 0x34, //               _4
	0x32, 0x32, 0x33, 0x20, 0x3d, 0x20, 0x74, 0x72, 0x75, 0x65, 0x3b, 0x0a, 0x20, 0x20, 0x20, 0x20, // 223 = true;.
	0x20, 0x20, 0x20, 0x20, 0x20, 0x20, 0x20, 0x20, 0x20, 0x20, 0x20, 0x20, 0x20, 0x20, 0x20, 0x20, //
	0x62, 0x72, 0x65, 0x61, 0x6b, 0x3b, 0x0a, 0x20, 0x20, 0x20, 0x20, 0x20, 0x20, 0x20, 0x20, 0x20, // break;.
	0x20, 0x20, 0x20, 0x20, 0x20, 0x20, 0x20, 0x7d, 0x20, 0x77, 0x68, 0x69, 0x6c, 0x65, 0x28, 0x66, //        } while(f
	0x61, 0x6c, 0x73, 0x65, 0x29, 0x3b, 0x0a, 0x20, 0x20, 0x20, 0x20, 0x20, 0x20, 0x20, 0x20, 0x20, // alse);.
	0x20, 0x20, 0x20, 0x20, 0x20, 0x20, 0x20, 0x75, 0x69, 0x6e, 0x74, 0x20, 0x5f, 0x34, 0x32, 0x34, //        uint _424
	0x31, 0x3b, 0x0a, 0x20, 0x20, 0x20, 0x20, 0x20, 0x20, 0x20, 0x20, 0x20, 0x20, 0x20, 0x20, 0x20, // 1;.
	0x20, 0x20, 0x20, 0x69, 0x66, 0x20, 0x28, 0x28, 0x28, 0x28, 0x28, 0x5f, 0x34, 0x32, 0x32, 0x33, //    if (((((_4223
	0x20, 0x26, 0x26, 0x20, 0x28, 0x28, 0x5f, 0x33, 0x33, 0x32, 0x31, 0x20, 0x26, 0x20, 0x32, 0x75, //  && ((_3321 & 2u
	0x29, 0x20, 0x21, 0x3d, 0x20, 0x30, 0x75, 0x29, 0x29, 0x20, 0x26, 0x26, 0x20, 0x28, 0x5f, 0x33, // ) != 0u)) && (_3
	0x30, 0x30, 0x39, 0x20, 0x3d, 0x3d, 0x20, 0x31, 0x75, 0x29, 0x29, 0x20, 0x26, 0x26, 0x20, 0x28, // 009 == 1u)) && (
	0x5f, 0x34, 0x32, 0x32, 0x34, 0x20, 0x3e, 0x3d, 0x20, 0x34, 0x30, 0x39, 0x36, 0x75, 0x29, 0x29, // _4224 >= 4096u))
	0x20, 0x26, 0x26, 0x20, 0x28, 0x5f, 0x34, 0x32, 0x32, 0x34, 0x20, 0x3c, 0x20, 0x38, 0x31, 0x39, //  && (_4224 < 819
	0x32, 0x75, 0x29, 0x29, 0x20, 0x26, 0x26, 0x20, 0x28, 0x5f, 0x31, 0x32, 0x37, 0x31, 0x20, 0x3d, // 2u)) && (_1271 =
	0x3d, 0x20, 0x28, 0x28, 0x28, 0x28, 0x28, 0x5f, 0x32, 0x39, 0x34, 0x36, 0x20, 0x2b, 0x20, 0x31, // = (((((_2946 + 1
	0x75, 0x29, 0x20, 0x2a, 0x20, 0x31, 0x30, 0x38, 0x30, 0x75, 0x29, 0x20, 0x2b, 0x20, 0x34, 0x37, // u) * 1080u) + 47
	0x39, 0x75, 0x29, 0x20, 0x2f, 0x20, 0x34, 0x38, 0x30, 0x75, 0x29, 0x20, 0x2d, 0x20, 0x31, 0x75, // 9u) / 480u) - 1u
	0x29, 0x29, 0x29, 0x0a, 0x20, 0x20, 0x20, 0x20, 0x20, 0x20, 0x20, 0x20, 0x20, 0x20, 0x20, 0x20, // ))).
	0x20, 0x20, 0x20, 0x20, 0x7b, 0x0a, 0x20, 0x20, 0x20, 0x20, 0x20, 0x20, 0x20, 0x20, 0x20, 0x20, //     {.
	0x20, 0x20, 0x20, 0x20, 0x20, 0x20, 0x20, 0x20, 0x20, 0x20, 0x5f, 0x34, 0x32, 0x34, 0x31, 0x20, //           _4241
	0x3d, 0x20, 0x33, 0x32, 0x37, 0x36, 0x38, 0x75, 0x20, 0x7c, 0x20, 0x28, 0x5f, 0x34, 0x32, 0x32, // = 32768u | (_422
	0x34, 0x20, 0x26, 0x20, 0x34, 0x30, 0x39, 0x35, 0x75, 0x29, 0x3b, 0x0a, 0x20, 0x20, 0x20, 0x20, // 4 & 4095u);.
	0x20, 0x20, 0x20, 0x20, 0x20, 0x20, 0x20, 0x20, 0x20, 0x20, 0x20, 0x20, 0x7d, 0x0a, 0x20, 0x20, //             }.
	0x20, 0x20, 0x20, 0x20, 0x20, 0x20, 0x20, 0x20, 0x20, 0x20, 0x20, 0x20, 0x20, 0x20, 0x65, 0x6c, //               el
	0x73, 0x65, 0x0a, 0x20, 0x20, 0x20, 0x20, 0x20, 0x20, 0x20, 0x20, 0x20, 0x20, 0x20, 0x20, 0x20, // se.
	0x20, 0x20, 0x20, 0x7b, 0x0a, 0x20, 0x20, 0x20, 0x20, 0x20, 0x20, 0x20, 0x20, 0x20, 0x20, 0x20, //    {.
	0x20, 0x20, 0x20, 0x20, 0x20, 0x20, 0x20, 0x20, 0x20, 0x5f, 0x34, 0x32, 0x34, 0x31, 0x20, 0x3d, //          _4241 =
	0x20, 0x5f, 0x34, 0x32, 0x32, 0x34, 0x3b, 0x0a, 0x20, 0x20, 0x20, 0x20, 0x20, 0x20, 0x20, 0x20, //  _4224;.
	0x20, 0x20, 0x20, 0x20, 0x20, 0x20, 0x20, 0x20, 0x7d, 0x0a, 0x20, 0x20, 0x20, 0x20, 0x20, 0x20, //         }.
	0x20, 0x20, 0x20, 0x20, 0x20, 0x20, 0x20, 0x20, 0x20, 0x20, 0x62, 0x6f, 0x6f, 0x6c, 0x20, 0x5f, //           bool _
	0x34, 0x32, 0x33, 0x34, 0x3b, 0x0a, 0x20, 0x20, 0x20, 0x20, 0x20, 0x20, 0x20, 0x20, 0x20, 0x20, // 4234;.
	0x20, 0x20, 0x20, 0x20, 0x20, 0x20, 0x75, 0x69, 0x6e, 0x74, 0x20, 0x5f, 0x34, 0x32, 0x33, 0x35, //       uint _4235
	0x3b, 0x0a, 0x20, 0x20, 0x20, 0x20, 0x20, 0x20, 0x20, 0x20, 0x20, 0x20, 0x20, 0x20, 0x20, 0x20, // ;.
	0x20, 0x20, 0x64, 0x6f, 0x0a, 0x20, 0x20, 0x20, 0x20, 0x20, 0x20, 0x20, 0x20, 0x20, 0x20, 0x20, //   do.
	0x20, 0x20, 0x20, 0x20, 0x20, 0x7b, 0x0a, 0x20, 0x20, 0x20, 0x20, 0x20, 0x20, 0x20, 0x20, 0x20, //      {.
	0x20, 0x20, 0x20, 0x20, 0x20, 0x20, 0x20, 0x20, 0x20, 0x20, 0x20, 0x69, 0x66, 0x20, 0x28, 0x28, //            if ((
	0x5f, 0x33, 0x30, 0x30, 0x37, 0x20, 0x3d, 0x3d, 0x20, 0x36, 0x35, 0x35, 0x33, 0x35, 0x75, 0x29, // _3007 == 65535u)
	0x20, 0x7c, 0x7c, 0x20, 0x28, 0x28, 0x28, 0x5f, 0x33, 0x30, 0x30, 0x37, 0x20, 0x3e, 0x3e, 0x20, //  || (((_3007 >>
	0x75, 0x69, 0x6e, 0x74, 0x28, 0x31, 0x32, 0x29, 0x29, 0x20, 0x26, 0x20, 0x33, 0x75, 0x29, 0x20, // uint(12)) & 3u)
	0x21, 0x3d, 0x20, 0x33, 0x75, 0x29, 0x29, 0x0a, 0x20, 0x20, 0x20, 0x20, 0x20, 0x20, 0x20, 0x20, // != 3u)).
	0x20, 0x20, 0x20, 0x20, 0x20, 0x20, 0x20, 0x20, 0x20, 0x20, 0x20, 0x20, 0x7b, 0x0a, 0x20, 0x20, //             {.
	0x20, 0x20, 0x20, 0x20, 0x20, 0x20, 0x20, 0x20, 0x20, 0x20, 0x20, 0x20, 0x20, 0x20, 0x20, 0x20, //
	0x20, 0x20, 0x20, 0x20, 0x20, 0x20, 0x5f, 0x34, 0x32, 0x33, 0x35, 0x20, 0x3d, 0x20, 0x5f, 0x34, //       _4235 = _4
	0x32, 0x31, 0x36, 0x3b, 0x0a, 0x20, 0x20, 0x20, 0x20, 0x20, 0x20, 0x20, 0x20, 0x20, 0x20, 0x20, // 216;.
	0x20, 0x20, 0x20, 0x20, 0x20, 0x20, 0x20, 0x20, 0x20, 0x20, 0x20, 0x20, 0x20, 0x5f, 0x34, 0x32, //              _42
	0x33, 0x34, 0x20, 0x3d, 0x20, 0x66, 0x61, 0x6c, 0x73, 0x65, 0x3b, 0x0a, 0x20, 0x20, 0x20, 0x20, // 34 = false;.
	0x20, 0x20, 0x20, 0x20, 0x20, 0x20, 0x20, 0x20, 0x20, 0x20, 0x20, 0x20, 0x20, 0x20, 0x20, 0x20, //
	0x20, 0x20, 0x20, 0x20, 0x62, 0x72, 0x65, 0x61, 0x6b, 0x3b, 0x0a, 0x20, 0x20, 0x20, 0x20, 0x20, //     break;.
	0x20, 0x20, 0x20, 0x20, 0x20, 0x20, 0x20, 0x20, 0x20, 0x20, 0x20, 0x20, 0x20, 0x20, 0x20, 0x7d, //                }
	0x0a, 0x20, 0x20, 0x20, 0x20, 0x20, 0x20, 0x20, 0x20, 0x20, 0x20, 0x20, 0x20, 0x20, 0x20, 0x20, // .
	0x20, 0x20, 0x20, 0x20, 0x20, 0x75, 0x69, 0x6e, 0x74, 0x20, 0x5f, 0x33, 0x37, 0x39, 0x34, 0x20, //      uint _3794
	0x3d, 0x20, 0x28, 0x5f, 0x33, 0x30, 0x30, 0x37, 0x20, 0x26, 0x20, 0x34, 0x30, 0x39, 0x35, 0x75, // = (_3007 & 4095u
	0x29, 0x20, 0x5e, 0x20, 0x33, 0x38, 0x34, 0x30, 0x75, 0x3b, 0x0a, 0x20, 0x20, 0x20, 0x20, 0x20, // ) ^ 3840u;.
	0x20, 0x20, 0x20, 0x20, 0x20, 0x20, 0x20, 0x20, 0x20, 0x20, 0x20, 0x20, 0x20, 0x20, 0x20, 0x75, //                u
	0x69, 0x6e, 0x74, 0x20, 0x5f, 0x34, 0x32, 0x33, 0x36, 0x3b, 0x0a, 0x20, 0x20, 0x20, 0x20, 0x20, // int _4236;.
	0x20, 0x20, 0x20, 0x20, 0x20, 0x20, 0x20, 0x20, 0x20, 0x20, 0x20, 0x20, 0x20, 0x20, 0x20, 0x69, //                i
	0x66, 0x20, 0x28, 0x28, 0x5f, 0x33, 0x37, 0x39, 0x34, 0x20, 0x26, 0x20, 0x32, 0x35, 0x35, 0x75, // f ((_3794 & 255u
	0x29, 0x20, 0x3d, 0x3d, 0x20, 0x32, 0x35, 0x35, 0x75, 0x29, 0x0a, 0x20, 0x20, 0x20, 0x20, 0x20, // ) == 255u).
	0x20, 0x20, 0x20, 0x20, 0x20, 0x20, 0x20, 0x20, 0x20, 0x20, 0x20, 0x20, 0x20, 0x20, 0x20, 0x7b, //                {
	0x0a, 0x20, 0x20, 0x20, 0x20, 0x20, 0x20, 0x20, 0x20, 0x20, 0x20, 0x20, 0x20, 0x20, 0x20, 0x20, // .
	0x20, 0x20, 0x20, 0x20, 0x20, 0x20, 0x20, 0x20, 0x20, 0x69, 0x66, 0x20, 0x28, 0x5f, 0x34, 0x32, //          if (_42
	0x31, 0x36, 0x20, 0x21, 0x3d, 0x20, 0x32, 0x35, 0x35, 0x75, 0x29, 0x0a, 0x20, 0x20, 0x20, 0x20, // 16 != 255u).
	0x20, 0x20, 0x20, 0x20, 0x20, 0x20, 0x20, 0x20, 0x20, 0x20, 0x20, 0x20, 0x20, 0x20, 0x20, 0x20, //
	0x20, 0x20, 0x20, 0x20, 0x7b, 0x0a, 0x20, 0x20, 0x20, 0x20, 0x20, 0x20, 0x20, 0x20, 0x20, 0x20, //     {.
	0x20, 0x20, 0x20, 0x20, 0x20, 0x20, 0x20, 0x20, 0x20, 0x20, 0x20, 0x20, 0x20, 0x20, 0x20, 0x20, //
	0x20, 0x20, 0x5f, 0x34, 0x32, 0x33, 0x35, 0x20, 0x3d, 0x20, 0x5f, 0x34, 0x32, 0x31, 0x36, 0x3b, //   _4235 = _4216;
	0x0a, 0x20, 0x20, 0x20, 0x20, 0x20, 0x20, 0x20, 0x20, 0x20, 0x20, 0x20, 0x20, 0x20, 0x20, 0x20, // .
	0x20, 0x20, 0x20, 0x20, 0x20, 0x20, 0x20, 0x20, 0x20, 0x20, 0x20, 0x20, 0x20, 0x5f, 0x34, 0x32, //              _42
	0x33, 0x34, 0x20, 0x3d, 0x20, 0x66, 0x61, 0x6c, 0x73, 0x65, 0x3b, 0x0a, 0x20, 0x20, 0x20, 0x20, // 34 = false;.
	0x20, 0x20, 0x20, 0x20, 0x20, 0x20, 0x20, 0x20, 0x20, 0x20, 0x20, 0x20, 0x20, 0x20, 0x20, 0x20, //
	0x20, 0x20, 0x20, 0x20, 0x20, 0x20, 0x20, 0x20, 0x62, 0x72, 0x65, 0x61, 0x6b, 0x3b, 0x0a, 0x20, //         break;.
	0x20, 0x20, 0x20, 0x20, 0x20, 0x20, 0x20, 0x20, 0x20, 0x20, 0x20, 0x20, 0x20, 0x20, 0x20, 0x20, //
	0x20, 0x20, 0x20, 0x20, 0x20, 0x20, 0x20, 0x7d, 0x0a, 0x20, 0x20, 0x20, 0x20, 0x20, 0x20, 0x20, //        }.
	0x20, 0x20, 0x20, 0x20, 0x20, 0x20, 0x20, 0x20, 0x20, 0x20, 0x20, 0x20, 0x20, 0x20, 0x20, 0x20, //
	0x20, 0x5f, 0x34, 0x32, 0x33, 0x36, 0x20, 0x3d, 0x20, 0x5f, 0x33, 0x37, 0x39, 0x34, 0x3b, 0x0a, //  _4236 = _3794;.
	0x20, 0x20, 0x20, 0x20, 0x20, 0x20, 0x20, 0x20, 0x20, 0x20, 0x20, 0x20, 0x20, 0x20, 0x20, 0x20, //
	0x20, 0x20, 0x20, 0x20, 0x7d, 0x0a, 0x20, 0x20, 0x20, 0x20, 0x20, 0x20, 0x20, 0x20, 0x20, 0x20, //     }.
	0x20, 0x20, 0x20, 0x20, 0x20, 0x20, 0x20, 0x20, 0x20, 0x20, 0x65, 0x6c, 0x73, 0x65, 0x0a, 0x20, //           else.
	0x20, 0x20, 0x20, 0x20, 0x20, 0x20, 0x20, 0x20, 0x20, 0x20, 0x20, 0x20, 0x20, 0x20, 0x20, 0x20, //
	0x20, 0x20, 0x20, 0x7b, 0x0a, 0x20, 0x20, 0x20, 0x20, 0x20, 0x20, 0x20, 0x20, 0x20, 0x20, 0x20, //    {.
	0x20, 0x20, 0x20, 0x20, 0x20, 0x20, 0x20, 0x20, 0x20, 0x20, 0x20, 0x20, 0x20, 0x75, 0x69, 0x6e, //              uin
	0x74, 0x20, 0x5f, 0x34, 0x32, 0x33, 0x37, 0x3b, 0x0a, 0x20, 0x20, 0x20, 0x20, 0x20, 0x20, 0x20, // t _4237;.
	0x20, 0x20, 0x20, 0x20, 0x20, 0x20, 0x20, 0x20, 0x20, 0x20, 0x20, 0x20, 0x20, 0x20, 0x20, 0x20, //
	0x20, 0x69, 0x66, 0x20, 0x28, 0x28, 0x5f, 0x33, 0x37, 0x39, 0x34, 0x20, 0x26, 0x20, 0x32, 0x35, //  if ((_3794 & 25
	0x35, 0x75, 0x29, 0x20, 0x3c, 0x20, 0x32, 0x75, 0x29, 0x0a, 0x20, 0x20, 0x20, 0x20, 0x20, 0x20, // 5u) < 2u).
	0x20, 0x20, 0x20, 0x20, 0x20, 0x20, 0x20, 0x20, 0x20, 0x20, 0x20, 0x20, 0x20, 0x20, 0x20, 0x20, //
	0x20, 0x20, 0x7b, 0x0a, 0x20, 0x20, 0x20, 0x20, 0x20, 0x20, 0x20, 0x20, 0x20, 0x20, 0x20, 0x20, //   {.
	0x20, 0x20, 0x20, 0x20, 0x20, 0x20, 0x20, 0x20, 0x20, 0x20, 0x20, 0x20, 0x20, 0x20, 0x20, 0x20, //
	0x5f, 0x34, 0x32, 0x33, 0x37, 0x20, 0x3d, 0x20, 0x28, 0x5f, 0x34, 0x32, 0x31, 0x36, 0x20, 0x21, // _4237 = (_4216 !
	0x3d, 0x20, 0x32, 0x35, 0x35, 0x75, 0x29, 0x20, 0x3f, 0x20, 0x28, 0x75, 0x69, 0x6e, 0x74, 0x28, // = 255u) ? (uint(
	0x28, 0x28, 0x5f, 0x33, 0x37, 0x39, 0x34, 0x20, 0x26, 0x20, 0x31, 0x75, 0x29, 0x20, 0x21, 0x3d, // ((_3794 & 1u) !=
	0x20, 0x30, 0x75, 0x29, 0x20, 0x3f, 0x20, 0x32, 0x34, 0x35, 0x37, 0x36, 0x20, 0x3a, 0x20, 0x31, //  0u) ? 24576 : 1
	0x36, 0x33, 0x38, 0x34, 0x29, 0x20, 0x7c, 0x20, 0x28, 0x5f, 0x34, 0x32, 0x31, 0x36, 0x20, 0x26, // 6384) | (_4216 &
	0x20, 0x38, 0x31, 0x39, 0x31, 0x75, 0x29, 0x29, 0x20, 0x3a, 0x20, 0x5f, 0x33, 0x37, 0x39, 0x34, //  8191u)) : _3794
	0x3b, 0x0a, 0x20, 0x20, 0x20, 0x20, 0x20, 0x20, 0x20, 0x20, 0x20, 0x20, 0x20, 0x20, 0x20, 0x20, // ;.
	0x20, 0x20, 0x20, 0x20, 0x20, 0x20, 0x20, 0x20, 0x20, 0x20, 0x7d, 0x0a, 0x20, 0x20, 0x20, 0x20, //           }.
	0x20, 0x20, 0x20, 0x20, 0x20, 0x20, 0x20, 0x20, 0x20, 0x20, 0x20, 0x20, 0x20, 0x20, 0x20, 0x20, //
	0x20, 0x20, 0x20, 0x20, 0x65, 0x6c, 0x73, 0x65, 0x0a, 0x20, 0x20, 0x20, 0x20, 0x20, 0x20, 0x20, //     else.
	0x20, 0x20, 0x20, 0x20, 0x20, 0x20, 0x20, 0x20, 0x20, 0x20, 0x20, 0x20, 0x20, 0x20, 0x20, 0x20, //
	0x20, 0x7b, 0x0a, 0x20, 0x20, 0x20, 0x20, 0x20, 0x20, 0x20, 0x20, 0x20, 0x20, 0x20, 0x20, 0x20, //  {.
	0x20, 0x20, 0x20, 0x20, 0x20, 0x20, 0x20, 0x20, 0x20, 0x20, 0x20, 0x20, 0x20, 0x20, 0x20, 0x5f, //                _
	0x34, 0x32, 0x33, 0x37, 0x20, 0x3d, 0x20, 0x34, 0x30, 0x39, 0x36, 0x75, 0x20, 0x7c, 0x20, 0x5f, // 4237 = 4096u | _
	0x33, 0x37, 0x39, 0x34, 0x3b, 0x0a, 0x20, 0x20, 0x20, 0x20, 0x20, 0x20, 0x20, 0x20, 0x20, 0x20, // 3794;.
	0x20, 0x20, 0x20, 0x20, 0x20, 0x20, 0x20, 0x20, 0x20, 0x20, 0x20, 0x20, 0x20, 0x20, 0x7d, 0x0a, //               }.
	0x20, 0x20, 0x20, 0x20, 0x20, 0x20, 0x20, 0x20, 0x20, 0x20, 0x20, 0x20, 0x20, 0x20, 0x20, 0x20, //
	0x20, 0x20, 0x20, 0x20, 0x20, 0x20, 0x20, 0x20, 0x5f, 0x34, 0x32, 0x33, 0x36, 0x20, 0x3d, 0x20, //         _4236 =
	0x5f, 0x34, 0x32, 0x33, 0x37, 0x3b, 0x0a, 0x20, 0x20, 0x20, 0x20, 0x20, 0x20, 0x20, 0x20, 0x20, // _4237;.
	0x20, 0x20, 0x20, 0x20, 0x20, 0x20, 0x20, 0x20, 0x20, 0x20, 0x20, 0x7d, 0x0a, 0x20, 0x20, 0x20, //            }.
	0x20, 0x20, 0x20, 0x20, 0x20, 0x20, 0x20, 0x20, 0x20, 0x20, 0x20, 0x20, 0x20, 0x20, 0x20, 0x20, //
	0x20, 0x5f, 0x34, 0x32, 0x33, 0x35, 0x20, 0x3d, 0x20, 0x5f, 0x34, 0x32, 0x33, 0x36, 0x3b, 0x0a, //  _4235 = _4236;.
	0x20, 0x20, 0x20, 0x20, 0x20, 0x20, 0x20, 0x20, 0x20, 0x20, 0x20, 0x20, 0x20, 0x20, 0x20, 0x20, //
	0x20, 0x20, 0x20, 0x20, 0x5f, 0x34, 0x32, 0x33, 0x34, 0x20, 0x3d, 0x20, 0x74, 0x72, 0x75, 0x65, //     _4234 = true
	0x3b, 0x0a, 0x20, 0x20, 0x20, 0x20, 0x20, 0x20, 0x20, 0x20, 0x20, 0x20, 0x20, 0x20, 0x20, 0x20, // ;.
	0x20, 0x20, 0x20, 0x20, 0x20, 0x20, 0x62, 0x72, 0x65, 0x61, 0x6b, 0x3b, 0x0a, 0x20, 0x20, 0x20, //       break;.
	0x20, 0x20, 0x20, 0x20, 0x20, 0x20, 0x20, 0x20, 0x20, 0x20, 0x20, 0x20, 0x20, 0x7d, 0x20, 0x77, //              } w
	0x68, 0x69, 0x6c, 0x65, 0x28, 0x66, 0x61, 0x6c, 0x73, 0x65, 0x29, 0x3b, 0x0a, 0x20, 0x20, 0x20, // hile(false);.
	0x20, 0x20, 0x20, 0x20, 0x20, 0x20, 0x20, 0x20, 0x20, 0x20, 0x20, 0x20, 0x20, 0x75, 0x69, 0x6e, //              uin
	0x74, 0x20, 0x5f, 0x34, 0x33, 0x31, 0x32, 0x3b, 0x0a, 0x20, 0x20, 0x20, 0x20, 0x20, 0x20, 0x20, // t _4312;.
	0x20, 0x20, 0x20, 0x20, 0x20, 0x20, 0x20, 0x20, 0x20, 0x69, 0x66, 0x20, 0x28, 0x28, 0x28, 0x28, //          if ((((
	0x28, 0x5f, 0x34, 0x32, 0x33, 0x34, 0x20, 0x26, 0x26, 0x20, 0x28, 0x28, 0x5f, 0x33, 0x33, 0x32, // (_4234 && ((_332
	0x31, 0x20, 0x26, 0x20, 0x32, 0x75, 0x29, 0x20, 0x21, 0x3d, 0x20, 0x30, 0x75, 0x29, 0x29, 0x20, // 1 & 2u) != 0u))
	0x26, 0x26, 0x20, 0x28, 0x5f, 0x33, 0x30, 0x30, 0x39, 0x20, 0x3d, 0x3d, 0x20, 0x31, 0x75, 0x29, // && (_3009 == 1u)
	0x29, 0x20, 0x26, 0x26, 0x20, 0x28, 0x5f, 0x34, 0x32, 0x33, 0x35, 0x20, 0x3e, 0x3d, 0x20, 0x34, // ) && (_4235 >= 4
	0x30, 0x39, 0x36, 0x75, 0x29, 0x29, 0x20, 0x26, 0x26, 0x20, 0x28, 0x5f, 0x34, 0x32, 0x33, 0x35, // 096u)) && (_4235
	0x20, 0x3c, 0x20, 0x38, 0x31, 0x39, 0x32, 0x75, 0x29, 0x29, 0x20, 0x26, 0x26, 0x20, 0x28, 0x5f, //  < 8192u)) && (_
	0x31, 0x32, 0x37, 0x31, 0x20, 0x3d, 0x3d, 0x20, 0x28, 0x28, 0x28, 0x28, 0x28, 0x5f, 0x32, 0x39, // 1271 == (((((_29
	0x34, 0x36, 0x20, 0x2b, 0x20, 0x31, 0x75, 0x29, 0x20, 0x2a, 0x20, 0x31, 0x30, 0x38, 0x30, 0x75, // 46 + 1u) * 1080u
	0x29, 0x20, 0x2b, 0x20, 0x34, 0x37, 0x39, 0x75, 0x29, 0x20, 0x2f, 0x20, 0x34, 0x38, 0x30, 0x75, // ) + 479u) / 480u
	0x29, 0x20, 0x2d, 0x20, 0x31, 0x75, 0x29, 0x29, 0x29, 0x0a, 0x20, 0x20, 0x20, 0x20, 0x20, 0x20, // ) - 1u))).
	0x20, 0x20, 0x20, 0x20, 0x20, 0x20, 0x20, 0x20, 0x20, 0x20, 0x7b, 0x0a, 0x20, 0x20, 0x20, 0x20, //           {.
	0x20, 0x20, 0x20, 0x20, 0x20, 0x20, 0x20, 0x20, 0x20, 0x20, 0x20, 0x20, 0x20, 0x20, 0x20, 0x20, //
	0x5f, 0x34, 0x33, 0x31, 0x32, 0x20, 0x3d, 0x20, 0x33, 0x32, 0x37, 0x36, 0x38, 0x75, 0x20, 0x7c, // _4312 = 32768u |
	0x20, 0x28, 0x5f, 0x34, 0x32, 0x33, 0x35, 0x20, 0x26, 0x20, 0x34, 0x30, 0x39, 0x35, 0x75, 0x29, //  (_4235 & 4095u)
	0x3b, 0x0a, 0x20, 0x20, 0x20, 0x20, 0x20, 0x20, 0x20, 0x20, 0x20, 0x20, 0x20, 0x20, 0x20, 0x20, // ;.
	0x20, 0x20, 0x7d, 0x0a, 0x20, 0x20, 0x20, 0x20, 0x20, 0x20, 0x20, 0x20, 0x20, 0x20, 0x20, 0x20, //   }.
	0x20, 0x20, 0x20, 0x20, 0x65, 0x6c, 0x73, 0x65, 0x0a, 0x20, 0x20, 0x20, 0x20, 0x20, 0x20, 0x20, //     else.
	0x20, 0x20, 0x20, 0x20, 0x20, 0x20, 0x20, 0x20, 0x20, 0x7b, 0x0a, 0x20, 0x20, 0x20, 0x20, 0x20, //          {.
	0x20, 0x20, 0x20, 0x20, 0x20, 0x20, 0x20, 0x20, 0x20, 0x20, 0x20, 0x20, 0x20, 0x20, 0x20, 0x5f, //                _
	0x34, 0x33, 0x31, 0x32, 0x20, 0x3d, 0x20, 0x5f, 0x34, 0x32, 0x33, 0x35, 0x3b, 0x0a, 0x20, 0x20, // 4312 = _4235;.
	0x20, 0x20, 0x20, 0x20, 0x20, 0x20, 0x20, 0x20, 0x20, 0x20, 0x20, 0x20, 0x20, 0x20, 0x7d, 0x0a, //               }.
	0x20, 0x20, 0x20, 0x20, 0x20, 0x20, 0x20, 0x20, 0x20, 0x20, 0x20, 0x20, 0x20, 0x20, 0x20, 0x20, //
	0x5f, 0x34, 0x33, 0x31, 0x31, 0x20, 0x3d, 0x20, 0x5f, 0x34, 0x33, 0x31, 0x32, 0x3b, 0x0a, 0x20, // _4311 = _4312;.
	0x20, 0x20, 0x20, 0x20, 0x20, 0x20, 0x20, 0x20, 0x20, 0x20, 0x20, 0x20, 0x20, 0x20, 0x20, 0x5f, //                _
	0x34, 0x32, 0x34, 0x34, 0x20, 0x3d, 0x20, 0x5f, 0x34, 0x32, 0x32, 0x33, 0x20, 0x3f, 0x20, 0x66, // 4244 = _4223 ? f
	0x61, 0x6c, 0x73, 0x65, 0x20, 0x3a, 0x20, 0x5f, 0x34, 0x34, 0x38, 0x35, 0x3b, 0x0a, 0x20, 0x20, // alse : _4485;.
	0x20, 0x20, 0x20, 0x20, 0x20, 0x20, 0x20, 0x20, 0x20, 0x20, 0x20, 0x20, 0x20, 0x20, 0x5f, 0x34, //               _4
	0x32, 0x33, 0x38, 0x20, 0x3d, 0x20, 0x5f, 0x34, 0x32, 0x34, 0x31, 0x3b, 0x0a, 0x20, 0x20, 0x20, // 238 = _4241;.
	0x20, 0x20, 0x20, 0x20, 0x20, 0x20, 0x20, 0x20, 0x20, 0x7d, 0x0a, 0x20, 0x20, 0x20, 0x20, 0x20, //          }.
	0x20, 0x20, 0x20, 0x20, 0x20, 0x20, 0x20, 0x65, 0x6c, 0x73, 0x65, 0x0a, 0x20, 0x20, 0x20, 0x20, //        else.
	0x20, 0x20, 0x20, 0x20, 0x20, 0x20, 0x20, 0x20, 0x7b, 0x0a, 0x20, 0x20, 0x20, 0x20, 0x20, 0x20, //         {.
	0x20, 0x20, 0x20, 0x20, 0x20, 0x20, 0x20, 0x20, 0x20, 0x20, 0x5f, 0x34, 0x33, 0x31, 0x31, 0x20, //           _4311
	0x3d, 0x20, 0x5f, 0x34, 0x32, 0x31, 0x36, 0x3b, 0x0a, 0x20, 0x20, 0x20, 0x20, 0x20, 0x20, 0x20, // = _4216;.
	0x20, 0x20, 0x20, 0x20, 0x20, 0x20, 0x20, 0x20, 0x20, 0x5f, 0x34, 0x32, 0x34, 0x34, 0x20, 0x3d, //          _4244 =
	0x20, 0x5f, 0x34, 0x34, 0x38, 0x35, 0x3b, 0x0a, 0x20, 0x20, 0x20, 0x20, 0x20, 0x20, 0x20, 0x20, //  _4485;.
	0x20, 0x20, 0x20, 0x20, 0x20, 0x20, 0x20, 0x20, 0x5f, 0x34, 0x32, 0x33, 0x38, 0x20, 0x3d, 0x20, //         _4238 =
	0x5f, 0x34, 0x32, 0x30, 0x34, 0x3b, 0x0a, 0x20, 0x20, 0x20, 0x20, 0x20, 0x20, 0x20, 0x20, 0x20, // _4204;.
	0x20, 0x20, 0x20, 0x7d, 0x0a, 0x20, 0x20, 0x20, 0x20, 0x20, 0x20, 0x20, 0x20, 0x20, 0x20, 0x20, //    }.
	0x20, 0x75, 0x69, 0x6e, 0x74, 0x34, 0x20, 0x5f, 0x33, 0x38, 0x33, 0x32, 0x20, 0x3d, 0x20, 0x70, //  uint4 _3832 = p
	0x61, 0x6c, 0x65, 0x74, 0x74, 0x65, 0x2e, 0x72, 0x65, 0x61, 0x64, 0x28, 0x75, 0x69, 0x6e, 0x74, // alette.read(uint
	0x32, 0x28, 0x69, 0x6e, 0x74, 0x32, 0x28, 0x69, 0x6e, 0x74, 0x28, 0x5f, 0x34, 0x32, 0x33, 0x38, // 2(int2(int(_4238
	0x20, 0x25, 0x20, 0x32, 0x35, 0x36, 0x75, 0x29, 0x2c, 0x20, 0x69, 0x6e, 0x74, 0x28, 0x5f, 0x34, //  % 256u), int(_4
	0x32, 0x33, 0x38, 0x20, 0x2f, 0x20, 0x32, 0x35, 0x36, 0x75, 0x29, 0x29, 0x29, 0x2c, 0x20, 0x30, // 238 / 256u))), 0
	0x29, 0x3b, 0x0a, 0x20, 0x20, 0x20, 0x20, 0x20, 0x20, 0x20, 0x20, 0x20, 0x20, 0x20, 0x20, 0x75, // );.            u
	0x69, 0x6e, 0x74, 0x20, 0x5f, 0x33, 0x38, 0x33, 0x33, 0x20, 0x3d, 0x20, 0x5f, 0x33, 0x38, 0x33, // int _3833 = _383
	0x32, 0x2e, 0x78, 0x3b, 0x0a, 0x20, 0x20, 0x20, 0x20, 0x20, 0x20, 0x20, 0x20, 0x20, 0x20, 0x20, // 2.x;.
	0x20, 0x66, 0x6c, 0x6f, 0x61, 0x74, 0x33, 0x20, 0x5f, 0x33, 0x32, 0x30, 0x32, 0x20, 0x3d, 0x20, //  float3 _3202 =
	0x66, 0x6c, 0x6f, 0x61, 0x74, 0x33, 0x28, 0x66, 0x6c, 0x6f, 0x61, 0x74, 0x28, 0x28, 0x5f, 0x33, // float3(float((_3
	0x38, 0x33, 0x33, 0x20, 0x3e, 0x3e, 0x20, 0x75, 0x69, 0x6e, 0x74, 0x28, 0x31, 0x36, 0x29, 0x29, // 833 >> uint(16))
	0x20, 0x26, 0x20, 0x32, 0x35, 0x35, 0x75, 0x29, 0x2c, 0x20, 0x66, 0x6c, 0x6f, 0x61, 0x74, 0x28, //  & 255u), float(
	0x28, 0x5f, 0x33, 0x38, 0x33, 0x33, 0x20, 0x3e, 0x3e, 0x20, 0x75, 0x69, 0x6e, 0x74, 0x28, 0x38, // (_3833 >> uint(8
	0x29, 0x29, 0x20, 0x26, 0x20, 0x32, 0x35, 0x35, 0x75, 0x29, 0x2c, 0x20, 0x66, 0x6c, 0x6f, 0x61, // )) & 255u), floa
	0x74, 0x28, 0x5f, 0x33, 0x38, 0x33, 0x33, 0x20, 0x26, 0x20, 0x32, 0x35, 0x35, 0x75, 0x29, 0x29, // t(_3833 & 255u))
	0x3b, 0x0a, 0x20, 0x20, 0x20, 0x20, 0x20, 0x20, 0x20, 0x20, 0x20, 0x20, 0x20, 0x20, 0x66, 0x6c, // ;.            fl
	0x6f, 0x61, 0x74, 0x33, 0x20, 0x5f, 0x34, 0x33, 0x31, 0x34, 0x3b, 0x0a, 0x20, 0x20, 0x20, 0x20, // oat3 _4314;.
	0x20, 0x20, 0x20, 0x20, 0x20, 0x20, 0x20, 0x20, 0x69, 0x66, 0x20, 0x28, 0x5f, 0x34, 0x32, 0x34, //         if (_424
	0x34, 0x29, 0x0a, 0x20, 0x20, 0x20, 0x20, 0x20, 0x20, 0x20, 0x20, 0x20, 0x20, 0x20, 0x20, 0x7b, // 4).            {
	0x0a, 0x20, 0x20, 0x20, 0x20, 0x20, 0x20, 0x20, 0x20, 0x20, 0x20, 0x20, 0x20, 0x20, 0x20, 0x20, // .
	0x20, 0x75, 0x69, 0x6e, 0x74, 0x34, 0x20, 0x5f, 0x33, 0x38, 0x33, 0x39, 0x20, 0x3d, 0x20, 0x70, //  uint4 _3839 = p
	0x61, 0x6c, 0x65, 0x74, 0x74, 0x65, 0x2e, 0x72, 0x65, 0x61, 0x64, 0x28, 0x75, 0x69, 0x6e, 0x74, // alette.read(uint
	0x32, 0x28, 0x69, 0x6e, 0x74, 0x32, 0x28, 0x32, 0x32, 0x2c, 0x20, 0x31, 0x34, 0x34, 0x29, 0x29, // 2(int2(22, 144))
	0x2c, 0x20, 0x30, 0x29, 0x3b, 0x0a, 0x20, 0x20, 0x20, 0x20, 0x20, 0x20, 0x20, 0x20, 0x20, 0x20, // , 0);.
	0x20, 0x20, 0x20, 0x20, 0x20, 0x20, 0x75, 0x69, 0x6e, 0x74, 0x20, 0x5f, 0x33, 0x38, 0x34, 0x30, //       uint _3840
	0x20, 0x3d, 0x20, 0x5f, 0x33, 0x38, 0x33, 0x39, 0x2e, 0x78, 0x3b, 0x0a, 0x20, 0x20, 0x20, 0x20, //  = _3839.x;.
	0x20, 0x20, 0x20, 0x20, 0x20, 0x20, 0x20, 0x20, 0x20, 0x20, 0x20, 0x20, 0x66, 0x6c, 0x6f, 0x61, //             floa
	0x74, 0x33, 0x20, 0x5f, 0x33, 0x32, 0x32, 0x35, 0x20, 0x3d, 0x20, 0x66, 0x61, 0x73, 0x74, 0x3a, // t3 _3225 = fast:
	0x3a, 0x6d, 0x69, 0x6e, 0x28, 0x66, 0x6c, 0x6f, 0x61, 0x74, 0x33, 0x28, 0x32, 0x35, 0x35, 0x2e, // :min(float3(255.
	0x30, 0x29, 0x2c, 0x20, 0x66, 0x6c, 0x6f, 0x6f, 0x72, 0x28, 0x28, 0x28, 0x5f, 0x33, 0x32, 0x30, // 0), floor(((_320
	0x32, 0x20, 0x2a, 0x20, 0x28, 0x28, 0x5f, 0x33, 0x38, 0x34, 0x30, 0x20, 0x3d, 0x3d, 0x20, 0x31, // 2 * ((_3840 == 1
	0x75, 0x29, 0x20, 0x3f, 0x20, 0x38, 0x30, 0x2e, 0x30, 0x20, 0x3a, 0x20, 0x28, 0x28, 0x5f, 0x33, // u) ? 80.0 : ((_3
	0x38, 0x34, 0x30, 0x20, 0x3d, 0x3d, 0x20, 0x33, 0x75, 0x29, 0x20, 0x3f, 0x20, 0x31, 0x32, 0x35, // 840 == 3u) ? 125
	0x2e, 0x30, 0x20, 0x3a, 0x20, 0x28, 0x28, 0x5f, 0x33, 0x38, 0x34, 0x30, 0x20, 0x3d, 0x3d, 0x20, // .0 : ((_3840 ==
	0x30, 0x75, 0x29, 0x20, 0x3f, 0x20, 0x31, 0x36, 0x30, 0x2e, 0x30, 0x20, 0x3a, 0x20, 0x31, 0x30, // 0u) ? 160.0 : 10
	0x30, 0x2e, 0x30, 0x29, 0x29, 0x29, 0x29, 0x20, 0x2b, 0x20, 0x66, 0x6c, 0x6f, 0x61, 0x74, 0x33, // 0.0)))) + float3
	0x28, 0x35, 0x30, 0x2e, 0x30, 0x29, 0x29, 0x20, 0x2a, 0x20, 0x66, 0x6c, 0x6f, 0x61, 0x74, 0x33, // (50.0)) * float3
	0x28, 0x30, 0x2e, 0x30, 0x30, 0x39, 0x39, 0x39, 0x39, 0x39, 0x39, 0x39, 0x37, 0x37, 0x36, 0x34, // (0.0099999997764
	0x38, 0x32, 0x35, 0x38, 0x32, 0x30, 0x39, 0x32, 0x32, 0x38, 0x35, 0x31, 0x35, 0x36, 0x32, 0x35, // 8258209228515625
	0x29, 0x29, 0x29, 0x3b, 0x0a, 0x20, 0x20, 0x20, 0x20, 0x20, 0x20, 0x20, 0x20, 0x20, 0x20, 0x20, // )));.
	0x20, 0x20, 0x20, 0x20, 0x20, 0x66, 0x6c, 0x6f, 0x61, 0x74, 0x33, 0x20, 0x5f, 0x34, 0x33, 0x31, //      float3 _431
	0x35, 0x3b, 0x0a, 0x20, 0x20, 0x20, 0x20, 0x20, 0x20, 0x20, 0x20, 0x20, 0x20, 0x20, 0x20, 0x20, // 5;.
	0x20, 0x20, 0x20, 0x69, 0x66, 0x20, 0x28, 0x5f, 0x32, 0x39, 0x33, 0x35, 0x29, 0x0a, 0x20, 0x20, //    if (_2935).
	0x20, 0x20, 0x20, 0x20, 0x20, 0x20, 0x20, 0x20, 0x20, 0x20, 0x20, 0x20, 0x20, 0x20, 0x7b, 0x0a, //               {.
	0x20, 0x20, 0x20, 0x20, 0x20, 0x20, 0x20, 0x20, 0x20, 0x20, 0x20, 0x20, 0x20, 0x20, 0x20, 0x20, //
	0x20, 0x20, 0x20, 0x20, 0x5f, 0x34, 0x33, 0x31, 0x35, 0x20, 0x3d, 0x20, 0x66, 0x6c, 0x6f, 0x6f, //     _4315 = floo
	0x72, 0x28, 0x28, 0x5f, 0x33, 0x32, 0x32, 0x35, 0x20, 0x2a, 0x20, 0x30, 0x2e, 0x35, 0x29, 0x20, // r((_3225 * 0.5)
	0x2b, 0x20, 0x66, 0x6c, 0x6f, 0x61, 0x74, 0x33, 0x28, 0x30, 0x2e, 0x35, 0x29, 0x29, 0x3b, 0x0a, // + float3(0.5));.
	0x20, 0x20, 0x20, 0x20, 0x20, 0x20, 0x20, 0x20, 0x20, 0x20, 0x20, 0x20, 0x20, 0x20, 0x20, 0x20, //
	0x7d, 0x0a, 0x20, 0x20, 0x20, 0x20, 0x20, 0x20, 0x20, 0x20, 0x20, 0x20, 0x20, 0x20, 0x20, 0x20, // }.
	0x20, 0x20, 0x65, 0x6c, 0x73, 0x65, 0x0a, 0x20, 0x20, 0x20, 0x20, 0x20, 0x20, 0x20, 0x20, 0x20, //   else.
	0x20, 0x20, 0x20, 0x20, 0x20, 0x20, 0x20, 0x7b, 0x0a, 0x20, 0x20, 0x20, 0x20, 0x20, 0x20, 0x20, //        {.
	0x20, 0x20, 0x20, 0x20, 0x20, 0x20, 0x20, 0x20, 0x20, 0x20, 0x20, 0x20, 0x20, 0x5f, 0x34, 0x33, //              _43
	0x31, 0x35, 0x20, 0x3d, 0x20, 0x5f, 0x33, 0x32, 0x32, 0x35, 0x3b, 0x0a, 0x20, 0x20, 0x20, 0x20, // 15 = _3225;.
	0x20, 0x20, 0x20, 0x20, 0x20, 0x20, 0x20, 0x20, 0x20, 0x20, 0x20, 0x20, 0x7d, 0x0a, 0x20, 0x20, //             }.
	0x20, 0x20, 0x20, 0x20, 0x20, 0x20, 0x20, 0x20, 0x20, 0x20, 0x20, 0x20, 0x20, 0x20, 0x5f, 0x34, //               _4
	0x33, 0x31, 0x34, 0x20, 0x3d, 0x20, 0x5f, 0x34, 0x33, 0x31, 0x35, 0x3b, 0x0a, 0x20, 0x20, 0x20, // 314 = _4315;.
	0x20, 0x20, 0x20, 0x20, 0x20, 0x20, 0x20, 0x20, 0x20, 0x7d, 0x0a, 0x20, 0x20, 0x20, 0x20, 0x20, //          }.
	0x20, 0x20, 0x20, 0x20, 0x20, 0x20, 0x20, 0x65, 0x6c, 0x73, 0x65, 0x0a, 0x20, 0x20, 0x20, 0x20, //        else.
	0x20, 0x20, 0x20, 0x20, 0x20, 0x20, 0x20, 0x20, 0x7b, 0x0a, 0x20, 0x20, 0x20, 0x20, 0x20, 0x20, //         {.
	0x20, 0x20, 0x20, 0x20, 0x20, 0x20, 0x20, 0x20, 0x20, 0x20, 0x5f, 0x34, 0x33, 0x31, 0x34, 0x20, //           _4314
	0x3d, 0x20, 0x5f, 0x33, 0x32, 0x30, 0x32, 0x3b, 0x0a, 0x20, 0x20, 0x20, 0x20, 0x20, 0x20, 0x20, // = _3202;.
	0x20, 0x20, 0x20, 0x20, 0x20, 0x7d, 0x0a, 0x20, 0x20, 0x20, 0x20, 0x20, 0x20, 0x20, 0x20, 0x20, //      }.
	0x20, 0x20, 0x20, 0x66, 0x6c, 0x6f, 0x61, 0x74, 0x33, 0x20, 0x5f, 0x34, 0x33, 0x31, 0x36, 0x3b, //    float3 _4316;
	0x0a, 0x20, 0x20, 0x20, 0x20, 0x20, 0x20, 0x20, 0x20, 0x20, 0x20, 0x20, 0x20, 0x69, 0x66, 0x20, // .            if
	0x28, 0x5f, 0x34, 0x32, 0x34, 0x34, 0x20, 0x26, 0x26, 0x20, 0x28, 0x5f, 0x34, 0x32, 0x38, 0x36, // (_4244 && (_4286
	0x20, 0x3c, 0x20, 0x32, 0x35, 0x35, 0x75, 0x29, 0x29, 0x0a, 0x20, 0x20, 0x20, 0x20, 0x20, 0x20, //  < 255u)).
	0x20, 0x20, 0x20, 0x20, 0x20, 0x20, 0x7b, 0x0a, 0x20, 0x20, 0x20, 0x20, 0x20, 0x20, 0x20, 0x20, //       {.
	0x20, 0x20, 0x20, 0x20, 0x20, 0x20, 0x20, 0x20, 0x75, 0x69, 0x6e, 0x74, 0x34, 0x20, 0x5f, 0x33, //         uint4 _3
	0x38, 0x34, 0x36, 0x20, 0x3d, 0x20, 0x70, 0x61, 0x6c, 0x65, 0x74, 0x74, 0x65, 0x2e, 0x72, 0x65, // 846 = palette.re
	0x61, 0x64, 0x28, 0x75, 0x69, 0x6e, 0x74, 0x32, 0x28, 0x69, 0x6e, 0x74, 0x32, 0x28, 0x69, 0x6e, // ad(uint2(int2(in
	0x74, 0x28, 0x5f, 0x34, 0x33, 0x31, 0x31, 0x20, 0x25, 0x20, 0x32, 0x35, 0x36, 0x75, 0x29, 0x2c, // t(_4311 % 256u),
	0x20, 0x69, 0x6e, 0x74, 0x28, 0x5f, 0x34, 0x33, 0x31, 0x31, 0x20, 0x2f, 0x20, 0x32, 0x35, 0x36, //  int(_4311 / 256
	0x75, 0x29, 0x29, 0x29, 0x2c, 0x20, 0x30, 0x29, 0x3b, 0x0a, 0x20, 0x20, 0x20, 0x20, 0x20, 0x20, // u))), 0);.
	0x20, 0x20, 0x20, 0x20, 0x20, 0x20, 0x20, 0x20, 0x20, 0x20, 0x75, 0x69, 0x6e, 0x74, 0x20, 0x5f, //           uint _
	0x33, 0x38, 0x34, 0x37, 0x20, 0x3d, 0x20, 0x5f, 0x33, 0x38, 0x34, 0x36, 0x2e, 0x78, 0x3b, 0x0a, // 3847 = _3846.x;.
	0x20, 0x20, 0x20, 0x20, 0x20, 0x20, 0x20, 0x20, 0x20, 0x20, 0x20, 0x20, 0x20, 0x20, 0x20, 0x20, //
	0x5f, 0x34, 0x33, 0x31, 0x36, 0x20, 0x3d, 0x20, 0x6d, 0x69, 0x78, 0x28, 0x66, 0x6c, 0x6f, 0x61, // _4316 = mix(floa
	0x74, 0x33, 0x28, 0x66, 0x6c, 0x6f, 0x61, 0x74, 0x28, 0x28, 0x5f, 0x33, 0x38, 0x34, 0x37, 0x20, // t3(float((_3847
	0x3e, 0x3e, 0x20, 0x75, 0x69, 0x6e, 0x74, 0x28, 0x31, 0x36, 0x29, 0x29, 0x20, 0x26, 0x20, 0x32, // >> uint(16)) & 2
	0x35, 0x35, 0x75, 0x29, 0x2c, 0x20, 0x66, 0x6c, 0x6f, 0x61, 0x74, 0x28, 0x28, 0x5f, 0x33, 0x38, // 55u), float((_38
	0x34, 0x37, 0x20, 0x3e, 0x3e, 0x20, 0x75, 0x69, 0x6e, 0x74, 0x28, 0x38, 0x29, 0x29, 0x20, 0x26, // 47 >> uint(8)) &
	0x20, 0x32, 0x35, 0x35, 0x75, 0x29, 0x2c, 0x20, 0x66, 0x6c, 0x6f, 0x61, 0x74, 0x28, 0x5f, 0x33, //  255u), float(_3
	0x38, 0x34, 0x37, 0x20, 0x26, 0x20, 0x32, 0x35, 0x35, 0x75, 0x29, 0x29, 0x2c, 0x20, 0x5f, 0x34, // 847 & 255u)), _4
	0x33, 0x31, 0x34, 0x2c, 0x20, 0x66, 0x6c, 0x6f, 0x61, 0x74, 0x33, 0x28, 0x66, 0x6c, 0x6f, 0x61, // 314, float3(floa
	0x74, 0x28, 0x5f, 0x34, 0x32, 0x38, 0x36, 0x29, 0x20, 0x2a, 0x20, 0x30, 0x2e, 0x30, 0x30, 0x33, // t(_4286) * 0.003
	0x39, 0x32, 0x31, 0x35, 0x36, 0x38, 0x38, 0x35, 0x39, 0x33, 0x36, 0x38, 0x35, 0x36, 0x32, 0x36, // 9215688593685626
	0x39, 0x38, 0x33, 0x36, 0x34, 0x32, 0x35, 0x37, 0x38, 0x31, 0x32, 0x35, 0x29, 0x29, 0x3b, 0x0a, // 983642578125));.
	0x20, 0x20, 0x20, 0x20, 0x20, 0x20, 0x20, 0x20, 0x20, 0x20, 0x20, 0x20, 0x7d, 0x0a, 0x20, 0x20, //             }.
	0x20, 0x20, 0x20, 0x20, 0x20, 0x20, 0x20, 0x20, 0x20, 0x20, 0x65, 0x6c, 0x73, 0x65, 0x0a, 0x20, //           else.
	0x20, 0x20, 0x20, 0x20, 0x20, 0x20, 0x20, 0x20, 0x20, 0x20, 0x20, 0x7b, 0x0a, 0x20, 0x20, 0x20, //            {.
	0x20, 0x20, 0x20, 0x20, 0x20, 0x20, 0x20, 0x20, 0x20, 0x20, 0x20, 0x20, 0x20, 0x5f, 0x34, 0x33, //              _43
	0x31, 0x36, 0x20, 0x3d, 0x20, 0x5f, 0x34, 0x33, 0x31, 0x34, 0x3b, 0x0a, 0x20, 0x20, 0x20, 0x20, // 16 = _4314;.
	0x20, 0x20, 0x20, 0x20, 0x20, 0x20, 0x20, 0x20, 0x7d, 0x0a, 0x20, 0x20, 0x20, 0x20, 0x20, 0x20, //         }.
	0x20, 0x20, 0x20, 0x20, 0x20, 0x20, 0x66, 0x6c, 0x6f, 0x61, 0x74, 0x34, 0x20, 0x5f, 0x33, 0x33, //       float4 _33
	0x31, 0x35, 0x20, 0x3d, 0x20, 0x66, 0x6c, 0x6f, 0x61, 0x74, 0x34, 0x28, 0x5f, 0x34, 0x33, 0x31, // 15 = float4(_431
	0x36, 0x2c, 0x20, 0x32, 0x35, 0x35, 0x2e, 0x30, 0x29, 0x20, 0x2a, 0x20, 0x66, 0x6c, 0x6f, 0x61, // 6, 255.0) * floa
	0x74, 0x34, 0x28, 0x30, 0x2e, 0x30, 0x30, 0x33, 0x39, 0x32, 0x31, 0x35, 0x36, 0x38, 0x38, 0x35, // t4(0.00392156885
	0x39, 0x33, 0x36, 0x38, 0x35, 0x36, 0x32, 0x36, 0x39, 0x38, 0x33, 0x36, 0x34, 0x32, 0x35, 0x37, // 9368562698364257
	0x38, 0x31, 0x32, 0x35, 0x29, 0x3b, 0x0a, 0x20, 0x20, 0x20, 0x20, 0x20, 0x20, 0x20, 0x20, 0x20, // 8125);.
	0x20, 0x20, 0x20, 0x5f, 0x34, 0x33, 0x31, 0x37, 0x20, 0x3d, 0x20, 0x73, 0x65, 0x6c, 0x65, 0x63, //    _4317 = selec
	0x74, 0x28, 0x5f, 0x32, 0x30, 0x34, 0x33, 0x2c, 0x20, 0x5f, 0x33, 0x33, 0x31, 0x35, 0x2c, 0x20, // t(_2043, _3315,
	0x62, 0x6f, 0x6f, 0x6c, 0x34, 0x28, 0x66, 0x61, 0x73, 0x74, 0x3a, 0x3a, 0x6d, 0x61, 0x78, 0x28, // bool4(fast::max(
	0x5f, 0x33, 0x33, 0x31, 0x35, 0x2e, 0x78, 0x2c, 0x20, 0x66, 0x61, 0x73, 0x74, 0x3a, 0x3a, 0x6d, // _3315.x, fast::m
	0x61, 0x78, 0x28, 0x5f, 0x33, 0x33, 0x31, 0x35, 0x2e, 0x79, 0x2c, 0x20, 0x5f, 0x33, 0x33, 0x31, // ax(_3315.y, _331
	0x35, 0x2e, 0x7a, 0x29, 0x29, 0x20, 0x3e, 0x20, 0x30, 0x2e, 0x30, 0x39, 0x36, 0x30, 0x37, 0x38, // 5.z)) > 0.096078
	0x34, 0x33, 0x33, 0x30, 0x39, 0x36, 0x34, 0x30, 0x38, 0x38, 0x34, 0x33, 0x39, 0x39, 0x34, 0x31, // 4330964088439941
	0x34, 0x30, 0x36, 0x32, 0x35, 0x29, 0x29, 0x3b, 0x0a, 0x20, 0x20, 0x20, 0x20, 0x20, 0x20, 0x20, // 40625));.
	0x20, 0x7d, 0x0a, 0x20, 0x20, 0x20, 0x20, 0x20, 0x20, 0x20, 0x20, 0x65, 0x6c, 0x73, 0x65, 0x0a, //  }.        else.
	0x20, 0x20, 0x20, 0x20, 0x20, 0x20, 0x20, 0x20, 0x7b, 0x0a, 0x20, 0x20, 0x20, 0x20, 0x20, 0x20, //         {.
	0x20, 0x20, 0x20, 0x20, 0x20, 0x20, 0x5f, 0x34, 0x33, 0x31, 0x37, 0x20, 0x3d, 0x20, 0x5f, 0x32, //       _4317 = _2
	0x30, 0x34, 0x33, 0x3b, 0x0a, 0x20, 0x20, 0x20, 0x20, 0x20, 0x20, 0x20, 0x20, 0x7d, 0x0a, 0x20, // 043;.        }.
	0x20, 0x20, 0x20, 0x20, 0x20, 0x20, 0x20, 0x77, 0x69, 0x72, 0x65, 0x4d, 0x61, 0x73, 0x6b, 0x2e, //        wireMask.
	0x77, 0x72, 0x69, 0x74, 0x65, 0x28, 0x66, 0x6c, 0x6f, 0x61, 0x74, 0x34, 0x28, 0x73, 0x65, 0x6c, // write(float4(sel
	0x65, 0x63, 0x74, 0x28, 0x66, 0x6c, 0x6f, 0x61, 0x74, 0x33, 0x28, 0x30, 0x2e, 0x30, 0x29, 0x2c, // ect(float3(0.0),
	0x20, 0x28, 0x66, 0x6c, 0x6f, 0x61, 0x74, 0x33, 0x28, 0x66, 0x6c, 0x6f, 0x61, 0x74, 0x28, 0x28, //  (float3(float((
	0x5f, 0x32, 0x35, 0x36, 0x31, 0x20, 0x3e, 0x3e, 0x20, 0x75, 0x69, 0x6e, 0x74, 0x28, 0x31, 0x36, // _2561 >> uint(16
	0x29, 0x29, 0x20, 0x26, 0x20, 0x32, 0x35, 0x35, 0x75, 0x29, 0x2c, 0x20, 0x66, 0x6c, 0x6f, 0x61, // )) & 255u), floa
	0x74, 0x28, 0x28, 0x5f, 0x32, 0x35, 0x36, 0x31, 0x20, 0x3e, 0x3e, 0x20, 0x75, 0x69, 0x6e, 0x74, // t((_2561 >> uint
	0x28, 0x38, 0x29, 0x29, 0x20, 0x26, 0x20, 0x32, 0x35, 0x35, 0x75, 0x29, 0x2c, 0x20, 0x66, 0x6c, // (8)) & 255u), fl
	0x6f, 0x61, 0x74, 0x28, 0x5f, 0x32, 0x35, 0x36, 0x31, 0x20, 0x26, 0x20, 0x32, 0x35, 0x35, 0x75, // oat(_2561 & 255u
	0x29, 0x29, 0x20, 0x2a, 0x20, 0x28, 0x66, 0x6c, 0x6f, 0x61, 0x74, 0x28, 0x5f, 0x34, 0x30, 0x37, // )) * (float(_407
	0x36, 0x29, 0x20, 0x2a, 0x20, 0x30, 0x2e, 0x30, 0x30, 0x33, 0x39, 0x32, 0x31, 0x35, 0x36, 0x38, // 6) * 0.003921568
	0x38, 0x35, 0x39, 0x33, 0x36, 0x38, 0x35, 0x36, 0x32, 0x36, 0x39, 0x38, 0x33, 0x36, 0x34, 0x32, // 8593685626983642
	0x35, 0x37, 0x38, 0x31, 0x32, 0x35, 0x29, 0x29, 0x20, 0x2a, 0x20, 0x28, 0x5f, 0x31, 0x36, 0x36, // 578125)) * (_166
	0x33, 0x20, 0x3f, 0x20, 0x30, 0x2e, 0x35, 0x20, 0x3a, 0x20, 0x31, 0x2e, 0x30, 0x29, 0x2c, 0x20, // 3 ? 0.5 : 1.0),
	0x62, 0x6f, 0x6f, 0x6c, 0x33, 0x28, 0x5f, 0x34, 0x30, 0x33, 0x34, 0x20, 0x26, 0x26, 0x20, 0x28, // bool3(_4034 && (
	0x5f, 0x34, 0x30, 0x37, 0x36, 0x20, 0x21, 0x3d, 0x20, 0x30, 0x75, 0x29, 0x29, 0x29, 0x2c, 0x20, // _4076 != 0u))),
	0x5f, 0x34, 0x31, 0x31, 0x30, 0x20, 0x3f, 0x20, 0x32, 0x35, 0x35, 0x2e, 0x30, 0x20, 0x3a, 0x20, // _4110 ? 255.0 :
	0x28, 0x5f, 0x34, 0x30, 0x33, 0x34, 0x20, 0x3f, 0x20, 0x28, 0x66, 0x6c, 0x6f, 0x61, 0x74, 0x28, // (_4034 ? (float(
	0x5f, 0x34, 0x30, 0x37, 0x36, 0x29, 0x20, 0x2a, 0x20, 0x30, 0x2e, 0x39, 0x39, 0x36, 0x30, 0x37, // _4076) * 0.99607
	0x38, 0x34, 0x33, 0x31, 0x36, 0x30, 0x36, 0x32, 0x39, 0x32, 0x37, 0x32, 0x34, 0x36, 0x30, 0x39, // 8431606292724609
	0x33, 0x37, 0x35, 0x29, 0x20, 0x3a, 0x20, 0x30, 0x2e, 0x30, 0x29, 0x29, 0x20, 0x2a, 0x20, 0x66, // 375) : 0.0)) * f
	0x6c, 0x6f, 0x61, 0x74, 0x34, 0x28, 0x30, 0x2e, 0x30, 0x30, 0x33, 0x39, 0x32, 0x31, 0x35, 0x36, // loat4(0.00392156
	0x38, 0x38, 0x35, 0x39, 0x33, 0x36, 0x38, 0x35, 0x36, 0x32, 0x36, 0x39, 0x38, 0x33, 0x36, 0x34, // 8859368562698364
	0x32, 0x35, 0x37, 0x38, 0x31, 0x32, 0x35, 0x29, 0x2c, 0x20, 0x75, 0x69, 0x6e, 0x74, 0x32, 0x28, // 2578125), uint2(
	0x69, 0x6e, 0x74, 0x32, 0x28, 0x69, 0x6e, 0x74, 0x28, 0x5f, 0x31, 0x31, 0x39, 0x39, 0x29, 0x2c, // int2(int(_1199),
	0x20, 0x69, 0x6e, 0x74, 0x28, 0x5f, 0x31, 0x32, 0x30, 0x32, 0x29, 0x29, 0x29, 0x29, 0x3b, 0x0a, //  int(_1202))));.
	0x20, 0x20, 0x20, 0x20, 0x20, 0x20, 0x20, 0x20, 0x6f, 0x75, 0x74, 0x70, 0x75, 0x74, 0x49, 0x6d, //         outputIm
	0x61, 0x67, 0x65, 0x2e, 0x77, 0x72, 0x69, 0x74, 0x65, 0x28, 0x5f, 0x34, 0x33, 0x31, 0x37, 0x2c, // age.write(_4317,
	0x20, 0x75, 0x69, 0x6e, 0x74, 0x32, 0x28, 0x69, 0x6e, 0x74, 0x32, 0x28, 0x69, 0x6e, 0x74, 0x28, //  uint2(int2(int(
	0x5f, 0x31, 0x31, 0x39, 0x39, 0x29, 0x2c, 0x20, 0x69, 0x6e, 0x74, 0x28, 0x5f, 0x31, 0x32, 0x30, // _1199), int(_120
	0x32, 0x29, 0x29, 0x29, 0x29, 0x3b, 0x0a, 0x20, 0x20, 0x20, 0x20, 0x20, 0x20, 0x20, 0x20, 0x62, // 2))));.        b
	0x72, 0x65, 0x61, 0x6b, 0x3b, 0x0a, 0x20, 0x20, 0x20, 0x20, 0x7d, 0x20, 0x77, 0x68, 0x69, 0x6c, // reak;.    } whil
	0x65, 0x28, 0x66, 0x61, 0x6c, 0x73, 0x65, 0x29, 0x3b, 0x0a, 0x7d, 0x0a, 0x0a, 0x00, 0x00, 0x70, // e(false);.}....p
	0x00,                                                                                           // .
};
